celex,articolo_id,article_text,lamf_L1,lamf_L2,lamf_L3,lamf_L4,entropy,dominant_lamf,expert_1_label,expert_1_comment,expert_2_label,expert_2_comment,adjudicated_label,adjudication_comment
dlgs_36_2023,art3,"Art. 3. Principio dell'accesso al mercato
1. Le stazioni appaltanti e gli enti concedenti favoriscono, secondo le modalità indicate dal codice, l'accesso al mercato degli operatori economici nel rispetto dei principi di concorrenza, di imparzialità, di non discriminazione, di pubblicità e trasparenza, di proporzionalità.",100.0,0.0,0.0,0.0,0.0,L1,,,,,,
dlgs_36_2023,art4,"Art. 4. Criterio interpretativo e applicativo
1. Le disposizioni del codice si interpretano e si applicano in base ai principi di cui agli articoli 1, 2 e 3.",100.0,0.0,0.0,0.0,0.0,L1,,,,,,
dlgs_36_2023,art1,"Art. 1. Principio del risultato
1. Le stazioni appaltanti e gli enti concedenti perseguono il risultato dell'affidamento del contratto e della sua esecuzione con la massima tempestività e il migliore rapporto possibile tra qualità e prezzo, nel rispetto dei principi di legalità, trasparenza e concorrenza. 2. La concorrenza tra gli operatori economici è funzionale a conseguire il miglior risultato possibile nell'affidare ed eseguire i contratti. La trasparenza è funzionale alla massima semplicità e celerità nella corretta applicazione delle regole del presente decreto, di seguito denominato «codice» e ne assicura la piena verificabilità. 3. Il principio del risultato costituisce attuazione, nel settore dei contratti pubblici, del principio del buon andamento e dei correlati principi di efficienza, efficacia ed economicità. Esso è perseguito nell'interesse della comunità e per il raggiungimento degli obiettivi dell'Unione europea. 4. Il principio del risultato costituisce criterio prioritario per l'esercizio del potere discrezionale e per l'individuazione della regola del caso concreto, nonché per: a) valutare la responsabilità del personale che svolge funzioni amministrative o tecniche nelle fasi di programmazione, progettazione, affidamento ed esecuzione dei contratti; b) attribuire gli incentivi secondo le modalità previste dalla contrattazione collettiva.",100.0,0.0,0.0,0.0,0.0,L1,,,,,,
dlgs_36_2023,art5,"Art. 5. Principi di buona fede e di tutela dell'affidamento
1. Nella procedura di gara le stazioni appaltanti, gli enti concedenti e gli operatori economici si comportano reciprocamente nel rispetto dei principi di buona fede e di tutela dell'affidamento. 2. Nell'ambito del procedimento di gara, anche prima dell'aggiudicazione, sussiste un affidamento dell'operatore economico sul legittimo esercizio del potere e sulla conformità del comportamento amministrativo al principio di buona fede. 3. In caso di aggiudicazione annullata su ricorso di terzi o in autotutela, l'affidamento non si considera incolpevole se l'illegittimità è agevolmente rilevabile in base alla diligenza professionale richiesta ai concorrenti. Nei casi in cui non spetta l'aggiudicazione, il danno da lesione dell'affidamento è limitato ai pregiudizi economici effettivamente subiti e provati, derivanti dall'interferenza del comportamento scorretto sulle scelte contrattuali dell'operatore economico. 4. Ai fini dell'azione di rivalsa della stazione appaltante o dell'ente concedente condannati al risarcimento del danno a favore del terzo pretermesso, resta ferma la concorrente responsabilità dell'operatore economico che ha conseguito l'aggiudicazione illegittima con un comportamento illecito.",100.0,0.0,0.0,0.0,0.0,L1,,,,,,
dlgs_36_2023,art6,"Art. 6. Principi di solidarietà e di sussidiarietà orizzontale. Rapporti con gli enti del Terzo settore
1. In attuazione dei principi di solidarietà sociale e di sussidiarietà orizzontale, la pubblica amministrazione può apprestare, in relazione ad attività a spiccata valenza sociale, modelli organizzativi di amministrazione condivisa, privi di rapporti sinallagmatici, fondati sulla condivisione della funzione amministrativa con gli enti del Terzo settore di cui al codice del Terzo settore di cui al decreto legislativo 3 luglio 2017, n. 117 , sempre che gli stessi contribuiscano al perseguimento delle finalità sociali in condizioni di pari trattamento, in modo effettivo e trasparente e in base al principio del risultato. Non rientrano nel campo di applicazione del presente codice gli istituti disciplinati dal Titolo VII del codice del Terzo settore, di cui al decreto legislativo n. 117 del 2017 .",100.0,0.0,0.0,0.0,0.0,L1,,,,,,
dlgs_36_2023,art14,"Art. 14. Soglie di rilevanza europea e metodi di calcolo dell'importo stimato degli appalti. Disciplina dei contratti misti
1. Per l'applicazione del codice le soglie di rilevanza europea sono: a) euro 5.382.000 per gli appalti pubblici di lavori e per le concessioni; b) euro 140.000 per gli appalti pubblici di forniture, di servizi e per i concorsi pubblici di progettazione aggiudicati dalle stazioni appaltanti che sono autorità governative centrali indicate nell'allegato I alla direttiva 2014/24/UE del Parlamento europeo e del Consiglio, del 26 febbraio 2014 ; se gli appalti pubblici di forniture sono aggiudicati da stazioni appaltanti operanti nel settore della difesa, questa soglia si applica solo agli appalti concernenti i prodotti menzionati nell'allegato III alla direttiva 2014/24/UE ; c) euro 215.000 per gli appalti pubblici di forniture, di servizi e per i concorsi pubblici di progettazione aggiudicati da stazioni appaltanti sub-centrali; questa soglia si applica anche agli appalti pubblici di forniture aggiudicati dalle autorità governative centrali che operano nel settore della difesa, quando gli appalti concernono prodotti non menzionati nell'allegato III alla direttiva 2014/24/UE ; d) euro 750.000 per gli appalti di servizi sociali e assimilati elencati all'allegato XIV alla direttiva 2014/24/UE . 2. Nei settori speciali le soglie di rilevanza europea sono: a) euro 5.382.000 per gli appalti di lavori; b) euro 431.000 per gli appalti di forniture, di servizi e per i concorsi pubblici di progettazione; c) euro 1.000.000 per i contratti di servizi, per i servizi sociali e assimilati elencati nell'allegato XIV alla direttiva 2014/24/UE . 3. Le soglie di cui al presente articolo sono periodicamente rideterminate con provvedimento della Commissione europea, pubblicato nella Gazzetta ufficiale dell'Unione europea. 4. Il calcolo dell'importo stimato di un appalto pubblico di lavori, servizi e forniture è basato sull'importo totale pagabile, al netto dell'imposta sul valore aggiunto (IVA), valutato dalla stazione appaltante. Il calcolo tiene conto dell'importo massimo stimato, ivi compresa qualsiasi forma di eventuali opzioni o rinnovi del contratto esplicitamente stabiliti nei documenti di gara. Quando la stazione appaltante prevede premi o pagamenti per i candidati o gli offerenti, ne tiene conto nel calcolo dell'importo stimato dell'appalto. 5. Se una stazione appaltante o un ente concedente sono composti da unità operative distinte, il calcolo dell'importo stimato di un appalto o di una concessione tiene conto dell'importo totale stimato per tutte le singole unità operative. Se un'unità operativa distinta è responsabile in modo indipendente del proprio appalto o della propria concessione o di determinate categorie di essi, il relativo importo può essere stimato con riferimento all'importo attribuito dall'unità operativa distinta. 6. La scelta del metodo per il calcolo dell'importo stimato di un appalto o concessione non può essere fatta per evitare l'applicazione delle disposizioni del codice relative alle soglie europee. Un appalto non può essere frazionato per evitare l'applicazione delle norme del codice, tranne nel caso in cui ragioni oggettive lo giustifichino. 7. L'importo stimato dell'appalto o concessione è quantificato al momento dell'invio dell'avviso di indizione di gara o del bando di gara o, nei casi in cui non sia prevista un'indizione di gara, al momento in cui la stazione appaltante o l'ente concedente avvia la procedura di affidamento del contratto. 8. Per gli appalti pubblici di lavori il calcolo dell'importo stimato tiene conto dell'importo dei lavori stessi nonché dell'importo complessivo stimato di tutte le forniture e servizi messi a disposizione dell'aggiudicatario dalla stazione appaltante, a condizione che siano necessari all'esecuzione dei lavori. L'importo delle forniture o dei servizi non necessari all'esecuzione di uno specifico appalto di lavori non può essere aggiunto all'importo dell'appalto di lavori in modo da sottrarre l'acquisto di tali forniture o servizi dall'applicazione delle disposizioni del codice. 9. Per i contratti relativi a lavori e servizi: a) quando un'opera prevista o una prestazione di servizi può dare luogo ad appalti aggiudicati per lotti distinti, è computato l'importo complessivo stimato della totalità di tali lotti; b) quando l'importo cumulato dei lotti è pari o superiore alle soglie di cui ai commi 1 e 2, le disposizioni del codice si applicano all'aggiudicazione di ciascun lotto. 10. Per gli appalti di forniture: a) quando un progetto volto ad ottenere forniture omogenee può dare luogo ad appalti aggiudicati per lotti distinti, nell'applicazione delle soglie di cui ai commi 1 e 2 è computato l'importo complessivo stimato della totalità di tali lotti; b) quando l'importo cumulato dei lotti è pari o superiore alle soglie di cui ai commi 1 e 2, le disposizioni del codice si applicano all'aggiudicazione di ciascun lotto. 11. In deroga a quanto previsto dai commi 9 e 10, le stazioni appaltanti possono aggiudicare l'appalto per singoli lotti ((con le modalità previste per gli affidamenti di cui al Libro II, Parte I)) quando l'importo stimato al netto dell'IVA del lotto sia inferiore a euro 80.000 per le forniture o i servizi, oppure a euro 1.000.000 per i lavori, purché l'importo cumulato dei lotti aggiudicati non superi il 20 per cento dell'importo complessivo di tutti i lotti in cui sono stati frazionati l'opera prevista, il progetto di acquisizione delle forniture omogenee o il progetto di prestazione servizi. 12. Se gli appalti pubblici di forniture o di servizi presentano caratteri di regolarità o sono destinati ad essere rinnovati entro un determinato periodo, è posto come base per il calcolo dell'importo stimato dell'appalto: a) l'importo reale complessivo dei contratti analoghi conclusi nel corso dei dodici mesi precedenti o dell'esercizio precedente, rettificato, ove possibile, al fine di tenere conto dei cambiamenti in termini di quantità o di importo che potrebbero sopravvenire nei dodici mesi successivi al contratto iniziale; b) l'importo stimato complessivo dei contratti aggiudicati nel corso dei dodici mesi successivi alla prima consegna o nel corso dell'esercizio, se questo è superiore ai dodici mesi. 13. Per gli appalti pubblici di forniture aventi per oggetto la locazione finanziaria, la locazione o l'acquisto a riscatto di prodotti, l'importo da assumere come base per il calcolo dell'importo stimato dell'appalto è il seguente: a) per gli appalti pubblici di durata determinata pari o inferiore a dodici mesi, l'importo stimato complessivo per la durata dell'appalto o, se la durata supera i dodici mesi, l'importo complessivo, ivi compreso l'importo stimato di quello residuo; b) per gli appalti pubblici di durata indeterminata o che non può essere definita, l'importo mensile moltiplicato per quarantotto. 14. Per gli appalti pubblici di servizi, l'importo da porre come base per il calcolo dell'importo stimato dell'appalto, a seconda del tipo di servizio, è il seguente: a) per i servizi assicurativi il premio da pagare e altre forme di remunerazione; b) per i servizi bancari e altri servizi finanziari gli onorari, le commissioni da pagare, gli interessi e altre forme di remunerazione; c) per gli appalti riguardanti la progettazione gli onorari, le commissioni da pagare e altre forme di remunerazione; d) per gli appalti pubblici di servizi che non fissano un prezzo complessivo: 1) in caso di appalti di durata determinata pari o inferiore a quarantotto mesi, l'importo complessivo stimato per l'intera loro durata; 2) in caso di appalti di durata indeterminata o superiore a quarantotto mesi, l'importo mensile moltiplicato per 48. 15. Il calcolo dell'importo stimato di un appalto misto di servizi e forniture si fonda sull'importo totale dei servizi e delle forniture, prescindendo dalle rispettive quote. Tale calcolo comprende l'importo delle operazioni di posa e di installazione. 16. Per gli accordi quadro e per i sistemi dinamici di acquisizione, l'importo da prendere in considerazione è l'importo massimo stimato al netto dell'IVA del complesso dei contratti previsti durante l'intera durata degli accordi quadro o del sistema dinamico di acquisizione. 17. Nel caso di partenariati per l'innovazione, l'importo da prendere in considerazione è l'importo massimo stimato, al netto dell'IVA, delle attività di ricerca e sviluppo che si svolgeranno per tutte le fasi del previsto partenariato, nonché delle forniture, dei servizi o dei lavori da mettere a punto e fornire alla fine del partenariato. 18. I contratti che hanno per oggetto due o più tipi di prestazioni sono aggiudicati secondo le disposizioni applicabili al tipo di appalto che ne costituisce l'oggetto principale. L'oggetto principale è determinato in base all'importo stimato più elevato tra quelli delle prestazioni oggetto dell'appalto. L'operatore economico che concorre alla procedura di affidamento di un contratto misto deve possedere i requisiti di qualificazione e capacità prescritti dal codice per ciascuna prestazione di lavori, servizi e forniture prevista dal contratto. 19. Se le diverse parti di un contratto sono oggettivamente separabili, si applicano i commi 20 e 21. Se le diverse parti di un contratto sono oggettivamente non separabili, si applica il comma 23. 20. Nel caso di appalti che per il loro oggetto rientrano solo in parte nel campo di applicazione del codice, le stazioni appaltanti possono scegliere di aggiudicare appalti distinti o di aggiudicare un appalto unico. Se le stazioni appaltanti scelgono di aggiudicare appalti distinti, il regime giuridico applicabile a ciascuno di tali appalti è determinato in base al suo oggetto. 21. I contratti misti che contengono elementi sia di appalti di forniture, lavori e servizi nei settori ordinari sia di concessioni sono aggiudicati in conformità alle disposizioni del codice che disciplinano gli appalti nei settori ordinari, purché l'importo stimato della parte del contratto che costituisce un appalto, calcolato secondo il presente articolo, sia pari o superiore alla soglia pertinente. 22. Nel caso di appalti il cui oggetto rientra in parte nei settori ordinari e in parte nei settori speciali, le disposizioni applicabili sono determinate dai commi seguenti, fatta salva la facoltà di cui al comma 20. 23. Se le diverse parti di un determinato contratto sono oggettivamente non separabili, il regime giuridico applicabile è determinato in base all'oggetto principale del contratto in questione. 24. Nei settori speciali, nel caso di contratti aventi ad oggetto prestazioni strumentali a più attività, le stazioni appaltanti possono scegliere di aggiudicare appalti distinti per ogni attività o di aggiudicare un appalto unico. Se le stazioni appaltanti scelgono di aggiudicare appalti distinti, il regime giuridico applicabile a ciascuno di essi è determinato in base all'attività cui è strumentale. Se le stazioni appaltanti decidono di aggiudicare un appalto unico, si applicano i commi 25 e 26. La decisione di aggiudicare un unico appalto o più appalti distinti non può essere adottata allo scopo di escludere l'appalto o gli appalti dall'ambito di applicazione del codice. 25. A un appalto avente ad oggetto prestazioni strumentali all'esercizio di più attività si applicano le disposizioni relative alla principale attività cui la prestazione è destinata. 26. Nel caso di appalti aventi ad oggetto prestazioni per cui è oggettivamente impossibile stabilire a quale attività esse siano principalmente strumentali, le disposizioni applicabili sono determinate come segue: a) l'appalto è aggiudicato secondo le disposizioni del codice che disciplinano gli appalti nei settori ordinari se una delle attività è disciplinata dalle disposizioni relative all'aggiudicazione degli appalti nei settori ordinari e l'altra dalle disposizioni relative all'aggiudicazione degli appalti nei settori speciali; b) l'appalto è aggiudicato secondo le disposizioni del codice che disciplinano gli appalti nei settori speciali se una delle attività è disciplinata dalle disposizioni relative all'aggiudicazione degli appalti nei settori speciali e l'altra dalle disposizioni relative all'aggiudicazione delle concessioni; c) l'appalto è aggiudicato secondo le disposizioni del codice che disciplinano gli appalti nei settori speciali se una delle attività è disciplinata dalle disposizioni relative all'aggiudicazione degli appalti nei settori speciali e l'altra non è soggetta a tali disposizioni, né a quelle relative all'aggiudicazione degli appalti nei settori ordinari o alle disposizioni relative all'aggiudicazione delle concessioni. 27. Nel caso di contratti misti che contengono elementi di appalti di forniture, lavori e servizi nei settori speciali e di concessioni, il contratto misto è aggiudicato in conformità alle disposizioni del codice che disciplinano gli appalti nei settori speciali, purché l'importo stimato della parte del contratto che costituisce un appalto disciplinato da tali disposizioni, calcolato secondo il presente articolo, sia pari o superiore alla soglia pertinente. 28. Per i contratti misti concernenti aspetti di difesa e sicurezza si applica l'articolo 137. 29. Per i contratti misti di concessione si applica l'articolo 180.",0.0,100.0,0.0,0.0,0.0,L2,,,,,,
dlgs_36_2023,art16,"Art. 16. Conflitto di interessi
1. Si ha conflitto di interessi quando un soggetto che, a qualsiasi titolo, interviene con compiti funzionali nella procedura di aggiudicazione o nella fase di esecuzione degli appalti o delle concessioni e ne può influenzare, in qualsiasi modo, il risultato, gli esiti e la gestione, ha direttamente o indirettamente un interesse finanziario, economico o altro interesse personale che può essere percepito come una minaccia ((...)) alla sua imparzialità e indipendenza nel contesto della procedura di aggiudicazione o nella fase di esecuzione. 2. In coerenza con il principio della fiducia e per preservare la funzionalità dell'azione amministrativa, la percepita minaccia all'imparzialità e indipendenza deve essere provata da chi invoca il conflitto sulla base di presupposti specifici e documentati e deve riferirsi a interessi effettivi, la cui soddisfazione sia conseguibile solo subordinando un interesse all'altro. 3. Il personale che versa nelle ipotesi di cui al comma 1 ne dà comunicazione alla stazione appaltante o all'ente concedente e si astiene dal partecipare alla procedura di aggiudicazione e all'esecuzione. 4. Le stazioni appaltanti adottano misure adeguate per individuare, prevenire e risolvere in modo efficace ogni ipotesi di conflitto di interesse nello svolgimento delle procedure di aggiudicazione ed esecuzione degli appalti e delle concessioni e vigilano affinchè gli adempimenti di cui al comma 3 siano rispettati.",39.81,38.89,0.0,21.3,0.7670502737771613,L1,,,,,,
dlgs_36_2023,art24,"Art. 24. Fascicolo virtuale dell'operatore economico
1. Presso la Banca dati nazionale dei contratti pubblici opera il fascicolo virtuale dell'operatore economico che consente la verifica dell'assenza delle cause di esclusione di cui agli articoli 94 e 95 e dei requisiti di cui all'articolo 103 per i soggetti esecutori di lavori pubblici, nonché dei dati e dei documenti relativi ai requisiti di cui all'articolo 100 che l'operatore economico inserisce. 2. Il fascicolo virtuale dell'operatore economico è utilizzato per la partecipazione alle procedure di affidamento disciplinate dal codice. I dati e i documenti contenuti nel fascicolo virtuale dell'operatore economico, nei termini di efficacia di ciascuno di essi, sono aggiornati automaticamente mediante interoperabilità e sono utilizzati in tutte le procedure di affidamento cui l'operatore partecipa. 3. Le amministrazioni competenti al rilascio delle certificazioni o delle informazioni di cui agli articoli 94 e 95 garantiscono alla Banca dati nazionale dei contratti pubblici, attraverso la piattaforma di cui all'articolo 50;ter del codice dell'amministrazione digitale , di cui al decreto legislativo 7 marzo 2005, n. 82 e l'accesso per interoperabilità alle proprie banche dati, ai sensi dell'articolo 23, comma 3, del presente codice, la disponibilità in tempo reale delle informazioni e delle certificazioni digitali necessarie ad assicurare l'intero ciclo di vita digitale di contratti pubblici. ((Alle regole e agli obblighi di interoperabilità, previsti ai sensi dell'articolo 23, comma 3, non possono essere opposte le disposizioni che regolamentano le singole banche dati che alimentano la Banca dati nazionale dei contratti pubblici.)) La violazione dell'obbligo di cui al primo periodo è punita ai sensi dell'articolo 23, comma 8. L'ANAC garantisce l'accessibilità al fascicolo virtuale dell'operatore economico alle stazioni appaltanti e agli enti concedenti, agli operatori economici e agli organismi di attestazione di cui all'articolo 100, comma 4, limitatamente ai dati di rispettiva competenza. L'ANAC può predisporre elenchi aggiornati di operatori economici già accertati secondo quanto previsto dal comma 1 e le modalità per l'utilizzo degli accertamenti per procedure di affidamento diverse. 4. Per le finalità di cui al comma 1, l'ANAC individua, con proprio provvedimento, adottato d'intesa con il Ministero delle infrastrutture e dei trasporti e con l'AGID entro sessanta giorni dalla data di entrata in vigore del codice le tipologie di dati da inserire nel fascicolo virtuale dell'operatore economico, concernenti la partecipazione alle procedure di affidamento e il loro esito, in relazione ai quali è obbligatoria la verifica attraverso la Banca dati nazionale dei contratti pubblici.",47.62,27.32,0.0,25.06,0.7607306847923601,L1,,,,,,
dlgs_36_2023,art29,"Art. 29. Regole applicabili alle comunicazioni
1. Tutte le comunicazioni e gli scambi di informazioni di cui al codice sono eseguiti, in conformità con quanto disposto dal codice dell'amministrazione digitale di cui al decreto legislativo 7 marzo 2005, n. 82 , tramite le piattaforme dell'ecosistema nazionale di cui all'articolo 22 del presente codice e, per quanto non previsto dalle predette piattaforme, mediante l'utilizzo del domicilio digitale ovvero, per le comunicazioni tra pubbliche amministrazioni, ai sensi dell' articolo 47 del codice dell'amministrazione digitale , di cui al decreto legislativo n. 82 del 2005 .",0.0,100.0,0.0,0.0,0.0,L2,,,,,,
dlgs_36_2023,art28,"Art. 28. Trasparenza dei contratti pubblici
1. Le informazioni e i dati relativi alla programmazione di lavori, servizi e forniture, nonché alle procedure del ciclo di vita dei contratti pubblici, ove non considerati riservati ai sensi dell'articolo 35 ovvero secretati ai sensi dell'articolo 139, sono trasmessi tempestivamente alla Banca dati nazionale dei contratti pubblici attraverso le piattaforme digitali di cui all'articolo 25. 2. Le stazioni appaltanti e gli enti concedenti assicurano il collegamento tra la sezione «Amministrazione trasparente» del sito istituzionale e la Banca dati nazionale dei contratti pubblici, secondo le disposizioni di cui al decreto legislativo 14 marzo 2013, n. 33 . Sono pubblicati nella sezione di cui al primo periodo la composizione della commissione giudicatrice e i curricula dei suoi componenti, nonché i resoconti della gestione finanziaria dei contratti al termine della loro esecuzione. 3. Per la trasparenza dei contratti pubblici fanno fede i dati trasmessi alla Banca dati nazionale dei contratti pubblici presso l'ANAC, la quale assicura la tempestiva pubblicazione sul proprio portale dei dati ricevuti, anche attraverso la piattaforma unica della trasparenza, e la periodica pubblicazione degli stessi in formato aperto. In particolare, sono pubblicati la struttura proponente, l'oggetto del bando, l'elenco degli operatori invitati a presentare offerte, l'aggiudicatario, l'importo di aggiudicazione, i tempi di completamento dei lavori, servizi o forniture e l'importo delle somme liquidate. 4. L'ANAC, entro sessanta giorni dalla data di entrata in vigore del codice, individua con proprio provvedimento le informazioni, i dati e le relative modalità di trasmissione per l'attuazione del presente articolo.",0.0,100.0,0.0,0.0,0.0,L2,,,,,,
dlgs_36_2023,art30,"Art. 30. Uso di procedure automatizzate nel ciclo di vita dei contratti pubblici
1. Per migliorare l'efficienza le stazioni appaltanti e gli enti concedenti provvedono, ove possibile, ad automatizzare le proprie attività ricorrendo a soluzioni tecnologiche, ivi incluse l'intelligenza artificiale e le tecnologie di registri distribuiti, nel rispetto delle specifiche disposizioni in materia. 2. Nell'acquisto o sviluppo delle soluzioni di cui al comma 1 le stazioni appaltanti e gli enti concedenti: a) assicurano la disponibilità del codice sorgente, della relativa documentazione, nonché di ogni altro elemento utile a comprenderne le logiche di funzionamento; b) introducono negli atti di indizione delle gare clausole volte ad assicurare le prestazioni di assistenza e manutenzione necessarie alla correzione degli errori e degli effetti indesiderati derivanti dall'automazione. 3. Le decisioni assunte mediante automazione rispettano i principi di: a) conoscibilità e comprensibilità, per cui ogni operatore economico ha diritto a conoscere l'esistenza di processi decisionali automatizzati che lo riguardino e, in tal caso, a ricevere informazioni significative sulla logica utilizzata; b) non esclusività della decisione algoritmica, per cui comunque esiste nel processo decisionale un contributo umano capace di controllare, validare ovvero smentire la decisione automatizzata; c) non discriminazione algoritmica, per cui il titolare mette in atto misure tecniche e organizzative adeguate al fine di impedire effetti discriminatori nei confronti degli operatori economici. 4. Le stazioni appaltanti e gli enti concedenti adottano ogni misura tecnica e organizzativa atta a garantire che siano rettificati i fattori che comportano inesattezze dei dati e sia minimizzato il rischio di errori, nonché a impedire effetti discriminatori nei confronti di persone fisiche sulla base della nazionalità, dell'origine etnica, delle opinioni politiche, della religione, delle convinzioni personali, dell'appartenenza sindacale, dei caratteri somatici, dello status genetico, dello stato di salute, del genere o dell'orientamento sessuale. 5. Le pubbliche amministrazioni pubblicano sul sito istituzionale, nella sezione «Amministrazione trasparente», l'elenco delle soluzioni tecnologiche di cui al comma 1 utilizzate ai fini dello svolgimento della propria attività.",0.0,100.0,0.0,0.0,0.0,L2,,,,,,
dlgs_36_2023,art34,"Art. 34. Cataloghi elettronici
1. Le stazioni appaltanti e gli enti concedenti possono chiedere che le offerte siano presentate sotto forma di catalogo elettronico o che includano un catalogo elettronico. Le offerte presentate sotto forma di catalogo elettronico possono essere corredate di altri documenti, a completamento dell'offerta. 2. I cataloghi elettronici sono predisposti dai candidati o dagli offerenti per la partecipazione a una determinata procedura di appalto in conformità alle specifiche tecniche e al formato stabiliti dalle stazioni appaltanti. 3. Quando la presentazione delle offerte sotto forma di cataloghi elettronici è accettata o richiesta, le stazioni appaltanti e gli enti concedenti: a) nei settori ordinari, lo indicano nel bando di gara o nell'invito a confermare interesse, quando il mezzo di indizione di gara è un avviso di pre-informazione; nei settori speciali, lo indicano nel bando di gara, nell'invito a confermare interesse, o, quando il mezzo di indizione di gara è un avviso sull'esistenza di un sistema di qualificazione, nell'invito a presentare offerte o a negoziare; b) indicano nei documenti di gara tutte le informazioni relative al formato, al dispositivo elettronico utilizzato nonché alle modalità e alle specifiche tecniche per il catalogo. 4. Quando un accordo quadro è concluso con più operatori economici dopo la presentazione delle offerte sotto forma di cataloghi elettronici, le stazioni appaltanti e gli enti concedenti possono prevedere che la riapertura del confronto competitivo per i contratti specifici avvenga sulla base di cataloghi aggiornati. In tal caso, le stazioni appaltanti e gli enti concedenti utilizzano, alternativamente, uno dei seguenti metodi: a) invitano gli offerenti a ripresentare i loro cataloghi elettronici, adattati alle esigenze del contratto in questione; b) comunicano agli offerenti che intendono avvalersi delle informazioni raccolte dai cataloghi elettronici già presentati per costituire offerte adeguate ai requisiti del contratto in questione, a condizione che il ricorso a questa possibilità sia stato previsto nei documenti di gara relativi all'accordo quadro. 5. Le stazioni appaltanti e gli enti concedenti, in caso di riapertura del confronto competitivo per i contratti specifici in conformità al comma 4, lettera b), indicano agli offerenti la data e l'ora in cui intendono procedere alla raccolta delle informazioni necessarie per costituire offerte adattate ai requisiti del contratto specifico e danno agli offerenti la possibilità di rifiutare tale raccolta di informazioni. Le stazioni appaltanti e gli enti concedenti prevedono un adeguato periodo di tempo tra la notifica e l'effettiva raccolta di informazioni. Prima dell'aggiudicazione dell'appalto, le stazioni appaltanti e gli enti concedenti presentano le informazioni raccolte all'offerente interessato, in modo da offrire la possibilità di contestare o confermare che l'offerta così costituita non contiene errori materiali. 6. Le stazioni appaltanti e gli enti concedenti possono aggiudicare appalti basati su un sistema dinamico di acquisizione richiedendo che le offerte per un appalto specifico siano presentate sotto forma di catalogo elettronico. Le stazioni appaltanti e gli enti concedenti possono, inoltre, aggiudicare appalti basati su un sistema dinamico di acquisizione conformemente al comma 4, lettera b), e al comma 5, a condizione che la domanda di partecipazione al sistema dinamico di acquisizione sia accompagnata da un catalogo elettronico in conformità con le specifiche tecniche e il formato stabilito dalla stazione appaltante o dall'ente concedente. Tale catalogo è completato dai candidati, qualora sia stata comunicata l'intenzione della stazione appaltante o dell'ente concedente di costituire offerte attraverso la procedura di cui al comma 4, lettera b).",0.0,100.0,0.0,0.0,0.0,L2,,,,,,
dlgs_36_2023,art63,"Art. 63. Qualificazione delle stazioni appaltanti e delle centrali di committenza
1. Fermo restando quanto stabilito dall'articolo 62, è istituito presso l'ANAC, che ne assicura la gestione e la pubblicità, un elenco delle stazioni appaltanti qualificate di cui fanno parte, in una specifica sezione, anche le centrali di committenza, ivi compresi i soggetti aggregatori. Ciascuna stazione appaltante o centrale di committenza che soddisfi i requisiti di cui all'allegato II.4 consegue la qualificazione ed è iscritta nell'elenco di cui al primo periodo. 2. La qualificazione per la progettazione ((, l'affidamento e l'esecuzione)) si articola in tre fasce di importo: a) qualificazione base o di primo livello, per servizi e forniture fino alla soglia di 750.000 euro e per lavori fino a 1 milione di euro; b) qualificazione intermedia o di secondo livello, per servizi e forniture fino a 5 milioni di euro e per lavori fino alla soglia di cui all'articolo 14; c) qualificazione avanzata o di terzo livello, senza limiti di importo. 3. Ogni stazione appaltante o centrale di committenza può effettuare le procedure corrispondenti al livello di qualificazione posseduto e a quelli inferiori. Per i livelli superiori si applica il comma 6 dell'articolo 62. 4. Sono iscritti di diritto nell'elenco di cui al comma 1 il Ministero delle infrastrutture e dei trasporti, compresi i Provveditorati interregionali per le opere pubbliche, Consip S.p.a., Invitalia -Agenzia nazionale per l'attrazione degli investimenti e lo sviluppo d'impresa S.p.a., Difesa servizi S.p.A., l'Agenzia del demanio, i soggetti aggregatori di cui all' articolo 9 del decreto-legge 24 aprile 2014, n. 66 , convertito, con modificazioni, dalla legge 23 giugno 2014, n. 89 , Sport e salute S.p.a. e le Soprintendenze Archeologia, belle arti e paesaggio con competenza sul territorio del capoluogo di regione. In sede di prima applicazione le stazioni appaltanti delle unioni di comuni, costituite nelle forme prevista dall'ordinamento, delle provincie e delle città metropolitane, dei comuni capoluogo di provincia e delle regioni sono iscritte con riserva nell'elenco di cui all'articolo 63, comma 1, primo periodo. Eventuali ulteriori iscrizioni di diritto possono essere disposte con decreto del Presidente del Consiglio dei ministri, sentita l'ANAC, previa intesa in sede della Conferenza unificata. 5. La qualificazione ha ad oggetto le attività che caratterizzano il processo di acquisizione di un bene, servizio o lavoro in relazione ai seguenti ambiti e riguarda: a) la capacità di progettazione tecnico-amministrativa delle procedure; b) la capacità di affidamento e controllo dell'intera procedura; c) la capacità di verifica sull'esecuzione contrattuale, ivi incluso il collaudo e la messa in opera. 6. ((Le stazioni appaltanti e le centrali di committenza possono essere qualificate anche solo per la progettazione e l'affidamento di lavori oppure per la progettazione e l'affidamento di servizi e forniture o, alle condizioni indicate nell'Allegato II.4, per la sola esecuzione di lavori o di servizi e forniture.)) 6-bis. ((Le stazioni appaltanti qualificate che svolgono attività di committenza per altre stazioni appaltanti e le centrali di committenza qualificate programmano la loro attività nel rispetto del principio di leale collaborazione.)) 7. I requisiti di qualificazione per la progettazione e l'affidamento sono disciplinati dall'allegato II.4 e attengono: a) all'organizzazione della funzione di spesa e ai processi; b) alla consistenza, esperienza e competenza delle risorse umane, ivi incluso il sistema di reclutamento e la adeguata formazione del personale; c) all'esperienza maturata nell'attività di progettazione, affidamento ed esecuzione di contratti, ivi compreso l'eventuale utilizzo di metodi e strumenti di gestione informativa delle costruzioni. 8. ((I requisiti di qualificazione per l'esecuzione sono indicati separatamente nell'allegato II.4.)) 9. Le amministrazioni la cui organizzazione prevede articolazioni, anche territoriali, verificano la sussistenza dei requisiti di cui al comma 7 in capo alle medesime strutture e ne danno comunicazione all'ANAC per la qualificazione. 10. ((In relazione al comma 7, lettera b), e alla formazione del personale propedeutico alla qualificazione per l'esecuzione, la Scuola nazionale dell'amministrazione definisce i requisiti e le modalità per l'accreditamento dei soggetti pubblici o privati, che svolgono attività formative, procedendo alla verifica, anche a campione, della sussistenza dei requisiti stessi e provvede alle conseguenti attività di accreditamento nonché alla revoca dello stesso nei casi di accertata carenza dei requisiti.)) 11. In nessun caso i soggetti interessati possono comprovare il possesso dei requisiti di qualificazione ricorrendo ad artifizi tali da eluderne la funzione. L'ANAC, per accertati casi di gravi violazioni delle disposizioni di cui al presente articolo, può irrogare una sanzione entro il limite minimo di euro 500 euro e il limite massimo di euro 1 milione e, nei casi più gravi, disporre la sospensione della qualificazione precedentemente ottenuta. Costituiscono gravi violazioni le dichiarazioni dolosamente tese a dimostrare il possesso di requisiti di qualificazione non sussistenti, ivi comprese, in particolare: a) per le centrali di committenza, la dichiarata presenza di un'organizzazione stabile nella quale il personale continui di fatto a operare per l'amministrazione di provenienza; b) per le stazioni appaltanti e le centrali di committenza, la dichiarata presenza di personale addetto alla struttura organizzativa stabile, che sia di fatto impegnato in altre attività; c) la mancata comunicazione all'ANAC della perdita dei requisiti. 12. Se la qualificazione viene meno o è sospesa, le procedure in corso sono comunque portate a compimento. 13. L'ANAC stabilisce i requisiti e le modalità attuative del sistema di qualificazione di cui all'allegato II.4, rilasciando la qualificazione medesima. L'ANAC può stabilire ulteriori casi in cui può essere disposta la qualificazione con riserva, finalizzata a consentire alla stazione appaltante e alla centrale di committenza, anche per le attività ausiliarie, di acquisire la capacità tecnica ed organizzativa richiesta.",37.29,45.98,0.0,16.72,0.7387634790658741,L2,,,,,,
dlgs_36_2023,art178,"Art. 178. Durata della concessione
1. La durata delle concessioni è limitata ed è determinata dall'ente concedente in funzione dei lavori o servizi richiesti al concessionario. 2. Per le concessioni ultraquinquennali, la durata massima della concessione non supera il periodo di tempo in cui si può ragionevolmente prevedere che il concessionario recuperi gli investimenti effettuati nell'esecuzione dei lavori o dei servizi, insieme con un ritorno sul capitale investito, tenuto conto degli investimenti necessari per conseguire gli obiettivi contrattuali specifici assunti dal concessionario per rispondere alle esigenze riguardanti, ad esempio, la qualità o il prezzo per gli utenti ovvero il perseguimento di elevati standard di sostenibilità ambientale. 3. Gli investimenti presi in considerazione ai fini del calcolo comprendono sia quelli iniziali sia quelli in corso di concessione. 4. La durata massima della concessione deve essere indicata nei documenti di gara, a meno che essa non sia utilizzata come criterio di aggiudicazione del contratto. 5. La durata dei contratti di concessione non è prorogabile, salvo per la revisione di cui all'articolo 192, comma 1. I contratti aggiudicati senza gara di cui all'articolo 186, comma 2, non sono in nessun caso prorogabili. Al termine della concessione, per il tempo strettamente necessario all'espletamento delle procedure di selezione del concessionario, la gestione delle tratte autostradali è affidata al Ministero delle infrastrutture e dei trasporti che, in relazione alla specificità della tratta autostradale, per garantire adeguati standard di sicurezza e viabilità, valuta il modello più idoneo della gestione transitoria anche in relazione alle condizioni economiche.",25.3,50.6,0.0,24.1,0.7468429135547998,L2,,,,,,
dlgs_36_2023,art175,"Art. 175. Programmazione, valutazione preliminare, controllo e monitoraggio
1. Le pubbliche amministrazioni adottano il programma triennale delle esigenze pubbliche idonee a essere soddisfatte attraverso forme di partenariato pubblico-privato. 2. Il ricorso al partenariato pubblico-privato è preceduto da una valutazione preliminare di convenienza e fattibilità. La valutazione si incentra sull'idoneità del progetto a essere finanziato con risorse private, sulle condizioni necessarie a ottimizzare il rapporto tra costi e benefici, sulla efficiente allocazione del rischio operativo, sulla capacità di generare soluzioni innovative, nonché sulla capacità di indebitamento dell'ente e sulla disponibilità di risorse sul bilancio pluriennale. A tal fine, la valutazione confronta la stima dei costi e dei benefici del progetto di partenariato, nell'arco dell'intera durata del rapporto, con quella del ricorso alternativo al contratto di appalto per un arco temporale equivalente. 3. ((Nei casi di progetti di interesse statale oppure di progetti finanziati con contributo a carico dello Stato, per i quali non sia già previsto che si esprima il CIPESS, gli enti concedenti interessati a sviluppare i progetti secondo la formula del partenariato pubblico-privato, il cui ammontare dei lavori o dei servizi sia di importo pari o superiore a 50 milioni di euro, richiedono parere non vincolante ai fini della valutazione preliminare di cui al comma 2, al Nucleo di consulenza per l'attuazione delle linee guida per la regolazione dei servizi di pubblica utilità (NARS), inviando contestualmente la documentazione anche al Ministero dell'economia e delle finanze - Dipartimento della Ragioneria generale dello Stato. Il Nars, previa acquisizione delle valutazioni del Dipartimento della Ragioneria generale dello Stato che devono essere espresse entro 25 giorni dalla richiesta, si pronuncia entro i successivi 20 giorni. Qualora l'ente concedente intenda discostarsi dal parere reso, è tenuto a darne adeguata motivazione, dando conto delle ragioni della decisione e indicando, in particolare, la modalità di contabilizzazione adottata. Il suddetto parere deve essere chiesto prima della pubblicazione del bando di gara in caso di progetto a iniziativa pubblica ovvero prima della dichiarazione di fattibilità in caso di progetto a iniziativa privata. Il Presidente del Consiglio dei ministri, dopo la valutazione preliminare, può sottoporre lo schema di contratto ai pareri del Consiglio superiore dei lavori pubblici e del Consiglio di Stato, anche per la valutazione di profili diversi da quello della convenienza.)) 4. ((COMMA SOPPRESSO DAL D.LGS. 31 DICEMBRE 2024, N. 209 )) . 5. L'ente concedente, sentito l'operatore economico, affida al RUP nominato ai sensi dell'articolo 15 le funzioni di responsabile unico del progetto di partenariato. Il responsabile coordina e controlla, sotto il profilo tecnico e contabile, l'esecuzione del contratto, verificando costantemente il rispetto dei livelli di qualità e quantità delle prestazioni. 6. L'ente concedente esercita il controllo sull'attività dell'operatore economico, verificando in particolare la permanenza in capo all'operatore economico del rischio operativo trasferito. L'operatore economico fornisce tutte le informazioni necessarie allo scopo, con le modalità stabilite nel contratto. 7. Il monitoraggio dei partenariati pubblici privati è affidato alla Presidenza del Consiglio dei ministri -Dipartimento per la programmazione e il coordinamento della politica economica (( (DIPE) )) e al Ministero dell'economia e delle finanze -Dipartimento della Ragioneria generale dello Stato, che lo esercitano tramite l'accesso al portale sul monitoraggio dei contratti di partenariato pubblico privato istituito presso la Ragioneria generale dello Stato mediante il quale gli enti concedenti sono tenuti a trasmettere le informazioni sui contratti stipulati ((che prevedono la realizzazione di opere o lavori, quale condizione di efficacia)) . Gli enti concedenti sono tenuti altresì a dare evidenza dei contratti di partenariato pubblico privato stipulati mediante apposito allegato al bilancio d'esercizio con l'indicazione del codice unico di progetto (CUP) e del codice identificativo di gara (CIG), del valore complessivo del contratto, della durata, dell'importo del contributo pubblico e dell'importo dell'investimento a carico del privato. 8. Sul portale di cui al comma 7 sono pubblicati e aggiornati periodicamente le migliori prassi in materia di forme e caratteristiche tecniche di finanziamento di partenariato pubblico-privato più ricorrenti sul mercato. 9. Ai soli fini di contabilità pubblica, si applicano i contenuti delle decisioni Eurostat a cui sono tenute le pubbliche amministrazioni di cui all' articolo 1, commi 2 e 3, della legge 31 dicembre 2009, n. 196 . 9-bis. ((Il DIPE, di concerto con l'ANAC e con il Ministero dell'economia e delle finanze - Dipartimento della Ragioneria generale dello Stato, approva contratti-tipo in materia di partenariato pubblico-privato, con riferimento ai contratti di cui alle Parti II, III, IV e V del presente Libro.))",9.44,45.83,16.39,28.33,0.8902383408737354,L2,,,,,,
dlgs_36_2023,art206,"Art. 206. Controlli sull'esecuzione e collaudo
1. Il collaudo delle infrastrutture è effettuato nei modi e nei termini previsti dalle norme in tema di appalti di lavori. 2. Per le infrastrutture di grande rilevanza o complessità l'ente concedente può autorizzare le commissioni di collaudo ad avvalersi dei servizi di supporto e di indagine di soggetti specializzati nel settore. Gli oneri relativi sono a carico dei fondi a disposizione dell'ente concedente per la realizzazione delle predette infrastrutture con le modalità e i limiti stabiliti con decreto del Ministro delle infrastrutture e dei trasporti, di concerto con il Ministro dell'economia e delle finanze, da adottare entro sei mesi dalla data di entrata in vigore del codice. L'affidatario del supporto al collaudo non può avere rapporti di collegamento con chi ha progettato, diretto, eseguito o controllato in tutto o in parte il compimento della infrastruttura.",0.0,0.0,0.0,100.0,0.0,L4,,,,,,
dlgs_36_2023,art209,"Art. 209. Modifiche al codice del processo amministrativo di cui all'allegato 1 al decreto legislativo 2 luglio 2010, n. 104
1 . Al codice del processo amministrativo , di cui all'allegato 1 al decreto legislativo 2 luglio 2010, n. 104 , sono apportate le seguenti modificazioni: a) l'articolo 120 è sostituito dal seguente: «Art. 120 - (Disposizioni specifiche ai giudizi di cui all'articolo 119, comma 1, lettera a)) - 1. Gli atti delle procedure di affidamento e di concessione disciplinate dal codice dei contratti pubblici , di cui al decreto legislativo di attuazione della legge 21 giugno 2022, n. 78 , comprese le procedure di affidamento di incarichi e concorsi di progettazione e di attività tecnico-amministrative a esse connesse, i quali siano relativi a pubblici lavori, servizi o forniture, nonché i provvedimenti dell'Autorità nazionale anticorruzione in materia di contratti pubblici, sono impugnabili unicamente mediante ricorso al tribunale amministrativo regionale competente. In tutti gli atti di parte e in tutti i provvedimenti del giudice è indicato il codice identificativo di gara (CIG); nel caso di mancata indicazione il giudice procede in ogni caso e anche d'ufficio, su segnalazione della segreteria, ai sensi dell'articolo 86, comma 1. 2. Per l'impugnazione degli atti di cui al presente articolo il ricorso, principale o incidentale, e i motivi aggiunti, anche avverso atti diversi da quelli già impugnati, sono proposti nel termine di trenta giorni. Il termine decorre, per il ricorso principale e per i motivi aggiunti, dalla ricezione della comunicazione di cui all' articolo 90 del codice dei contratti pubblici , di cui al decreto legislativo di attuazione della legge n. 78 del 2022 oppure dal momento in cui gli atti sono messi a disposizione ai sensi dell'articolo 36, commi 1 e 2, del medesimo codice. Per i bandi e gli avvisi con cui si indice una gara che siano autonomamente lesivi, il termine decorre dalla pubblicazione di cui agli articoli 84 e 85 del codice dei contratti pubblici , di cui al decreto legislativo di attuazione della legge n. 78 del 2022 . Il ricorso incidentale è disciplinato dall'articolo 42. 3. Nel caso in cui sia mancata la pubblicità del bando, il ricorso è comunque proposto entro trenta giorni dalla data di pubblicazione dell'avviso di aggiudicazione o della determinazione di procedere all'affidamento in house al soggetto partecipato o controllato. Per la decorrenza del termine l'avviso deve contenere la motivazione dell'atto di aggiudicazione e della scelta di affidare il contratto senza pubblicazione del bando e l'indicazione del sito dove sono visionabili gli atti e i documenti presupposti. Se sono omessi gli avvisi o le informazioni di cui al presente comma oppure se essi non sono conformi alle prescrizioni ivi indicate, il ricorso può essere proposto non oltre sei mesi dal giorno successivo alla data di stipulazione del contratto comunicata ai sensi del codice dei contratti pubblici , di cui al decreto legislativo di attuazione della legge n. 78 del 2022 . 4. Se la stazione appaltante o l'ente concedente è rappresentato dall'Avvocatura dello Stato, il ricorso è notificato anche presso la sede dell'Amministrazione, ai soli fini della operatività della sospensione obbligatoria del termine per la stipulazione del contratto. 5. Se le parti richiedono congiuntamente di limitare la decisione all'esame di un'unica questione, nonché in ogni altro caso compatibilmente con le esigenze di difesa di tutte le parti in relazione alla complessità della causa, il giudizio è di norma definito, anche in deroga al comma 1, primo periodo, dell'articolo 74, in esito all'udienza cautelare ai sensi dell'articolo 60, ove ne ricorrano i presupposti, e, in mancanza, è comunque definito con sentenza in forma semplificata a una udienza fissata d'ufficio, da tenersi entro quarantacinque giorni dalla scadenza del termine per la costituzione delle parti diverse dal ricorrente e nel rispetto dei termini per il deposito dei documenti e delle memorie. Della data di udienza è dato immediato avviso alle parti a cura della segreteria, a mezzo posta elettronica certificata. In caso di esigenze istruttorie o quando è necessario integrare il contraddittorio o assicurare il rispetto di termini a difesa, la definizione del merito è rinviata, con l'ordinanza che dispone gli adempimenti istruttori o l'integrazione del contraddittorio o dispone il rinvio per l'esigenza di rispetto dei termini a difesa, a una udienza da tenersi non oltre trenta giorni. 6. In caso di istanza cautelare, all'esito dell'udienza in camera di consiglio e anche in caso di rigetto dell'istanza, il giudice provvede ai necessari approfondimenti istruttori. 7. I nuovi atti attinenti alla medesima procedura di gara sono impugnati con ricorso per motivi aggiunti, senza pagamento del contributo unificato. 8. Salvo quanto previsto dal presente articolo e dagli articoli da 121 a 125, si applica l'articolo 119. 9. Anche se dalla decisione sulla domanda cautelare non derivino effetti irreversibili, il collegio può subordinare la concessione o il diniego della misura cautelare alla prestazione, anche mediante fideiussione, di una cauzione di importo commisurato al valore dell'appalto e comunque non superiore allo 0,5 per cento di tale valore. La durata della misura subordinata alla cauzione è indicata nell'ordinanza. Resta fermo quanto stabilito dal comma 3 dell'articolo 119. 10. Nella decisione cautelare il giudice tiene conto di quanto previsto dagli articoli 121, comma 1, e 122, e delle esigenze imperative connesse a un interesse generale all'esecuzione del contratto, dandone conto nella motivazione. 11. Il giudice deposita la sentenza con la quale definisce il giudizio entro quindici giorni dall'udienza di discussione. Quando la stesura della motivazione è particolarmente complessa, il giudice pubblica il dispositivo nel termine di cui al primo periodo, indicando anche le domande eventualmente accolte e le misure per darvi attuazione, e comunque deposita la sentenza entro trenta giorni dall'udienza. 12. Le disposizioni dei commi 1, secondo periodo, 5, 6, 8, 9, 10 e 11 si applicano anche innanzi al Consiglio di Stato nel giudizio di appello proposto avverso la sentenza o avverso l'ordinanza cautelare, e nei giudizi di revocazione o opposizione di terzo. La parte può proporre appello avverso il dispositivo per ottenerne la sospensione prima della pubblicazione della sentenza. 13. Nel caso di presentazione di offerte per più lotti l'impugnazione si propone con ricorso cumulativo solo se sono dedotti identici motivi di ricorso avverso lo stesso atto.»; b) l'articolo 121 è sostituito dal seguente: «Art. 121 - (Inefficacia del contratto nei casi di gravi violazioni) - 1. Il giudice che annulla l'aggiudicazione o gli affidamenti senza bando di cui al comma 2 dell'articolo 120 dichiara l'inefficacia del contratto nei seguenti casi: a) se l'aggiudicazione è avvenuta senza pubblicazione del bando o avviso con cui si indice una gara ((...)) quando tale pubblicazione è prescritta dal codice dei contratti pubblici , di cui al decreto legislativo di attuazione della legge n. 78 del 2022 ; b) se l'aggiudicazione è avvenuta con procedura negoziata senza bando o con affidamento in economia fuori dai casi consentiti e questo abbia determinato l'omissione della pubblicità del bando o avviso con cui si indice una gara ((...)) quando tale pubblicazione è prescritta dal codice dei contratti pubblici , di cui al decreto legislativo di attuazione della legge n. 78 del 2022 ; c) se il contratto è stato stipulato senza rispettare il termine dilatorio stabilito dall' articolo 18 del codice dei contratti pubblici , di cui al decreto legislativo di attuazione della legge n. 78 del 2022 , qualora tale violazione abbia impedito al ricorrente di avvalersi di mezzi di ricorso prima della stipulazione del contratto e sempre che tale violazione, aggiungendosi a vizi propri dell'aggiudicazione, abbia influito sulle possibilità del ricorrente di ottenere l'affidamento; d) se il contratto è stato stipulato senza rispettare la sospensione obbligatoria del termine per la stipulazione derivante dalla proposizione del ricorso giurisdizionale avverso l'aggiudicazione, ai sensi dell' articolo 18, comma 4, del codice dei contratti pubblici , di cui al decreto legislativo di attuazione della legge n. 78 del 2022 , qualora tale violazione, aggiungendosi a vizi propri dell'aggiudicazione, abbia influito sulle possibilità del ricorrente di ottenere l'affidamento. 2. Il giudice precisa, in funzione delle deduzioni delle parti e della valutazione della gravità della condotta della stazione appaltante o dell'ente concedente e della situazione di fatto, se la declaratoria di inefficacia è limitata alle prestazioni ancora da eseguire alla data della pubblicazione del dispositivo o se essa opera in via retroattiva. 3. Il contratto resta efficace, anche in presenza delle violazioni di cui al comma 1, qualora venga accertato che il rispetto di esigenze imperative connesse a un interesse generale imponga che i suoi effetti siano mantenuti. Tra le esigenze imperative rientrano, fra l'altro, quelle imprescindibili di carattere tecnico o di altro tipo, tali da rendere evidente che i residui obblighi contrattuali possono essere rispettati solo dall'esecutore attuale. Gli interessi economici sono presi in considerazione come esigenze imperative solo quando l'inefficacia del contratto condurrebbe a conseguenze sproporzionate, avuto anche riguardo all'eventuale mancata proposizione della domanda di subentro nel contratto nei casi in cui il vizio dell'aggiudicazione non comporta l'obbligo di rinnovare la gara. Non costituiscono esigenze imperative gli interessi economici legati direttamente al contratto, che comprendono fra l'altro i costi derivanti dal ritardo nell'esecuzione del contratto stesso, dalla necessità di indire una nuova procedura di aggiudicazione, dal cambio dell'operatore economico e dagli obblighi di legge risultanti dalla dichiarazione di inefficacia. 4. A cura della segreteria, le sentenze che provvedono in applicazione del comma 3 sono trasmesse alla Presidenza del Consiglio dei ministri -Dipartimento per le politiche europee. 5. Quando, nonostante le violazioni, il contratto è considerato efficace o l'inefficacia è temporalmente limitata, si applicano le sanzioni alternative di cui all'articolo 123. 6. La inefficacia del contratto prevista dal comma 1, lettere a) e b), non si applica quando la stazione appaltante o l'ente concedente ha seguito la seguente procedura: a) con atto motivato anteriore all'avvio della procedura di affidamento ha dichiarato che la procedura senza pubblicazione del bando o avviso con cui si indice una gara ((...)) è consentita dal codice dei contratti pubblici , di cui al decreto legislativo di attuazione della legge n. 78 del 2022 ; b) rispettivamente per i contratti di rilevanza europea e per quelli sotto soglia, ha pubblicato nella Gazzetta ufficiale dell'Unione europea oppure nella Gazzetta Ufficiale della Repubblica italiana un avviso volontario per la trasparenza preventiva ai sensi dell' articolo 86 del codice dei contratti pubblici , di cui al decreto legislativo di attuazione della legge n. 78 del 2022 , in cui manifesta l'intenzione di concludere il contratto; ((9)) c) il contratto non è stato concluso prima dello scadere di un termine di almeno dieci giorni decorrenti dal giorno successivo alla data di pubblicazione dell'avviso di cui alla lettera b).»; c) all'articolo 123, comma 1, alinea, le parole:«di cui all'articolo 121, comma 4» sono sostituite dalle seguenti: «di cui all'articolo 121, comma 5»; d) l'articolo 124 è sostituito dal seguente: «Art. 124 - (Tutela in forma specifica e per equivalente) - 1. L'accoglimento della domanda di conseguire l'aggiudicazione e di stipulare il contratto è comunque condizionato alla dichiarazione di inefficacia del contratto ai sensi degli articoli 121, comma 1, e 122. Se non dichiara l'inefficacia del contratto, il giudice dispone il risarcimento per equivalente del danno subito e provato. Il giudice conosce anche delle azioni risarcitorie e di quelle di rivalsa proposte dalla stazione appaltante nei confronti dell'operatore economico che, con un comportamento illecito, ha concorso a determinare un esito della gara illegittimo. 2. La condotta processuale della parte che, senza giustificato motivo, non ha proposto la domanda di cui al comma 1, o non si è resa disponibile a subentrare nel contratto, è valutata dal giudice ai sensi dell' articolo 1227 del codice civile . 3. Ai sensi dell'articolo 34, comma 4, il giudice individua i criteri di liquidazione del danno e assegna un termine entro il quale la parte danneggiante deve formulare una proposta risarcitoria. La mancata formulazione della proposta nel termine assegnato o la significativa differenza tra l'importo indicato nella proposta e quello liquidato nella sentenza resa sull'eventuale giudizio di ottemperanza costituiscono elementi valutativi ai fini della regolamentazione delle spese di lite in tale giudizio, fatto salvo quanto disposto dall' articolo 91, primo comma, del codice di procedura civile .».",0.0,0.0,0.0,100.0,0.0,L4,,,,,,
dlgs_36_2023,art216,"Art. 216. ((Pareri e determinazioni obbligatorie))
1. ((Nei casi di iscrizione di riserve, di proposte di variante e in relazione ad ogni altra disputa tecnica o controversia che insorga durante l'esecuzione di un contratto di lavori di importo pari o superiore alle soglie di rilevanza europea, è obbligatoria l'acquisizione del parere o, su concorde richiesta delle parti, di una determinazione del collegio. Se le parti convengono altresì che le determinazioni del collegio assumono natura di lodo contrattuale ai sensi dell' articolo 808-ter del Codice di procedura civile , è preclusa l'esperibilità dell'accordo bonario per la decisione sulle riserve.)) 2. ((L'acquisizione del parere è obbligatoria nei casi di risoluzione contrattuale.)) Se, per qualsiasi motivo, i lavori non possono procedere con il soggetto designato, prima di risolvere il contratto la stazione appaltante acquisisce il parere del collegio consultivo tecnico, anche in ordine alla possibilità che gravi motivi tecnici ed economici rendano preferibile la prosecuzione con il medesimo soggetto. 3. Nel parere il collegio consultivo tecnico valuta anche la possibilità di decidere: a) se procedere all'esecuzione in via diretta dei lavori, anche avvalendosi, nei casi consentiti dalla legge, previa convenzione, di altri enti o società pubbliche nell'ambito del quadro economico dell'opera; b) se interpellare progressivamente i soggetti che hanno partecipato alla originaria procedura di gara come risultanti dalla relativa graduatoria, per stipulare un nuovo contratto per l'affidamento del completamento dei lavori, se tecnicamente ed economicamente possibile e alle condizioni proposte dall'operatore economico interpellato; c) se indire una nuova procedura per l'affidamento del completamento dell'opera; d) se proporre alle autorità governative la nomina di un commissario straordinario per lo svolgimento delle attività necessarie al completamento dell'opera ai sensi dell' articolo 4 del decreto-legge 18 aprile 2019, n. 32 , convertito, con modificazioni, dalla legge 14 giugno 2019, n. 55 . 4. Quando la sospensione è imposta da gravi ragioni di ordine tecnico, idonee a incidere sulla realizzazione a regola d'arte dell'opera, in relazione alle modalità di superamento delle quali non vi è accordo tra le parti, entro quindici giorni dalla comunicazione della sospensione dei lavori oppure della causa che potrebbe determinarla, il collegio consultivo tecnico accerta l'esistenza di una causa tecnica di legittima sospensione dei lavori e indica le modalità, tra quelle di cui ai commi 2 e 3, con cui proseguire i lavori e le eventuali modifiche necessarie da apportare per la realizzazione dell'opera a regola d'arte. In tal caso la pronuncia assume l'efficacia di lodo contrattuale solo se tale possibilità non sia stata espressamente esclusa ai sensi di quanto disposto dall'articolo 217.",0.0,0.0,0.0,100.0,0.0,L4,,,,,,
dlgs_36_2023,art219,"Art. 219. Scioglimento del collegio consultivo tecnico
1. Il collegio consultivo tecnico è sciolto al termine dell'esecuzione del contratto oppure, nelle ipotesi in cui non ne è obbligatoria la costituzione, anche in un momento anteriore su accordo delle parti. 1-bis. ((Il contratto si considera eseguito alla data della sottoscrizione dell'atto di collaudo o regolare esecuzione, salvo che non sussistano riserve o altre richieste in merito al collaudo medesimo; in quest'ultimo caso, il collegio è sciolto con l'adozione della relativa pronuncia.))",0.0,0.0,0.0,100.0,0.0,L4,,,,,,
dlgs_36_2023,art220,"Art. 220. Pareri di precontenzioso e legittimazione ad agire dell'ANAC
1. Su iniziativa della stazione appaltante, dell'ente concedente o di una o più delle altre parti, l'ANAC esprime parere, previo contraddittorio, su questioni insorte durante lo svolgimento delle procedure di gara, entro trenta giorni dalla ricezione della richiesta. L'operatore economico che abbia richiesto il parere o vi abbia aderito lo può impugnare esclusivamente per violazione delle regole di diritto relative al merito della controversia. La stazione appaltante o l'ente concedente che non intenda conformarsi al parere comunica, con provvedimento da adottare entro quindici giorni, le relative motivazioni alle parti interessate e all'ANAC, che può proporre il ricorso di cui al comma 3. 2. L'ANAC è legittimata ad agire in giudizio per l'impugnazione dei bandi, degli altri atti generali e dei provvedimenti relativi a contratti di rilevante impatto, emessi da qualsiasi stazione appaltante, qualora ritenga che essi violino le norme in materia di contratti pubblici relativi a lavori, servizi e forniture. 3. Se ritiene che una stazione appaltante abbia adottato un provvedimento viziato da gravi violazioni del codice l'ANAC emette, entro sessanta giorni dalla notizia della violazione, un parere motivato nel quale indica specificamente i vizi di legittimità riscontrati. Con il regolamento di cui al comma 4, l'Autorità individua un termine massimo, che decorre dall'adozione o dalla pubblicazione dell'atto contenente la violazione, entro il quale il parere può essere emesso. Il parere è trasmesso alla stazione appaltante. Se la stazione appaltante non vi si conforma entro il termine assegnato dall'ANAC, comunque non superiore a trenta giorni dalla trasmissione, l'Autorità può presentare ricorso, entro i successivi trenta giorni, innanzi al giudice amministrativo, ai sensi dell' articolo 120 del codice del processo amministrativo , di cui all'allegato 1 al decreto legislativo 2 luglio 2010, n. 104 . 4. L'ANAC, con proprio regolamento, può individuare i casi o le tipologie di provvedimenti, anche relativi alla fase esecutiva, con riferimento ai quali esercita i poteri di cui ai commi precedenti.",0.0,0.0,0.0,100.0,0.0,L4,,,,,,
dlgs_163_2006,art193,"Art. 193. 
Articoli Approfondimenti e Funzioni articolo precedente articolo successivo Testo in vigore dal: 18-6-2019 aggiornamenti all'articolo Art. 193 PROVVEDIMENTO ABROGATO DAL D.LGS. 18 APRILE 2016, N. 50 (67) ((68)) --------------- AGGIORNAMENTO (67) Il D.Lgs. 18 aprile 2016, n. 50 , come modificato dal D.Lgs. 19 aprile 2017, n. 56 , ha disposto (con l'art. 216, comma 27-bis) che ""Fino alla data di entrata in vigore del decreto di cui all'articolo 83, comma 2, si applica la disciplina già contenuta negli articoli dal 186 al 193 del decreto legislativo 12 aprile 2006, n. 163 . Sino alla predetta data, si applica, altresì, la specifica disciplina transitoria prevista all'articolo 189, comma 5, del medesimo decreto legislativo"". --------------- AGGIORNAMENTO (68) Il D.Lgs. 18 aprile 2016, n. 50 , come modificato dal D.L. 18 aprile 2019, n. 32 , convertito con modificazioni dalla L. 14 giugno 2019, n. 55 , ha disposto (con l'art. 216, comma 27-bis) che ""Fino alla data di entrata in vigore del regolamento di cui all'articolo 216, comma 27-octies, si applica la disciplina già contenuta negli articoli dal 186 al 193 del decreto legislativo 12 aprile 2006, n. 163 . Sino alla predetta data, si applica, altresì, la specifica disciplina transitoria prevista all'articolo 189, comma 5, del medesimo decreto legislativo"". Il D.L. 18 aprile 2019, n. 32 , convertito con modificazioni dalla L. 14 giugno 2019, n. 55 , nel modificare l' art. 216, comma 27-bis del D.Lgs. 18 aprile 2016, n. 50 , ha conseguentemente disposto (con l'art. 1, comma 21) che la presente modifica si applica ""alle procedure i cui bandi o avvisi, con i quali si indice una gara, sono pubblicati successivamente alla data di entrata in vigore della legge di conversione del presente decreto, nonché, in caso di contratti senza pubblicazione di bandi o avvisi, alle procedure in cui, alla medesima data, non sono ancora stati inviati gli inviti a presentare le offerte o i preventivi"". articolo precedente articolo successivo",0.0,0.0,100.0,0.0,0.0,L3,,,,,,
dpr_207_2010,art66,"Art. 66. Partecipazioni azionarie ( art. 8, d.P.R. n. 34/2000 )
1. I soggetti di cui all'articolo 3, comma 1, lettere b) e ff), i soggetti indicati agli articoli 34, limitatamente ai soggetti ammessi a partecipare alle procedure per l'affidamento dei contratti pubblici relativi a lavori, e 90, comma 1, del codice, nonché le regioni e le province autonome non possono possedere, a qualsiasi titolo, direttamente o indirettamente, una partecipazione al capitale di una SOA. 2. Le associazioni nazionali di categoria che hanno sottoscritto contratti collettivi nazionali di lavoro per i dipendenti delle imprese edili ed affini o di comparto, e le associazioni nazionali rappresentative delle stazioni appaltanti possono possedere azioni di una SOA nel limite massimo complessivo del venti per cento del capitale sociale, ed ognuna delle associazioni nella misura massima del dieci per cento. Al fine di garantire il principio dell'uguale partecipazione delle parti interessate alla qualificazione, la partecipazione al capitale da parte delle predette associazioni di categoria è ammessa qualora nella medesima SOA vi sia partecipazione in uguale misura da parte di associazione di stazioni appaltanti e viceversa. 3. Chiunque, a qualsiasi titolo, intenda acquisire o cedere, direttamente o indirettamente, una partecipazione azionaria in una SOA, deve manifestare tale intenzione alla SOA stessa, allegando la documentazione richiesta al fine del rilascio del nulla osta da parte dell'Autorità. La SOA, valutata l'esistenza dei presupposti di legittimità dell'operazione di cessione azionaria, invia all'Autorità la richiesta di nulla osta al trasferimento azionario. La richiesta di nulla osta è necessaria anche per i trasferimenti azionari all'interno della compagine sociale esistente. Si intendono acquisite o cedute indirettamente le partecipazioni azionarie trasferite tramite società controllate ai sensi dell' articolo 2359 del codice civile , società fiduciarie, o comunque tramite interposta persona. 4. L'Autorità, entro sessanta giorni dalla comunicazione, può vietare il trasferimento della partecipazione quando essa può influire sulla correttezza della gestione della SOA o può compromettere il requisito dell'indipendenza a norma dell'articolo 64, comma 4; il decorso del termine senza che l'Autorità adotti alcun provvedimento equivale a nulla osta all'operazione. In caso di richieste istruttorie il termine rimane sospeso per una sola volta fino al relativo adempimento. Il nulla osta si considera decaduto se le SOA non trasmettono copia del libro soci aggiornato ovvero la richiesta avanzata dal socio acquirente o alienante dell'iscrizione nel libro soci dell'avvenuta cessione di azioni, entro il termine di novanta giorni decorrenti dalla data di comunicazione del nulla osta ovvero, in caso di mancanza di nulla osta espresso, decorrenti dalla data di formazione del silenzio-assenso. 5. Il trasferimento della partecipazione, una volta avvenuto, è comunicato all'Autorità e alla SOA entro quindici giorni. 6. L'Autorità può negare l'autorizzazione alla partecipazione azionaria della SOA, nei confronti dei soggetti diversi dal comma 1, allorché il soggetto titolare della partecipazione possa influire sulla corretta gestione delle SOA o compromettere il requisito di indipendenza. ((16))",35.1,29.18,0.0,35.73,0.7895932588695569,L4,,,,,,
dpr_207_2010,art78,"Art. 78. Requisiti d'ordine generale ( art. 17, d.P.R. n. 34/2000 )
1. I requisiti d'ordine generale occorrenti per la qualificazione sono quelli previsti dagli articoli 38, comma 1, e 39, commi 1 e 2, del codice. 2. L'Autorità stabilisce mediante quale documentazione i soggetti che intendono qualificarsi dimostrano l'esistenza dei requisiti richiesti per la qualificazione. Di ciò è fatto espresso riferimento nel contratto da sottoscriversi fra SOA e impresa. 3. Per la qualificazione delle società commerciali, delle cooperative e dei loro consorzi, dei consorzi tra imprese artigiane e dei consorzi stabili, i requisiti di cui all'articolo 38, comma 1, lettere b) e c), del codice, si riferiscono al direttore tecnico e a tutti i soci se si tratta di società in nome collettivo; al direttore tecnico e a tutti gli accomandatari se si tratta di società in accomandita semplice; al direttore tecnico e agli amministratori muniti di rappresentanza se si tratta di ogni altro tipo di società o di consorzio. 4. Le SOA nell'espletamento della propria attività richiedono il certificato integrale del casellario giudiziale ai sensi dell' articolo 39 del decreto del Presidente della Repubblica 14 novembre 2002, n. 313 , nonché il documento unico di regolarità contributiva di cui all'articolo 6. 5. Le SOA non rilasciano l'attestazione di qualificazione ai soggetti che, ai fini della qualificazione, hanno presentato documentazione falsa in relazione ai requisiti di ordine generale di cui al comma 1; le SOA ne danno segnalazione all'Autorità che ordina l'iscrizione nel casellario informatico di cui all'articolo 8, ai fini dell'interdizione al conseguimento dell'attestazione di qualificazione, per un periodo di un anno, decorso il quale l'iscrizione è cancellata e perde comunque efficacia. Ove la falsità della documentazione sia rilevata in corso di validità dell'attestazione di qualificazione, essa comporta la pronuncia di decadenza dell'attestazione di qualificazione dell'impresa da parte della SOA che ne dà comunicazione all'Autorità, ovvero da parte dell'Autorità in caso di inerzia della SOA; l'Autorità ordina l'iscrizione nel casellario informatico di cui all'articolo 8, ai fini dell'interdizione al conseguimento di una nuova attestazione di qualificazione, per un periodo di un anno, decorso il quale l'iscrizione è cancellata e perde comunque efficacia. ((16))",40.11,17.51,0.0,42.37,0.74685716553494,L4,,,,,,
dpr_207_2010,art215,"Art. 215. Oggetto del collaudo ( art. 187, d.P.R. n. 554/1999 )
1. Il collaudo ha lo scopo di verificare e certificare che l'opera o il lavoro siano stati eseguiti a regola d'arte, secondo il progetto approvato e le relative prescrizioni tecniche, nonché le eventuali perizie di variante, in conformità del contratto e degli eventuali atti di sottomissione o aggiuntivi debitamente approvati. Il collaudo ha altresì lo scopo di verificare che i dati risultanti dalla contabilità finale e dai documenti giustificativi corrispondano fra loro e con le risultanze di fatto, non solo per dimensioni, forma e quantità, ma anche per qualità dei materiali, dei componenti e delle provviste, e che le procedure espropriative poste a carico dell'esecutore siano state espletate tempestivamente e diligentemente. Il collaudo comprende altresì tutte le verifiche tecniche previste dalle leggi di settore. 2. Gli accertamenti e le verifiche effettuati nelle visite sopralluogo disposte dall'organo di collaudo possono non comprendere tutti quelli previsti dal comma precedente; tali accertamenti e verifiche, in ogni caso, al termine delle operazioni, debbono risultare nel certificato di collaudo da inviare alla stazione appaltante. 3. Il collaudo comprende anche l'esame delle riserve dell'esecutore, sulle quali non sia già intervenuta una risoluzione definitiva in via amministrativa, se iscritte nel registro di contabilità e nel conto finale nei termini e nei modi stabiliti dal presente regolamento. 4. Ai sensi dell'articolo 141, comma 7, del codice, il collaudo in corso d'opera, sempre che non sussistano le condizioni per il rilascio del certificato di regolare esecuzione di cui all'articolo 141, comma 3, del codice, è obbligatorio nei seguenti casi: a) quando la direzione dei lavori sia stata affidata, ai sensi dell'articolo 130, comma 2, lettere b) e c), del codice; b) in caso di lavoro di particolare complessità di cui all'articolo 236; c) nel caso di intervento affidato in concessione ai sensi degli articoli 142 o 153 del codice, nonché con dialogo competitivo o mediante locazione finanziaria; d) nel caso di intervento affidato ai sensi dell'articolo 53, comma 2, lettere b) o c), del codice; e) nel caso di opera o lavoro comprendenti significative e non abituali lavorazioni non più ispezionabili in sede di collaudo finale; f) nei casi di aggiudicazione con ribasso d'asta superiore alla soglia di anomalia determinata ai sensi delle vigenti disposizioni. ((16))",16.36,41.69,0.0,41.95,0.7396234609094612,L4,,,,,,
l_241_1990,art11,"Art. 11. (Accordi integrativi o sostitutivi del provvedimento)
1. In accoglimento di osservazioni e proposte presentate a norma dell'articolo 10, l'amministrazione procedente può concludere, senza pregiudizio dei diritti dei terzi, e in ogni caso nel perseguimento del pubblico interesse, accordi con gli interessati al fine di determinare il contenuto discrezionale del provvedimento finale ovvero in sostituzione di questo. 1-bis. Al fine di favorire la conclusione degli accordi di cui al comma 1, il responsabile del procedimento può predisporre un calendario di incontri cui invita, separatamente o contestualmente, il destinatario del provvedimento ed eventuali controinteressati. 2. Gli accordi di cui al presente articolo debbono essere stipulati, a pena di nullità per atto scritto, salvo che la legge disponga altrimenti. Ad essi si applicano, ove non diversamente previsto, i principi del codice civile in materia di obbligazioni e contratti in quanto compatibili. ((Gli accordi di cui al presente articolo devono essere motivati ai sensi dell'articolo 3)) . 3. Gli accordi sostitutivi di provvedimenti sono soggetti ai medesimi controlli previsti per questi ultimi. 4. Per sopravvenuti motivi di pubblico interesse l'amministrazione recede unilateralmente dall'accordo, salvo l'obbligo di provvedere alla liquidazione di un indennizzo in relazione agli eventuali pregiudizi verificatisi in danno del privato. 4-bis. A garanzia dell'imparzialità e del buon andamento dell'azione amministrativa, in tutti i casi in cui una pubblica amministrazione conclude accordi nelle ipotesi previste al comma l, la stipulazione dell'accordo è preceduta da una determinazione dell'organo che sarebbe competente per l'adozione del provvedimento. 5. COMMA ABROGATO DAL D.LGS. 2 LUGLIO 2010, N. 104 .",41.56,39.92,0.0,18.52,0.7529417013511718,L1,,,,,,
l_241_1990,art19,"Art. 19. (Segnalazione certificata di inizio attività - Scia)
1. Ogni atto di autorizzazione, licenza, concessione non costitutiva, permesso o nulla osta comunque denominato, comprese le domande per le iscrizioni in albi o ruoli richieste per l'esercizio di attività imprenditoriale, commerciale o artigianale il cui rilascio dipenda esclusivamente dall'accertamento di requisiti e presupposti richiesti dalla legge o da atti amministrativi a contenuto generale, e non sia previsto alcun limite o contingente complessivo o specifici strumenti di programmazione settoriale per il rilascio degli atti stessi, è sostituito da una segnalazione dell'interessato, con la sola esclusione dei casi in cui sussistano vincoli ambientali, paesaggistici o culturali e degli atti rilasciati dalle amministrazioni preposte alla difesa nazionale, alla pubblica sicurezza, all'immigrazione, all'asilo, alla cittadinanza, all'amministrazione della giustizia, all'amministrazione delle finanze, ivi compresi gli atti concernenti le reti di acquisizione del gettito, anche derivante dal gioco, nonché di quelli previsti dalla normativa per le costruzioni in zone sismiche e di quelli imposti dalla normativa comunitaria. La segnalazione è corredata dalle dichiarazioni sostitutive di certificazioni e dell'atto di notorietà per quanto riguarda tutti gli stati, le qualità personali e i fatti previsti negli articoli 46 e 47 del testo unico di cui al decreto del Presidente della Repubblica 28 dicembre 2000, n. 445 , nonché , ove espressamente previsto dalla normativa vigente, dalle attestazioni e asseverazioni di tecnici abilitati, ovvero dalle dichiarazioni di conformità da parte dell'Agenzia delle imprese di cui all' articolo 38, comma 4, del decreto-legge 25 giugno 2008, n. 112 , convertito, con modificazioni, dalla legge 6 agosto 2008, n. 133 , relative alla sussistenza dei requisiti e dei presupposti di cui al primo periodo; tali attestazioni e asseverazioni sono corredate dagli elaborati tecnici necessari per consentire le verifiche di competenza dell'amministrazione. Nei casi in cui la normativa vigente prevede l'acquisizione di atti o pareri di organi o enti appositi, ovvero l'esecuzione di verifiche preventive, essi sono comunque sostituiti dalle autocertificazioni, attestazioni e asseverazioni o certificazioni di cui al presente comma, salve le verifiche successive degli organi e delle amministrazioni competenti. La segnalazione, corredata delle dichiarazioni, attestazioni e asseverazioni nonché dei relativi elaborati tecnici, può essere presentata mediante posta raccomandata con avviso di ricevimento, ad eccezione dei procedimenti per cui è previsto l'utilizzo esclusivo della modalità telematica; in tal caso la segnalazione si considera presentata al momento della ricezione da parte dell'amministrazione. 2. L'attività oggetto della segnalazione può essere iniziata, anche nei casi di cui all'articolo 19-bis, comma 2, dalla data della presentazione della segnalazione all'amministrazione competente. 3. L'amministrazione competente, in caso di accertata carenza dei requisiti e dei presupposti di cui al comma 1, nel termine di sessanta giorni dal ricevimento della segnalazione di cui al medesimo comma, adotta motivati provvedimenti di divieto di prosecuzione dell'attività e di rimozione degli eventuali effetti dannosi di essa. Qualora sia possibile conformare l'attività intrapresa e i suoi effetti alla normativa vigente, l'amministrazione competente, con atto motivato, invita il privato a provvedere prescrivendo le misure necessarie con la fissazione di un termine non inferiore a trenta giorni per l'adozione di queste ultime. In difetto di adozione delle misure da parte del privato, decorso il suddetto termine, l'attività si intende vietata. Con lo stesso atto motivato, in presenza di attestazioni non veritiere o di pericolo per la tutela dell'interesse pubblico in materia di ambiente, paesaggio, beni culturali, salute, sicurezza pubblica o difesa nazionale, l'amministrazione dispone la sospensione dell'attività intrapresa. L'atto motivato interrompe il termine di cui al primo periodo, che ricomincia a decorrere dalla data in cui il privato comunica l'adozione delle suddette misure. In assenza di ulteriori provvedimenti, decorso lo stesso termine, cessano gli effetti della sospensione eventualmente adottata. 4. Decorso il termine per l'adozione dei provvedimenti di cui al comma 3, primo periodo, ovvero di cui al comma 6-bis, l'amministrazione competente adotta comunque i provvedimenti previsti dal medesimo comma 3 in presenza delle condizioni previste dall'articolo 21-nonies ((, fatta salva, in ogni caso, la sanzione di cui all' articolo 75 del testo unico delle disposizioni legislative e regolamentari in materia di documentazione amministrativa , di cui al decreto del Presidente della Repubblica 28 dicembre 2000, n. 445 )) .(41) 4-bis. Il presente articolo non si applica alle attività economiche a prevalente carattere finanziario, ivi comprese quelle regolate dal testo unico delle leggi in materia bancaria e creditizia di cui al decreto legislativo 1° settembre 1993, n. 385 , e dal testo unico in materia di intermediazione finanziaria di cui al decreto legislativo 24 febbraio 1998, n. 58 . 5. COMMA ABROGATO DAL D.LGS. 2 LUGLIO 2010, N. 104 . 6. Ove il fatto non costituisca più grave reato, chiunque, nelle dichiarazioni o attestazioni o asseverazioni che corredano la segnalazione di inizio attività, dichiara o attesta falsamente l'esistenza dei requisiti o dei presupposti di cui al comma 1 è punito con la reclusione da uno a tre anni. 6-bis. Nei casi di Scia in materia edilizia, il termine di sessanta giorni di cui al primo periodo del comma 3 è ridotto a trenta giorni. Fatta salva l'applicazione delle disposizioni di cui al comma 4 e al comma 6, restano altresì ferme le disposizioni relative alla vigilanza sull'attività urbanistico-edilizia, alle responsabilità e alle sanzioni previste dal decreto del Presidente della Repubblica 6 giugno 2001, n.380 , e dalle leggi regionali.(19) 6-ter. La segnalazione certificata di inizio attività, la denuncia e la dichiarazione di inizio attività non costituiscono provvedimenti taciti direttamente impugnabili. Gli interessati possono sollecitare l'esercizio delle verifiche spettanti all'amministrazione e, in caso di inerzia, esperire esclusivamente l'azione di cui all' art. 31, commi 1 , 2 e 3 del decreto legislativo 2 luglio 2010, n. 104 .",28.0,34.76,0.0,37.23,0.7874247292672834,L4,,,,,,
dlgs_33_2013,art15,"Art. 15. ((Obblighi di pubblicazione concernenti i titolari di incarichi di collaborazione o consulenza))
1. ((Fermo restando quanto previsto dall'articolo 9-bis e fermi restando gli obblighi)) di comunicazione di cui all' articolo 17, comma 22, della legge 15 maggio 1997, n. 127 , le pubbliche amministrazioni pubblicano e aggiornano le seguenti informazioni relative ai titolari di incarichi ((...)) di collaborazione o consulenza: a) gli estremi dell'atto di conferimento dell'incarico; b) il curriculum vitae; c) i dati relativi allo svolgimento di incarichi o la titolarità di cariche in enti di diritto privato regolati o finanziati dalla pubblica amministrazione o lo svolgimento di attività professionali; d) i compensi, comunque denominati, relativi al rapporto ((...)) di consulenza o di collaborazione, con specifica evidenza delle eventuali componenti variabili o legate alla valutazione del risultato. 2. La pubblicazione degli estremi degli atti di conferimento di incarichi ((...)) di collaborazione o di consulenza a soggetti esterni a qualsiasi titolo per i quali è previsto un compenso, completi di indicazione dei soggetti percettori, della ragione dell'incarico e dell'ammontare erogato, nonché la comunicazione alla Presidenza del Consiglio dei Ministri - Dipartimento della funzione pubblica dei relativi dati ai sensi dell'articolo 53, comma 14, secondo periodo, del decreto legislativo 30 marzo 2001, n. 165 e successive modificazioni, sono condizioni per l'acquisizione dell'efficacia dell'atto e per la liquidazione dei relativi compensi. Le amministrazioni pubblicano e mantengono aggiornati sui rispettivi siti istituzionali gli elenchi dei propri consulenti indicando l'oggetto, la durata e il compenso dell'incarico. Il Dipartimento della funzione pubblica consente la consultazione, anche per nominativo, dei dati di cui al presente comma. 3. In caso di omessa pubblicazione di quanto previsto al comma 2, il pagamento del corrispettivo determina la responsabilità del dirigente che l'ha disposto, accertata all'esito del procedimento disciplinare, e comporta il pagamento di una sanzione pari alla somma corrisposta, fatto salvo il risarcimento del danno del destinatario ove ricorrano le condizioni di cui all' articolo 30 del decreto legislativo 2 luglio 2010, n. 104 . 4. Le pubbliche amministrazioni pubblicano i dati cui ai commi 1 e 2 entro tre mesi dal conferimento dell'incarico e per i tre anni successivi alla cessazione dell'incarico. 5. ((COMMA ABROGATO DAL D.LGS. 25 MAGGIO 2016, N. 97 )) .",36.41,45.1,0.0,18.49,0.7495420734429015,L2,,,,,,
dlgs_97_2016,art36,"Art. 36. Modifiche all'articolo 45 del decreto legislativo n. 33 del 2013
1. All' articolo 45 del decreto legislativo n. 33 del 2013 , sono apportate le seguenti modificazioni: a) le parole «la CIVIT, anche in qualità di Autorità nazionale anticorruzione,» e le parole «la CIVIT», ovunque ricorrano, sono sostituite dalle seguenti: «L'autorità nazionale anticorruzione»; b) al comma 1, le parole «l'adozione di atti o provvedimenti richiesti dalla normativa vigente, ovvero la rimozione di comportamenti o atti contrastanti con i piani e le regole sulla trasparenza.» sono sostituite dalle seguenti: «di procedere, entro un termine non superiore a trenta giorni, alla pubblicazione di dati, documenti e informazioni ai sensi del presente decreto, all'adozione di atti o provvedimenti richiesti dalla normativa vigente ovvero alla rimozione di comportamenti o atti contrastanti con i piani e le regole sulla trasparenza.»; c) al comma 4, il primo periodo è sostituito dai seguenti periodi: «Il mancato rispetto dell'obbligo di pubblicazione di cui al comma 1 costituisce illecito disciplinare. L'Autorità nazionale anticorruzione segnala l'illecito all'ufficio di cui all' articolo 55-bis, comma 4, del decreto legislativo 30 marzo 2001, n. 165 , dell'amministrazione interessata ai fini dell'attivazione del procedimento disciplinare a carico del responsabile della pubblicazione o del dirigente tenuto alla trasmissione delle informazioni.».",25.12,41.06,0.0,33.82,0.7784585284942697,L2,,,,,,
dlgs_229_2011,art3,"Art. 3. Coerenza delle informazioni con il Quadro strategico nazionale 2007/2013
1. Le informazioni di cui all'articolo 2 sono coerenti con quanto stabilito per il sistema nazionale di monitoraggio del Quadro strategico nazionale 2007/2013 istituito presso il Ministero dell'economia e delle finanze - Ragioneria Generale dello Stato.",0.0,0.0,100.0,0.0,0.0,L3,,,,,,
dlgs_59_2010,art34,"Art. 34. (Comunicazioni commerciali)
1. Fatto salvo quanto previsto dall' articolo 2 del decreto-legge 4 luglio 2006, n. 223 , convertito, con modificazioni, dalla legge 4 agosto 2006, n. 248 , limitazioni al libero impiego delle comunicazioni commerciali da parte dei prestatori di servizi che esercitano una professione regolamentata devono essere giustificate da motivi imperativi di interesse generale nel rispetto dei principi di non discriminazione e proporzionalità. 2. Alle comunicazioni di cui al comma 1 si applicano i principi di cui all' articolo 10 del decreto legislativo 9 aprile 2003, n. 70 . 3. I codici deontologici assicurano che le comunicazioni commerciali relative ai servizi forniti dai prestatori che esercitano una professione regolamentata sono emanate nel rispetto delle regole professionali, in conformità del diritto comunitario, riguardanti, in particolare, l'indipendenza, la dignità e l'integrità della professione, nonché il segreto professionale, nel rispetto della specificità di ciascuna professione. Le regole professionali in materia di comunicazioni commerciali sono non discriminatorie, giustificate da motivi imperativi di interesse generale e proporzionate.",40.36,15.66,43.98,0.0,0.7341960612659233,L3,,,,,,
dlgs_59_2010,art74,"Art. 74. (Attività di agente e rappresentante di commercio)
1. Per l'attività di agente o rappresentante di commercio è soppresso il ruolo di cui all' articolo 2 della legge 3 maggio 1985, n. 204 . 2. L'attività di cui al comma 1 è soggetta a ((segnalazione certificata di inizio di attività)) da presentare alla Camera di commercio, industria, artigianato e agricoltura per il tramite dello sportello unico del comune competente per territorio ai sensi dell' (( articolo 19 della legge)) 7 agosto 1990, n. 241 , corredata delle autocertificazioni e delle certificazioni attestanti il possesso dei requisiti prescritti. 3. La Camera di commercio, industria, artigianato e agricoltura verifica il possesso dei requisiti da parte degli esercenti l'attività di cui al comma 1 e iscrive i relativi dati nel registro delle imprese, se l'attività è svolta in forma di impresa, oppure nel repertorio delle notizie economiche e amministrative (REA) previsto dall' articolo 8 della legge 29 dicembre 1993, n. 580 , e dall' articolo 9 del decreto del Presidente della Repubblica 7 dicembre 1995, n. 581 , e successive modificazioni, assegnando la relativa qualifica. 4. Ai fini del riconoscimento dei requisiti per l'accesso all'attività, all'articolo 5, comma 1, della legge 3 maggio 1985, n. 204, le lettere a), b) e d) sono soppresse e alla lettera c) la parola: ""fallito"" è soppressa. 5. Fermo restando quanto disposto dall' articolo 8 della legge 29 dicembre 1993, n. 580 , e dal decreto del Presidente della Repubblica 7 dicembre 1995, n. 581 , le iscrizioni previste dal presente decreto per i soggetti diversi dalle imprese, sono effettuate in una apposita sezione del REA ed hanno effetto dichiarativo del possesso dei requisiti abilitanti all'esercizio della relativa attività professionale. 6. Ad ogni effetto di legge, i richiami al ruolo contenuti nella legge 3 maggio 1985, n. 204 , si intendono riferiti alle iscrizioni previste dal presente articolo nel registro delle imprese o nel repertorio delle notizie economiche e amministrative (REA).",43.38,30.46,0.0,26.15,0.7755607261134047,L1,,,,,,
dlgs_59_2010,art75,"Art. 75. (Attività di mediatore marittimo)
1. Per l'attività di mediatore marittimo è soppresso il ruolo di cui agli articoli 1 e 4 della legge 12 marzo 1968, n. 478 . 2. L'attività di cui al comma 1 è soggetta a ((segnalazione certificata di inizio di attività)) da presentare alla Camera di commercio, industria, artigianato e agricoltura per il tramite dello sportello unico del comune competente per territorio ai sensi dell' (( articolo 19 della legge)) 7 agosto 1990, n. 241 , corredata delle autocertificazioni e delle certificazioni attestanti il possesso dei requisiti prescritti. 3. La Camera di commercio, industria, artigianato e agricoltura verifica il possesso dei requisiti e iscrive i relativi dati nel registro delle imprese, se l'attività è svolta in forma di impresa, oppure nel repertorio delle notizie economiche e amministrative (REA) previsto dall' articolo 8 della legge 29 dicembre 1993, n. 580 , e dall' articolo 9 del decreto del Presidente della Repubblica 7 dicembre 1995, n. 581 , e successive modificazioni, assegnando ad essi la relativa qualifica. 4. Ai fini del riconoscimento dei requisiti per l'accesso all'attività, all' articolo 7 della legge 12 marzo 1968, n. 478 , le lettere a), b) e c) sono soppresse e all' articolo 6 del decreto del Presidente della Repubblica 4 gennaio 1973, n. 66 , le lettere a), c) e d) sono soppresse. 5. Fermo restando quanto disposto dall' articolo 8 della legge 29 dicembre 1993, n. 580 , e dall' articolo 9 del decreto del Presidente della Repubblica 7 dicembre 1995, n. 581 , le iscrizioni previste dal presente decreto legislativo per i soggetti diversi dalle imprese, sono effettuate in una apposita sezione del REA ed hanno effetto dichiarativo del possesso dei requisiti abilitanti all'esercizio della relativa attività professionale. 6. Ad ogni effetto di legge, i richiami al ruolo contenuti nella legge 12 marzo 1968, n. 478 , si intendono riferiti alle iscrizioni previste dal presente articolo nel registro delle imprese o nel repertorio delle notizie economiche e amministrative (REA). 7. Le competenze già attribuite alle Commissioni per la tenuta del ruolo, soppresso ai sensi del comma 1, sono svolte dagli uffici delle Camere di commercio.",33.33,26.33,0.0,40.34,0.7817832519038106,L4,,,,,,
32014L0024,59,"Articolo 59 Documento di gara unico europeo 1. Al momento della presentazione delle domande di partecipazione o delle offerte, le amministrazioni aggiudicatrici accettano il documento di gara unico europeo (DGUE) che consiste in un’autodichiarazione aggiornata come prova documentale preliminare in sostituzione dei certificati rilasciati da autorità pubbliche o terzi in cui si conferma che l’operatore economico in questione soddisfa le seguenti condizioni: a) non si trova in una delle situazioni di cui all’articolo 57, nei quali casi gli operatori economici devono o possono essere esclusi; b) soddisfa i pertinenti criteri di selezione definiti a norma dell’articolo 58; c) se del caso, soddisfa le norme e i criteri oggettivi fissati a norma dell’articolo 65. Se l’operatore economico si affida alle capacità di altri soggetti a norma dell’articolo 63, nel DGUE sono comprese altresì le informazioni di cui al presente paragrafo, primo comma, in relazione a tali soggetti. Il DGUE consiste in una dichiarazione formale da parte dell’operatore economico, in cui si attesta che il pertinente motivo di esclusione non si applica e/o che il pertinente criterio di selezione è soddisfatto, e fornisce le informazioni rilevanti come richiesto dall’amministrazione aggiudicatrice. Il DGUE indica inoltre l’autorità pubblica o il terzo responsabile per determinare il documento complementare e include una dichiarazione formale secondo cui l’operatore economico sarà in grado, su richiesta e senza indugio, di fornire tali documenti complementari. Se l’amministrazione aggiudicatrice può ottenere i documenti complementari direttamente accedendo a una banca dati a norma del paragrafo 5, il DGUE riporta altresì le informazioni richieste a tale scopo, quali l’indirizzo Internet della banca dati, eventuali dati di individuazione e, se del caso, la necessaria dichiarazione di consenso. Gli operatori economici possono riutilizzare il DGUE utilizzato in una procedura d’appalto precedente purché confermino che le informazione ivi contenute sono tuttora valide. 2. Il DGUE è elaborato sulla base di un modello di formulario. La Commissione stabilisce tale modello di formulario mediante atti d’esecuzione. Tali atti di esecuzione sono adottati secondo la procedura di esame di cui all’articolo 89, paragrafo 3. Il DGUE è fornito esclusivamente in forma elettronica. 3. Fermo restando l’articolo 92, la Commissione riesamina l’applicazione pratica del DGUE tenendo conto degli sviluppi tecnici delle banche dati negli Stati membri e riferisce in materia al Parlamento europeo e al Consiglio entro il 18 aprile 2017. Se del caso, la Commissione formula proposte per soluzioni volte a ottimizzare l’accesso transfrontaliero a tali banche dati e l’utilizzo di certificati e attestati nel mercato interno. 4. L’amministrazione aggiudicatrice può chiedere a offerenti e candidati, in qualsiasi momento nel corso della procedura, di presentare tutti i documenti complementari o parte di essi, qualora questo sia necessario per assicurare il corretto svolgimento della procedura. Prima dell’aggiudicazione dell’appalto, l’amministrazione aggiudicatrice richiede all’offerente cui ha deciso di aggiudicare l’appalto, tranne nel caso di appalti basati su accordi quadro se conclusi ai sensi dell’articolo 33, paragrafo 3, o dell’articolo 33, paragrafo 4, lettera a), di presentare documenti complementari aggiornati conformemente all’articolo 60 e, se del caso, all’articolo 62. L’amministrazione aggiudicatrice può invitare gli operatori economici a integrare o chiarire i certificati ricevuti ai sensi degli articoli 60 e 62. 5. In deroga al paragrafo 4, agli operatori economici non è richiesto di presentare documenti complementari o altre prove documentali qualora e sempre che l’amministrazione aggiudicatrice abbia la possibilità di ottenere i certificati e le informazioni pertinenti direttamente accedendo a una banca dati nazionale che sia disponibile gratuitamente in un qualunque Stato membro, come un registro nazionale degli appalti, un fascicolo d’impresa virtuale (Virtual Company Dossier), un sistema elettronico di archiviazione dei documenti o un sistema di preselezione. In deroga al paragrafo 4, agli operatori economici non è richiesto di presentare documenti complementari qualora l’amministrazione aggiudicatrice, avendo aggiudicato l’appalto o concluso l’accordo quadro, possieda già tali documenti. Ai fini del primo comma, gli Stati membri garantiscono che le banche dati contenenti informazioni pertinenti sugli operatori economici e che possono essere consultate dalle rispettive amministrazioni aggiudicatrici possano essere consultate altresì, alle medesime condizioni, dalle amministrazioni aggiudicatrici di altri Stati membri. 6. Gli Stati membri mettono a disposizione e aggiornano su e-Certis un elenco completo di banche dati contenenti informazioni pertinenti sugli operatori economici che possono essere consultate dalle amministrazioni aggiudicatrici di altri Stati membri. Su richiesta, gli Stati membri comunicano agli altri Stati membri le informazioni relative alle banche dati di cui al presente articolo.",41.19,32.73,12.62,13.45,0.9103245214779068,L1,,,,,,
