celex,title,year,domains,subdomains,legal_type,url,global_cluster,macro_area,sub_community_name,macro_area_clean,sub_name_clean,is_seed,node_size,display_label,x,y,color,all_domains,primary_domain,is_multi,matches_theme
12016E003,12016E003,2016,UNKNOWN,SETTORE TRASVERSALE,Treaty,https://eur-lex.europa.eu/legal-content/EN/ALL/?uri=celex:12016E003,117,EUROPEAN UNION,SETTORE TRASVERSALE,EUROPEAN UNION,SETTORE TRASVERSALE,False,10,,-60.00128545059875,21.631189690693315,#EA4335,['UNKNOWN'],UNKNOWN,False,True
32015D0443,32015D0443,2015,EDUCATION AND COMMUNICATIONS;INTERNATIONAL RELATIONS;EMPLOYMENT AND WORKING CONDITIONS;EUROPEAN UNION,INTERNATIONAL SECURITY;ORGANISATION OF WORK AND WORKING CONDITIONS;INFORMATION AND INFORMATION PROCESSING;INFORMATION TECHNOLOGY AND DATA PROCESSING;EU INSTITUTIONS AND EUROPEAN CIVIL SERVICE,Decision,https://eur-lex.europa.eu/legal-content/EN/ALL/?uri=celex:32015D0443,117,EUROPEAN UNION,SETTORE TRASVERSALE,EUROPEAN UNION,SETTORE TRASVERSALE,False,10,,-60.144913909059206,22.997724826114442,#EA4335,"['EDUCATION AND COMMUNICATIONS', 'INTERNATIONAL RELATIONS', 'EMPLOYMENT AND WORKING CONDITIONS', 'EUROPEAN UNION']",EDUCATION AND COMMUNICATIONS,True,True
32019R0452,32019R0452,2019,POLITICS;INTERNATIONAL RELATIONS;FINANCE;LAW;GEOGRAPHY;EUROPEAN UNION,BUDGET;ECONOMIC GEOGRAPHY;FINANCING AND INVESTMENT;POLITICS AND PUBLIC SAFETY;CRIMINAL LAW;EU INSTITUTIONS AND EUROPEAN CIVIL SERVICE;COOPERATION POLICY;FREE MOVEMENT OF CAPITAL,Regulation,https://eur-lex.europa.eu/legal-content/EN/ALL/?uri=celex:32019R0452,117,EUROPEAN UNION,SETTORE TRASVERSALE,EUROPEAN UNION,SETTORE TRASVERSALE,True,30,REG. GOLDEN POWER,0.0,0.0,#EA4335,"['POLITICS', 'INTERNATIONAL RELATIONS', 'FINANCE', 'LAW', 'GEOGRAPHY', 'EUROPEAN UNION']",POLITICS,True,True
32025R1106,COUNCIL REGULATION establishing the Security Action for Europe (SAFE) through the Reinforcement of the European Defence Industry Instrument,2025,INTERNATIONAL RELATIONS;FINANCE;EUROPEAN UNION,INTERNATIONAL SECURITY;DEFENCE;FINANCING AND INVESTMENT;EUROPEAN CONSTRUCTION;EU FINANCE,Regulation,https://eur-lex.europa.eu/legal-content/EN/ALL/?uri=celex:32025R1106,117,EUROPEAN UNION,SETTORE TRASVERSALE,EUROPEAN UNION,SETTORE TRASVERSALE,False,10,,-60.569522870223764,24.30453569428885,#EA4335,"['INTERNATIONAL RELATIONS', 'FINANCE', 'EUROPEAN UNION']",INTERNATIONAL RELATIONS,True,True
52017PC0487,52017PC0487,2017,UNKNOWN,SETTORE TRASVERSALE,Other/Secondary,https://eur-lex.europa.eu/legal-content/EN/ALL/?uri=celex:52017PC0487,117,EUROPEAN UNION,SETTORE TRASVERSALE,EUROPEAN UNION,SETTORE TRASVERSALE,False,10,,-61.25655379877761,25.49450853206656,#EA4335,['UNKNOWN'],UNKNOWN,False,True
12016E346,12016E346,2016,UNKNOWN,SETTORE TRASVERSALE,Treaty,https://eur-lex.europa.eu/legal-content/EN/ALL/?uri=celex:12016E346,117,EUROPEAN UNION,SETTORE TRASVERSALE,EUROPEAN UNION,SETTORE TRASVERSALE,False,10,,-62.17598129440836,26.515636190074254,#EA4335,['UNKNOWN'],UNKNOWN,False,True
32023R1525,32023R1525,2023,"PRODUCTION, TECHNOLOGY AND RESEARCH;ECONOMICS;TRADE;INTERNATIONAL RELATIONS;EUROPEAN UNION",ECONOMIC POLICY;DEFENCE;PRODUCTION;TRADE;EUROPEAN CONSTRUCTION;EU FINANCE,Regulation,https://eur-lex.europa.eu/legal-content/EN/ALL/?uri=celex:32023R1525,117,EUROPEAN UNION,SETTORE TRASVERSALE,EUROPEAN UNION,SETTORE TRASVERSALE,False,10,,-63.28762098824591,27.32328976294038,#EA4335,"['PRODUCTION, TECHNOLOGY AND RESEARCH', 'ECONOMICS', 'TRADE', 'INTERNATIONAL RELATIONS', 'EUROPEAN UNION']","PRODUCTION, TECHNOLOGY AND RESEARCH",True,True
32024R1679,32024R1679,2024,ENVIRONMENT;TRANSPORT;EUROPEAN UNION,ORGANISATION OF TRANSPORT;TRANSPORT POLICY;ENVIRONMENTAL POLICY;EUROPEAN CONSTRUCTION,Regulation,https://eur-lex.europa.eu/legal-content/EN/ALL/?uri=celex:32024R1679,117,EUROPEAN UNION,SETTORE TRASVERSALE,EUROPEAN UNION,SETTORE TRASVERSALE,False,10,,-64.54288933642478,27.88217112961453,#EA4335,"['ENVIRONMENT', 'TRANSPORT', 'EUROPEAN UNION']",ENVIRONMENT,True,True
12016E065,12016E065,2016,UNKNOWN,SETTORE TRASVERSALE,Treaty,https://eur-lex.europa.eu/legal-content/EN/ALL/?uri=celex:12016E065,117,EUROPEAN UNION,SETTORE TRASVERSALE,EUROPEAN UNION,SETTORE TRASVERSALE,False,10,,-65.88692525454775,28.167854731542953,#EA4335,['UNKNOWN'],UNKNOWN,False,True
32023R1781,32023R1781,2023,"PRODUCTION, TECHNOLOGY AND RESEARCH;TRADE;GEOGRAPHY;INDUSTRY;EUROPEAN UNION",ELECTRONICS AND ELECTRICAL ENGINEERING;ECONOMIC GEOGRAPHY;PRODUCTION;INDUSTRIAL STRUCTURES AND POLICY;TRADE;EU INSTITUTIONS AND EUROPEAN CIVIL SERVICE;TECHNOLOGY AND TECHNICAL REGULATIONS;EUROPEAN CONSTRUCTION,Regulation,https://eur-lex.europa.eu/legal-content/EN/ALL/?uri=celex:32023R1781,117,EUROPEAN UNION,SETTORE TRASVERSALE,EUROPEAN UNION,SETTORE TRASVERSALE,False,10,,-67.26098760135757,28.167854731542953,#EA4335,"['PRODUCTION, TECHNOLOGY AND RESEARCH', 'TRADE', 'GEOGRAPHY', 'INDUSTRY', 'EUROPEAN UNION']","PRODUCTION, TECHNOLOGY AND RESEARCH",True,True
52017AE5490,52017AE5490,2017,UNKNOWN,SETTORE TRASVERSALE,International Agreement,https://eur-lex.europa.eu/legal-content/EN/ALL/?uri=celex:52017AE5490,117,EUROPEAN UNION,SETTORE TRASVERSALE,EUROPEAN UNION,SETTORE TRASVERSALE,False,10,,-68.60502332359968,27.882170737852828,#EA4335,['UNKNOWN'],UNKNOWN,False,True
12016E207,12016E207,2016,20 TRADE,Politica commerciale comune,Treaty,https://eur-lex.europa.eu/legal-content/EN/ALL/?uri=celex:12016E207,167,20 TRADE,Accordo generale sugli scambi di servizi,TRADE,ACCORDO GENERALE SUGLI SCAMBI DI SERVIZI,False,10,,69.57395614066075,21.631189665850947,#9C27B0,['TRADE'],TRADE,False,True
32013L0036,32013L0036,2013,BUSINESS AND COMPETITION;FINANCE;EMPLOYMENT AND WORKING CONDITIONS,EMPLOYMENT;FINANCIAL INSTITUTIONS AND CREDIT;MANAGEMENT;ACCOUNTING,Directive,https://eur-lex.europa.eu/legal-content/EN/ALL/?uri=celex:32013L0036,21,FINANCE,EMPLOYMENT,FINANCE,EMPLOYMENT,False,10,,-38.14496766047313,-56.63118954664167,#34A853,"['BUSINESS AND COMPETITION', 'FINANCE', 'EMPLOYMENT AND WORKING CONDITIONS']",BUSINESS AND COMPETITION,True,True
32023R2418,32023R2418,2023,"PRODUCTION, TECHNOLOGY AND RESEARCH;BUSINESS AND COMPETITION;TRADE;INTERNATIONAL RELATIONS;EUROPEAN UNION",BUSINESS ORGANISATION;DEFENCE;TRADE POLICY;RESEARCH AND INTELLECTUAL PROPERTY;EUROPEAN CONSTRUCTION,Regulation,https://eur-lex.europa.eu/legal-content/EN/ALL/?uri=celex:32023R2418,117,EUROPEAN UNION,SETTORE TRASVERSALE,EUROPEAN UNION,SETTORE TRASVERSALE,False,10,,-69.8602918676594,27.32328937117868,#EA4335,"['PRODUCTION, TECHNOLOGY AND RESEARCH', 'BUSINESS AND COMPETITION', 'TRADE', 'INTERNATIONAL RELATIONS', 'EUROPEAN UNION']","PRODUCTION, TECHNOLOGY AND RESEARCH",True,True
12016M003,12016M003,2016,UNKNOWN,SETTORE TRASVERSALE,Treaty,https://eur-lex.europa.eu/legal-content/EN/ALL/?uri=celex:12016M003,117,EUROPEAN UNION,SETTORE TRASVERSALE,EUROPEAN UNION,SETTORE TRASVERSALE,False,10,,-70.9719317573778,26.51563540655085,#EA4335,['UNKNOWN'],UNKNOWN,False,True
32004R0139,32004R0139,2004,BUSINESS AND COMPETITION,BUSINESS ORGANISATION;COMPETITION,Regulation,https://eur-lex.europa.eu/legal-content/EN/ALL/?uri=celex:32004R0139,39,BUSINESS AND COMPETITION,BUSINESS ORGANISATION,BUSINESS AND COMPETITION,BUSINESS ORGANISATION,False,10,,4.2862637970157365e-15,70.0,#4285F4,['BUSINESS AND COMPETITION'],BUSINESS AND COMPETITION,False,True
32016R0679,32016R0679,2016,EDUCATION AND COMMUNICATIONS;LAW;EUROPEAN UNION,INFORMATION AND INFORMATION PROCESSING;COMMUNICATIONS;INFORMATION TECHNOLOGY AND DATA PROCESSING;EUROPEAN CONSTRUCTION;RIGHTS AND FREEDOMS;CIVIL LAW,Regulation,https://eur-lex.europa.eu/legal-content/EN/ALL/?uri=celex:32016R0679,117,EUROPEAN UNION,SETTORE TRASVERSALE,EUROPEAN UNION,SETTORE TRASVERSALE,False,10,,-71.89135846948516,25.49450853206656,#EA4335,"['EDUCATION AND COMMUNICATIONS', 'LAW', 'EUROPEAN UNION']",EDUCATION AND COMMUNICATIONS,True,True
32021R0696,32021R0696,2021,"PRODUCTION, TECHNOLOGY AND RESEARCH;EDUCATION AND COMMUNICATIONS;LAW;TRANSPORT;EUROPEAN UNION",ORGANISATION OF TRANSPORT;INTERNATIONAL LAW;AIR AND SPACE TRANSPORT;COMMUNICATIONS;EU INSTITUTIONS AND EUROPEAN CIVIL SERVICE;RESEARCH AND INTELLECTUAL PROPERTY;EUROPEAN CONSTRUCTION,Regulation,https://eur-lex.europa.eu/legal-content/EN/ALL/?uri=celex:32021R0696,117,EUROPEAN UNION,SETTORE TRASVERSALE,EUROPEAN UNION,SETTORE TRASVERSALE,False,10,,-72.5783897898007,24.304535302527153,#EA4335,"['PRODUCTION, TECHNOLOGY AND RESEARCH', 'EDUCATION AND COMMUNICATIONS', 'LAW', 'TRANSPORT', 'EUROPEAN UNION']","PRODUCTION, TECHNOLOGY AND RESEARCH",True,True
32022R2560,32022R2560,2022,BUSINESS AND COMPETITION;TRADE;INTERNATIONAL RELATIONS;FINANCE;EUROPEAN UNION,COMPETITION;FINANCING AND INVESTMENT;TRADE POLICY;COOPERATION POLICY;EUROPEAN CONSTRUCTION;FREE MOVEMENT OF CAPITAL,Regulation,https://eur-lex.europa.eu/legal-content/EN/ALL/?uri=celex:32022R2560,117,EUROPEAN UNION,SETTORE TRASVERSALE,EUROPEAN UNION,SETTORE TRASVERSALE,False,10,,-73.00299835920356,22.99772423847189,#EA4335,"['BUSINESS AND COMPETITION', 'TRADE', 'INTERNATIONAL RELATIONS', 'FINANCE', 'EUROPEAN UNION']",BUSINESS AND COMPETITION,True,True
32020D1502,32020D1502,2020,POLITICS;EDUCATION AND COMMUNICATIONS;FINANCE;LAW;GEOGRAPHY;EUROPEAN UNION,ECONOMIC GEOGRAPHY;FINANCING AND INVESTMENT;POLITICS AND PUBLIC SAFETY;CRIMINAL LAW;INFORMATION AND INFORMATION PROCESSING;INFORMATION TECHNOLOGY AND DATA PROCESSING;EU INSTITUTIONS AND EUROPEAN CIVIL SERVICE;RIGHTS AND FREEDOMS,Decision,https://eur-lex.europa.eu/legal-content/EN/ALL/?uri=celex:32020D1502,117,EUROPEAN UNION,SETTORE TRASVERSALE,EUROPEAN UNION,SETTORE TRASVERSALE,False,10,,-73.14662681766401,21.631189116092195,#EA4335,"['POLITICS', 'EDUCATION AND COMMUNICATIONS', 'FINANCE', 'LAW', 'GEOGRAPHY', 'EUROPEAN UNION']",POLITICS,True,True
32016Q0512(01),32016Q0512(01),2016,EUROPEAN UNION,EUROPEAN UNION LAW;EU INSTITUTIONS AND EUROPEAN CIVIL SERVICE,Internal Regulation,https://eur-lex.europa.eu/legal-content/EN/ALL/?uri=celex:32016Q0512(01),117,EUROPEAN UNION,SETTORE TRASVERSALE,EUROPEAN UNION,SETTORE TRASVERSALE,False,10,,-73.00299796744186,20.264653967629634,#EA4335,['EUROPEAN UNION'],EUROPEAN UNION,False,True
32014L0065,32014L0065,2014,BUSINESS AND COMPETITION;TRADE;FINANCE,FINANCIAL INSTITUTIONS AND CREDIT;BUDGET;MANAGEMENT;MARKETING;FREE MOVEMENT OF CAPITAL,Directive,https://eur-lex.europa.eu/legal-content/EN/ALL/?uri=celex:32014L0065,21,FINANCE,EMPLOYMENT,FINANCE,EMPLOYMENT,False,10,,-42.644967883990546,-54.03311335610966,#34A853,"['BUSINESS AND COMPETITION', 'TRADE', 'FINANCE']",BUSINESS AND COMPETITION,True,True
32019R0452R(01),32019R0452R(01),2019,POLITICS;INTERNATIONAL RELATIONS;FINANCE;LAW;GEOGRAPHY;EUROPEAN UNION,BUDGET;ECONOMIC GEOGRAPHY;FINANCING AND INVESTMENT;POLITICS AND PUBLIC SAFETY;CRIMINAL LAW;EU INSTITUTIONS AND EUROPEAN CIVIL SERVICE;COOPERATION POLICY;FREE MOVEMENT OF CAPITAL,Regulation,https://eur-lex.europa.eu/legal-content/EN/ALL/?uri=celex:32019R0452R(01),117,EUROPEAN UNION,SETTORE TRASVERSALE,EUROPEAN UNION,SETTORE TRASVERSALE,False,10,,-72.578389398039,18.957843099455225,#EA4335,"['POLITICS', 'INTERNATIONAL RELATIONS', 'FINANCE', 'LAW', 'GEOGRAPHY', 'EUROPEAN UNION']",POLITICS,True,True
32022R0991,32022R0991,2022,"SOCIAL QUESTIONS;PRODUCTION, TECHNOLOGY AND RESEARCH;EDUCATION AND COMMUNICATIONS;INTERNATIONAL RELATIONS;EUROPEAN UNION",SOCIAL AFFAIRS;INFORMATION AND INFORMATION PROCESSING;INFORMATION TECHNOLOGY AND DATA PROCESSING;EU INSTITUTIONS AND EUROPEAN CIVIL SERVICE;RESEARCH AND INTELLECTUAL PROPERTY;COOPERATION POLICY;EUROPEAN CONSTRUCTION,Regulation,https://eur-lex.europa.eu/legal-content/EN/ALL/?uri=celex:32022R0991,117,EUROPEAN UNION,SETTORE TRASVERSALE,EUROPEAN UNION,SETTORE TRASVERSALE,False,10,,-71.89135807772345,17.767870457558367,#EA4335,"['SOCIAL QUESTIONS', 'PRODUCTION, TECHNOLOGY AND RESEARCH', 'EDUCATION AND COMMUNICATIONS', 'INTERNATIONAL RELATIONS', 'EUROPEAN UNION']",SOCIAL QUESTIONS,True,True
52017IR5423,52017IR5423,2017,UNKNOWN,SETTORE TRASVERSALE,Other/Secondary,https://eur-lex.europa.eu/legal-content/EN/ALL/?uri=celex:52017IR5423,117,EUROPEAN UNION,SETTORE TRASVERSALE,EUROPEAN UNION,SETTORE TRASVERSALE,False,10,,-70.9719305820927,16.746743191312376,#EA4335,['UNKNOWN'],UNKNOWN,False,True
32009R0428,32009R0428,2009,"PRODUCTION, TECHNOLOGY AND RESEARCH;TRADE;TRANSPORT",TARIFF POLICY;INTERNATIONAL TRADE;ORGANISATION OF TRANSPORT;TRADE;TRADE POLICY;TECHNOLOGY AND TECHNICAL REGULATIONS,Regulation,https://eur-lex.europa.eu/legal-content/EN/ALL/?uri=celex:32009R0428,35,"PRODUCTION, TECHNOLOGY AND RESEARCH",INTERNATIONAL TRADE,"PRODUCTION, TECHNOLOGY AND RESEARCH",INTERNATIONAL TRADE,False,10,,41.14496766047311,-56.63118960624633,#FBBC04,"['PRODUCTION, TECHNOLOGY AND RESEARCH', 'TRADE', 'TRANSPORT']","PRODUCTION, TECHNOLOGY AND RESEARCH",True,True
32022L2557,32022L2557,2022,POLITICS;BUSINESS AND COMPETITION;TRADE;EDUCATION AND COMMUNICATIONS;INTERNATIONAL RELATIONS;EUROPEAN UNION,INTERNATIONAL SECURITY;MANAGEMENT;POLITICS AND PUBLIC SAFETY;MARKETING;INFORMATION AND INFORMATION PROCESSING;EUROPEAN CONSTRUCTION,Directive,https://eur-lex.europa.eu/legal-content/EN/ALL/?uri=celex:32022L2557,117,EUROPEAN UNION,SETTORE TRASVERSALE,EUROPEAN UNION,SETTORE TRASVERSALE,False,10,,-69.86029088825515,15.939089618446248,#EA4335,"['POLITICS', 'BUSINESS AND COMPETITION', 'TRADE', 'EDUCATION AND COMMUNICATIONS', 'INTERNATIONAL RELATIONS', 'EUROPEAN UNION']",POLITICS,True,True
21994A1223(01),21994A1223(01),1994,20 TRADE,Organizzazione mondiale del commercio,International Agreement,https://eur-lex.europa.eu/legal-content/EN/ALL/?uri=celex:21994A1223(01),167,20 TRADE,Accordo generale sugli scambi di servizi,TRADE,ACCORDO GENERALE SUGLI SCAMBI DI SERVIZI,False,10,,65.07395591714334,24.22926585638296,#9C27B0,['TRADE'],TRADE,False,True
32020R1298,32020R1298,2020,POLITICS;INTERNATIONAL RELATIONS;FINANCE;LAW;GEOGRAPHY;EUROPEAN UNION,BUDGET;ECONOMIC GEOGRAPHY;FINANCING AND INVESTMENT;POLITICS AND PUBLIC SAFETY;CRIMINAL LAW;EU INSTITUTIONS AND EUROPEAN CIVIL SERVICE;COOPERATION POLICY;FREE MOVEMENT OF CAPITAL,Regulation,https://eur-lex.europa.eu/legal-content/EN/ALL/?uri=celex:32020R1298,117,EUROPEAN UNION,SETTORE TRASVERSALE,EUROPEAN UNION,SETTORE TRASVERSALE,False,10,,-68.60502391124224,15.380208643533802,#EA4335,"['POLITICS', 'INTERNATIONAL RELATIONS', 'FINANCE', 'LAW', 'GEOGRAPHY', 'EUROPEAN UNION']",POLITICS,True,True
12016M004,12016M004,2016,UNKNOWN,SETTORE TRASVERSALE,Treaty,https://eur-lex.europa.eu/legal-content/EN/ALL/?uri=celex:12016M004,117,EUROPEAN UNION,SETTORE TRASVERSALE,EUROPEAN UNION,SETTORE TRASVERSALE,False,10,,-67.26098642607246,15.094524649843677,#EA4335,['UNKNOWN'],UNKNOWN,False,True
21994A1223(16),21994A1223(16),1994,20 TRADE,Accordo generale sugli scambi di servizi,International Agreement,https://eur-lex.europa.eu/legal-content/EN/ALL/?uri=celex:21994A1223(16),167,20 TRADE,Accordo generale sugli scambi di servizi,TRADE,ACCORDO GENERALE SUGLI SCAMBI DI SERVIZI,False,10,,65.07395636417817,19.033113296505,#9C27B0,['TRADE'],TRADE,False,True
32015D0444,32015D0444,2015,UNKNOWN,SETTORE TRASVERSALE,Decision,https://eur-lex.europa.eu/legal-content/EN/ALL/?uri=celex:32015D0444,117,EUROPEAN UNION,SETTORE TRASVERSALE,EUROPEAN UNION,SETTORE TRASVERSALE,False,10,,-65.88692564630945,15.094524649843677,#EA4335,['UNKNOWN'],UNKNOWN,False,True
12016E290,12016E290,2016,UNKNOWN,SETTORE TRASVERSALE,Treaty,https://eur-lex.europa.eu/legal-content/EN/ALL/?uri=celex:12016E290,117,EUROPEAN UNION,SETTORE TRASVERSALE,EUROPEAN UNION,SETTORE TRASVERSALE,False,10,,-64.54288835702052,15.380208643533802,#EA4335,['UNKNOWN'],UNKNOWN,False,True
32009L0138,32009L0138,2009,FINANCE;LAW;EMPLOYMENT AND WORKING CONDITIONS;EUROPEAN UNION,EMPLOYMENT;INSURANCE;EUROPEAN UNION LAW;CIVIL LAW,Directive,https://eur-lex.europa.eu/legal-content/EN/ALL/?uri=celex:32009L0138,21,FINANCE,EMPLOYMENT,FINANCE,EMPLOYMENT,False,10,,-42.64496743695571,-59.22926591598762,#34A853,"['FINANCE', 'LAW', 'EMPLOYMENT AND WORKING CONDITIONS', 'EUROPEAN UNION']",FINANCE,True,True
12016E/TXT,12016E/TXT,2016,UNKNOWN,SETTORE TRASVERSALE,Treaty,https://eur-lex.europa.eu/legal-content/EN/ALL/?uri=celex:12016E/TXT,117,EUROPEAN UNION,SETTORE TRASVERSALE,EUROPEAN UNION,SETTORE TRASVERSALE,False,10,,-63.287621380007614,15.939089618446248,#EA4335,['UNKNOWN'],UNKNOWN,False,True
32018R1725,32018R1725,2018,EDUCATION AND COMMUNICATIONS;LAW;EUROPEAN UNION,INFORMATION AND INFORMATION PROCESSING;COMMUNICATIONS;INFORMATION TECHNOLOGY AND DATA PROCESSING;EU INSTITUTIONS AND EUROPEAN CIVIL SERVICE;RIGHTS AND FREEDOMS;CIVIL LAW,Regulation,https://eur-lex.europa.eu/legal-content/EN/ALL/?uri=celex:32018R1725,117,EUROPEAN UNION,SETTORE TRASVERSALE,EUROPEAN UNION,SETTORE TRASVERSALE,False,10,,-62.17598011912325,16.746744366597483,#EA4335,"['EDUCATION AND COMMUNICATIONS', 'LAW', 'EUROPEAN UNION']",EDUCATION AND COMMUNICATIONS,True,True
42011A0708(01),42011A0708(01),2011,UNKNOWN,SETTORE TRASVERSALE,International Agreement,https://eur-lex.europa.eu/legal-content/EN/ALL/?uri=celex:42011A0708(01),117,EUROPEAN UNION,SETTORE TRASVERSALE,EUROPEAN UNION,SETTORE TRASVERSALE,False,10,,-61.25655419053931,17.767870457558367,#EA4335,['UNKNOWN'],UNKNOWN,False,True
12016E288,12016E288,2016,UNKNOWN,SETTORE TRASVERSALE,Treaty,https://eur-lex.europa.eu/legal-content/EN/ALL/?uri=celex:12016E288,117,EUROPEAN UNION,SETTORE TRASVERSALE,EUROPEAN UNION,SETTORE TRASVERSALE,False,10,,-60.56952208670036,18.957844666502027,#EA4335,['UNKNOWN'],UNKNOWN,False,True
32021R2126,COMMISSION DELEGATED REGULATION (EU) …/... amending the Annex to Regulation (EU) 2019/452 of the European Parliament and of the Council establishing a framework for the screening of foreign direct investments into the Union,2021,POLITICS;INTERNATIONAL RELATIONS;FINANCE;LAW;GEOGRAPHY;EUROPEAN UNION,BUDGET;ECONOMIC GEOGRAPHY;FINANCING AND INVESTMENT;POLITICS AND PUBLIC SAFETY;CRIMINAL LAW;EU INSTITUTIONS AND EUROPEAN CIVIL SERVICE;COOPERATION POLICY;FREE MOVEMENT OF CAPITAL,Regulation,https://eur-lex.europa.eu/legal-content/EN/ALL/?uri=celex:32021R2126,117,EUROPEAN UNION,SETTORE TRASVERSALE,EUROPEAN UNION,SETTORE TRASVERSALE,False,10,,-60.1449143008209,20.264654163510485,#EA4335,"['POLITICS', 'INTERNATIONAL RELATIONS', 'FINANCE', 'LAW', 'GEOGRAPHY', 'EUROPEAN UNION']",POLITICS,True,True
