segment_id,celex,node_id,articolo_id,llm_status,pct__Scope_and_applicability_provisions,pct__Empowering_and_enabling_provisions,pct__Delegation_and_empowerment_clauses,pct__Scope-limiting_exceptions,pct__Incorporation_by_reference_clauses,pct__Procedural_coordination_and_consultation_clauses,pct__Procedural_safeguards_and_confidentiality,pct__Operational_flexibility_and_derogation_clauses,pct__Procedural_notification_and_reporting_clauses,pct__Implementation_and_reporting_duties,pct__Operational_procedural_provisions
32010R1227__articolo__1,32010R1227,32010R1227,1,ok,0.0,0.0,0.0,0.0,20.0,0.0,0.0,0.0,40.0,40.0,0.0
32010R1227__articolo__2,32010R1227,32010R1227,2,ok,0.0,0.0,0.0,0.0,0.0,0.0,0.0,0.0,0.0,0.0,100.0
32020R1298__articolo__1_p1,32020R1298,32020R1298,1_p1,ok,40.0,0.0,0.0,0.0,60.0,0.0,0.0,0.0,0.0,0.0,0.0
32020R1298__articolo__1_p2,32020R1298,32020R1298,1_p2,ok,0.0,0.0,0.0,0.0,100.0,0.0,0.0,0.0,0.0,0.0,0.0
32020R1298__articolo__1_p3,32020R1298,32020R1298,1_p3,ok,0.0,0.0,0.0,0.0,100.0,0.0,0.0,0.0,0.0,0.0,0.0
32020R1298__articolo__2,32020R1298,32020R1298,2,ok,0.0,0.0,0.0,0.0,35.0,15.0,0.0,0.0,25.0,0.0,25.0
32016R1013__articolo__1_p1,32016R1013,32016R1013,1_p1,ok,0.0,0.0,95.0,0.0,2.0,0.0,0.0,0.0,0.0,3.0,0.0
32016R1013__articolo__1_p2,32016R1013,32016R1013,1_p2,ok,0.0,0.0,0.0,0.0,100.0,0.0,0.0,0.0,0.0,0.0,0.0
32016R1013__articolo__1_p3,32016R1013,32016R1013,1_p3,ok,0.0,0.0,0.0,0.0,0.0,0.0,0.0,0.0,0.0,100.0,0.0
32016R1013__articolo__1_p4,32016R1013,32016R1013,1_p4,ok,0.0,0.0,100.0,0.0,0.0,0.0,0.0,0.0,0.0,0.0,0.0
32016R1013__articolo__1_p5,32016R1013,32016R1013,1_p5,ok,0.0,0.0,0.0,0.0,10.0,20.0,0.0,0.0,20.0,50.0,0.0
32016R1013__articolo__1_p6,32016R1013,32016R1013,1_p6,ok,0.0,0.0,0.0,0.0,0.0,0.0,0.0,0.0,40.0,60.0,0.0
32016R1013__articolo__1_p7,32016R1013,32016R1013,1_p7,ok,0.0,0.0,0.0,0.0,0.0,0.0,0.0,0.0,60.0,40.0,0.0
32016R1013__articolo__1_p8,32016R1013,32016R1013,1_p8,ok,100.0,0.0,0.0,0.0,0.0,0.0,0.0,0.0,0.0,0.0,0.0
32016R1013__articolo__1_p9,32016R1013,32016R1013,1_p9,ok,100.0,0.0,0.0,0.0,0.0,0.0,0.0,0.0,0.0,0.0,0.0
32016R1013__articolo__1_p10,32016R1013,32016R1013,1_p10,ok,100.0,0.0,0.0,0.0,0.0,0.0,0.0,0.0,0.0,0.0,0.0
32016R1013__articolo__1_p11,32016R1013,32016R1013,1_p11,ok,0.0,10.0,0.0,0.0,0.0,35.0,0.0,0.0,0.0,55.0,0.0
32016R1013__articolo__1_p12,32016R1013,32016R1013,1_p12,ok,0.0,0.0,0.0,0.0,0.0,0.0,0.0,0.0,0.0,100.0,0.0
32016R1013__articolo__1_p13,32016R1013,32016R1013,1_p13,ok,0.0,90.0,0.0,0.0,10.0,0.0,0.0,0.0,0.0,0.0,0.0
32016R1013__articolo__1_p14,32016R1013,32016R1013,1_p14,ok,0.0,0.0,0.0,0.0,0.0,0.0,0.0,0.0,0.0,100.0,0.0
32016R1013__articolo__1_p15,32016R1013,32016R1013,1_p15,ok,0.0,0.0,0.0,0.0,0.0,0.0,0.0,0.0,50.0,50.0,0.0
32016R1013__articolo__1_p16,32016R1013,32016R1013,1_p16,ok,0.0,0.0,100.0,0.0,0.0,0.0,0.0,0.0,0.0,0.0,0.0
32016R1013__articolo__1_p17,32016R1013,32016R1013,1_p17,ok,0.0,15.0,10.0,5.0,10.0,0.0,0.0,5.0,15.0,20.0,20.0
32016R1013__articolo__1_p18,32016R1013,32016R1013,1_p18,ok,0.0,0.0,0.0,0.0,20.0,0.0,0.0,0.0,40.0,40.0,0.0
32016R1013__articolo__1_p19,32016R1013,32016R1013,1_p19,ok,0.0,0.0,80.0,5.0,10.0,0.0,5.0,0.0,0.0,0.0,0.0
32016R1013__articolo__1_p20,32016R1013,32016R1013,1_p20,ok,0.0,0.0,100.0,0.0,0.0,0.0,0.0,0.0,0.0,0.0,0.0
32016R1013__articolo__1_p21,32016R1013,32016R1013,1_p21,ok,0.0,0.0,100.0,0.0,0.0,0.0,0.0,0.0,0.0,0.0,0.0
32016R1013__articolo__1_p22,32016R1013,32016R1013,1_p22,ok,0.0,0.0,70.0,10.0,0.0,0.0,0.0,10.0,0.0,10.0,0.0
32016R1013__articolo__1_p23,32016R1013,32016R1013,1_p23,ok,0.0,0.0,55.0,20.0,10.0,0.0,0.0,10.0,5.0,0.0,0.0
32016R1013__articolo__1_p24,32016R1013,32016R1013,1_p24,ok,0.0,0.0,15.0,0.0,20.0,65.0,0.0,0.0,0.0,0.0,0.0
32016R1013__articolo__1_p25,32016R1013,32016R1013,1_p25,ok,0.0,0.0,20.0,0.0,0.0,0.0,0.0,0.0,80.0,0.0,0.0
32016R1013__articolo__1_p26,32016R1013,32016R1013,1_p26,ok,0.0,0.0,70.0,10.0,0.0,10.0,0.0,5.0,5.0,0.0,0.0
32016R1013__articolo__1_p27,32016R1013,32016R1013,1_p27,ok,0.0,0.0,0.0,0.0,60.0,40.0,0.0,0.0,0.0,0.0,0.0
32016R1013__articolo__1_p28,32016R1013,32016R1013,1_p28,ok,0.0,0.0,0.0,0.0,20.0,0.0,0.0,0.0,20.0,60.0,0.0
32016R1013__articolo__1_p29,32016R1013,32016R1013,1_p29,ok,0.0,100.0,0.0,0.0,0.0,0.0,0.0,0.0,0.0,0.0,0.0
32016R1013__articolo__1_p30,32016R1013,32016R1013,1_p30,ok,0.0,0.0,0.0,0.0,0.0,0.0,0.0,0.0,0.0,100.0,0.0
32016R1013__articolo__1_p31,32016R1013,32016R1013,1_p31,ok,5.0,0.0,0.0,0.0,30.0,65.0,0.0,0.0,0.0,0.0,0.0
32016R1013__articolo__2,32016R1013,32016R1013,2,ok,0.0,0.0,0.0,0.0,0.0,0.0,0.0,0.0,0.0,0.0,100.0
32020D1502__articolo__1_p1,32020D1502,32020D1502,1_p1,ok,100.0,0.0,0.0,0.0,0.0,0.0,0.0,0.0,0.0,0.0,0.0
32020D1502__articolo__1_p2,32020D1502,32020D1502,1_p2,ok,60.0,15.0,0.0,20.0,5.0,0.0,0.0,0.0,0.0,0.0,0.0
32020D1502__articolo__1_p3,32020D1502,32020D1502,1_p3,ok,0.0,0.0,0.0,0.0,0.0,100.0,0.0,0.0,0.0,0.0,0.0
32020D1502__articolo__1_p4,32020D1502,32020D1502,1_p4,ok,100.0,0.0,0.0,0.0,0.0,0.0,0.0,0.0,0.0,0.0,0.0
32020D1502__articolo__2_p1,32020D1502,32020D1502,2_p1,ok,85.0,0.0,0.0,15.0,0.0,0.0,0.0,0.0,0.0,0.0,0.0
32020D1502__articolo__2_p2,32020D1502,32020D1502,2_p2,ok,0.0,0.0,0.0,50.0,50.0,0.0,0.0,0.0,0.0,0.0,0.0
32020D1502__articolo__2_p3,32020D1502,32020D1502,2_p3,ok,45.0,35.0,0.0,20.0,0.0,0.0,0.0,0.0,0.0,0.0,0.0
32020D1502__articolo__2_p4,32020D1502,32020D1502,2_p4,ok,0.0,0.0,0.0,0.0,100.0,0.0,0.0,0.0,0.0,0.0,0.0
32020D1502__articolo__2_p5,32020D1502,32020D1502,2_p5,ok,0.0,0.0,0.0,30.0,70.0,0.0,0.0,0.0,0.0,0.0,0.0
32020D1502__articolo__2_p6,32020D1502,32020D1502,2_p6,ok,0.0,80.0,0.0,20.0,0.0,0.0,0.0,0.0,0.0,0.0,0.0
32020D1502__articolo__2_p7,32020D1502,32020D1502,2_p7,ok,10.0,0.0,0.0,80.0,10.0,0.0,0.0,0.0,0.0,0.0,0.0
32020D1502__articolo__2_p8,32020D1502,32020D1502,2_p8,ok,10.0,0.0,0.0,80.0,10.0,0.0,0.0,0.0,0.0,0.0,0.0
32020D1502__articolo__2_p9,32020D1502,32020D1502,2_p9,ok,0.0,0.0,0.0,70.0,0.0,20.0,0.0,0.0,0.0,0.0,10.0
32020D1502__articolo__2_p10,32020D1502,32020D1502,2_p10,ok,0.0,0.0,0.0,20.0,35.0,45.0,0.0,0.0,0.0,0.0,0.0
32020D1502__articolo__2_p11,32020D1502,32020D1502,2_p11,ok,0.0,0.0,0.0,100.0,0.0,0.0,0.0,0.0,0.0,0.0,0.0
32020D1502__articolo__2_p12,32020D1502,32020D1502,2_p12,ok,0.0,0.0,0.0,100.0,0.0,0.0,0.0,0.0,0.0,0.0,0.0
32020D1502__articolo__2_p13,32020D1502,32020D1502,2_p13,ok,0.0,0.0,0.0,20.0,80.0,0.0,0.0,0.0,0.0,0.0,0.0
32020D1502__articolo__2_p14,32020D1502,32020D1502,2_p14,ok,0.0,0.0,0.0,0.0,100.0,0.0,0.0,0.0,0.0,0.0,0.0
32020D1502__articolo__2_p15,32020D1502,32020D1502,2_p15,ok,0.0,0.0,0.0,100.0,0.0,0.0,0.0,0.0,0.0,0.0,0.0
32020D1502__articolo__3_p1,32020D1502,32020D1502,3_p1,ok,0.0,0.0,0.0,0.0,0.0,0.0,100.0,0.0,0.0,0.0,0.0
32020D1502__articolo__3_p2,32020D1502,32020D1502,3_p2,ok,0.0,0.0,0.0,10.0,30.0,0.0,20.0,10.0,30.0,0.0,0.0
32020D1502__articolo__3_p3,32020D1502,32020D1502,3_p3,ok,0.0,0.0,0.0,50.0,25.0,0.0,25.0,0.0,0.0,0.0,0.0
32020D1502__articolo__4_p1,32020D1502,32020D1502,4_p1,ok,0.0,100.0,0.0,0.0,0.0,0.0,0.0,0.0,0.0,0.0,0.0
32020D1502__articolo__4_p2,32020D1502,32020D1502,4_p2,ok,0.0,0.0,0.0,40.0,30.0,0.0,20.0,0.0,10.0,0.0,0.0
32020D1502__articolo__4_p3,32020D1502,32020D1502,4_p3,ok,0.0,0.0,0.0,0.0,0.0,0.0,0.0,0.0,100.0,0.0,0.0
32020D1502__articolo__4_p4,32020D1502,32020D1502,4_p4,ok,0.0,0.0,0.0,0.0,0.0,0.0,0.0,0.0,100.0,0.0,0.0
32020D1502__articolo__4_p5,32020D1502,32020D1502,4_p5,ok,0.0,0.0,0.0,100.0,0.0,0.0,0.0,0.0,0.0,0.0,0.0
32020D1502__articolo__4_p6,32020D1502,32020D1502,4_p6,ok,0.0,0.0,0.0,0.0,100.0,0.0,0.0,0.0,0.0,0.0,0.0
32020D1502__articolo__4_p7,32020D1502,32020D1502,4_p7,ok,0.0,10.0,0.0,45.0,35.0,10.0,0.0,0.0,0.0,0.0,0.0
32020D1502__articolo__5,32020D1502,32020D1502,5,ok,0.0,0.0,0.0,50.0,30.0,0.0,20.0,0.0,0.0,0.0,0.0
32020D1502__articolo__6_p1,32020D1502,32020D1502,6_p1,ok,100.0,0.0,0.0,0.0,0.0,0.0,0.0,0.0,0.0,0.0,0.0
32020D1502__articolo__6_p2,32020D1502,32020D1502,6_p2,ok,0.0,0.0,0.0,0.0,20.0,0.0,80.0,0.0,0.0,0.0,0.0
32020D1502__articolo__6_p3,32020D1502,32020D1502,6_p3,ok,0.0,0.0,0.0,100.0,0.0,0.0,0.0,0.0,0.0,0.0,0.0
32020D1502__articolo__6_p4,32020D1502,32020D1502,6_p4,ok,0.0,0.0,0.0,0.0,0.0,0.0,50.0,0.0,0.0,0.0,50.0
32020D1502__articolo__7_p1,32020D1502,32020D1502,7_p1,ok,25.0,0.0,0.0,75.0,0.0,0.0,0.0,0.0,0.0,0.0,0.0
32020D1502__articolo__7_p2,32020D1502,32020D1502,7_p2,ok,0.0,0.0,0.0,100.0,0.0,0.0,0.0,0.0,0.0,0.0,0.0
32020D1502__articolo__7_p3,32020D1502,32020D1502,7_p3,ok,0.0,0.0,0.0,70.0,15.0,0.0,15.0,0.0,0.0,0.0,0.0
32020D1502__articolo__7_p4,32020D1502,32020D1502,7_p4,ok,0.0,0.0,0.0,60.0,25.0,0.0,0.0,0.0,0.0,10.0,5.0
32020D1502__articolo__8,32020D1502,32020D1502,8,ok,0.0,0.0,0.0,35.0,0.0,25.0,20.0,0.0,10.0,10.0,0.0
32020D1502__articolo__9,32020D1502,32020D1502,9,ok,0.0,0.0,0.0,0.0,100.0,0.0,0.0,0.0,0.0,0.0,0.0
32023R2414__articolo__1,32023R2414,32023R2414,1,ok,0.0,0.0,0.0,0.0,100.0,0.0,0.0,0.0,0.0,0.0,0.0
32023R2414__articolo__2,32023R2414,32023R2414,2,ok,0.0,0.0,0.0,0.0,0.0,0.0,0.0,0.0,0.0,0.0,100.0
32023R1441__articolo__1_p1,32023R1441,32023R1441,1_p1,ok,20.0,0.0,5.0,0.0,25.0,0.0,0.0,0.0,0.0,0.0,50.0
32023R1441__articolo__1_p2,32023R1441,32023R1441,1_p2,ok,0.0,0.0,0.0,0.0,45.0,0.0,25.0,0.0,10.0,0.0,20.0
32023R1441__articolo__2,32023R1441,32023R1441,2,ok,70.0,0.0,0.0,0.0,20.0,0.0,0.0,0.0,0.0,0.0,10.0
32023R1441__articolo__3_p1,32023R1441,32023R1441,3_p1,ok,100.0,0.0,0.0,0.0,0.0,0.0,0.0,0.0,0.0,0.0,0.0
32023R1441__articolo__3_p2,32023R1441,32023R1441,3_p2,ok,20.0,0.0,0.0,0.0,40.0,0.0,0.0,0.0,30.0,0.0,10.0
32023R1441__articolo__3_p3,32023R1441,32023R1441,3_p3,ok,0.0,0.0,0.0,0.0,10.0,0.0,0.0,0.0,70.0,0.0,20.0
32023R1441__articolo__3_p4,32023R1441,32023R1441,3_p4,ok,0.0,0.0,0.0,0.0,0.0,0.0,20.0,0.0,30.0,0.0,50.0
32023R1441__articolo__4_p1,32023R1441,32023R1441,4_p1,ok,0.0,0.0,0.0,0.0,0.0,0.0,0.0,0.0,100.0,0.0,0.0
32023R1441__articolo__4_p2,32023R1441,32023R1441,4_p2,ok,0.0,0.0,0.0,0.0,60.0,0.0,0.0,0.0,20.0,0.0,20.0
32023R1441__articolo__4_p3,32023R1441,32023R1441,4_p3,ok,0.0,0.0,0.0,0.0,100.0,0.0,0.0,0.0,0.0,0.0,0.0
32023R1441__articolo__4_p4,32023R1441,32023R1441,4_p4,ok,0.0,0.0,0.0,0.0,10.0,0.0,0.0,0.0,0.0,0.0,90.0
32023R1441__articolo__4_p5,32023R1441,32023R1441,4_p5,ok,0.0,0.0,0.0,0.0,0.0,0.0,0.0,100.0,0.0,0.0,0.0
32023R1441__articolo__4_p6,32023R1441,32023R1441,4_p6,ok,0.0,0.0,0.0,0.0,0.0,0.0,0.0,0.0,20.0,0.0,80.0
32023R1441__articolo__5_p1,32023R1441,32023R1441,5_p1,ok,25.0,10.0,0.0,0.0,0.0,5.0,10.0,5.0,20.0,15.0,10.0
32023R1441__articolo__5_p2,32023R1441,32023R1441,5_p2,ok,0.0,0.0,0.0,0.0,15.0,0.0,0.0,0.0,10.0,0.0,75.0
32023R1441__articolo__5_p3,32023R1441,32023R1441,5_p3,ok,45.0,0.0,0.0,25.0,15.0,0.0,0.0,0.0,5.0,0.0,10.0
32023R1441__articolo__5_p4,32023R1441,32023R1441,5_p4,ok,0.0,0.0,0.0,0.0,100.0,0.0,0.0,0.0,0.0,0.0,0.0
32023R1441__articolo__5_p5,32023R1441,32023R1441,5_p5,ok,0.0,0.0,0.0,0.0,15.0,0.0,0.0,5.0,20.0,0.0,60.0
32023R1441__articolo__5_p6,32023R1441,32023R1441,5_p6,ok,0.0,10.0,0.0,55.0,20.0,10.0,0.0,5.0,0.0,0.0,0.0
32023R1441__articolo__5_p7,32023R1441,32023R1441,5_p7,ok,0.0,0.0,0.0,0.0,0.0,0.0,0.0,0.0,50.0,0.0,50.0
32023R1441__articolo__6_p1,32023R1441,32023R1441,6_p1,ok,100.0,0.0,0.0,0.0,0.0,0.0,0.0,0.0,0.0,0.0,0.0
32023R1441__articolo__6_p2,32023R1441,32023R1441,6_p2,ok,0.0,0.0,0.0,0.0,100.0,0.0,0.0,0.0,0.0,0.0,0.0
32023R1441__articolo__6_p3,32023R1441,32023R1441,6_p3,ok,0.0,0.0,0.0,0.0,0.0,0.0,50.0,0.0,25.0,0.0,25.0
32023R1441__articolo__6_p4,32023R1441,32023R1441,6_p4,ok,0.0,0.0,0.0,0.0,0.0,0.0,0.0,10.0,55.0,0.0,35.0
32023R1441__articolo__6_p5,32023R1441,32023R1441,6_p5,ok,0.0,0.0,0.0,0.0,0.0,0.0,0.0,0.0,100.0,0.0,0.0
32023R1441__articolo__7_p1,32023R1441,32023R1441,7_p1,ok,15.0,0.0,0.0,25.0,40.0,0.0,0.0,0.0,10.0,0.0,10.0
32023R1441__articolo__7_p2,32023R1441,32023R1441,7_p2,ok,5.0,0.0,0.0,10.0,20.0,0.0,15.0,0.0,20.0,0.0,30.0
32023R1441__articolo__7_p3,32023R1441,32023R1441,7_p3,ok,0.0,20.0,0.0,50.0,20.0,0.0,0.0,0.0,10.0,0.0,0.0
32023R1441__articolo__7_p4,32023R1441,32023R1441,7_p4,ok,0.0,0.0,0.0,0.0,0.0,0.0,0.0,15.0,35.0,0.0,50.0
32023R1441__articolo__7_p5,32023R1441,32023R1441,7_p5,ok,0.0,0.0,0.0,20.0,80.0,0.0,0.0,0.0,0.0,0.0,0.0
32023R1441__articolo__8_p1,32023R1441,32023R1441,8_p1,ok,20.0,0.0,0.0,0.0,0.0,0.0,0.0,0.0,0.0,0.0,80.0
32023R1441__articolo__8_p2,32023R1441,32023R1441,8_p2,ok,5.0,20.0,0.0,0.0,10.0,5.0,15.0,10.0,10.0,0.0,25.0
32023R1441__articolo__8_p3,32023R1441,32023R1441,8_p3,ok,0.0,0.0,0.0,0.0,0.0,0.0,0.0,100.0,0.0,0.0,0.0
32023R1441__articolo__8_p4,32023R1441,32023R1441,8_p4,ok,0.0,0.0,0.0,0.0,0.0,0.0,70.0,0.0,0.0,0.0,30.0
32023R1441__articolo__9,32023R1441,32023R1441,9,ok,0.0,0.0,0.0,0.0,25.0,0.0,35.0,0.0,0.0,0.0,40.0
32023R1441__articolo__10_p1,32023R1441,32023R1441,10_p1,ok,0.0,0.0,0.0,0.0,0.0,0.0,0.0,0.0,0.0,0.0,100.0
32023R1441__articolo__10_p2,32023R1441,32023R1441,10_p2,ok,0.0,0.0,0.0,0.0,100.0,0.0,0.0,0.0,0.0,0.0,0.0
32023R1441__articolo__10_p3,32023R1441,32023R1441,10_p3,ok,0.0,0.0,0.0,0.0,100.0,0.0,0.0,0.0,0.0,0.0,0.0
32023R1441__articolo__10_p4,32023R1441,32023R1441,10_p4,ok,0.0,0.0,0.0,0.0,0.0,0.0,100.0,0.0,0.0,0.0,0.0
32023R1441__articolo__10_p5,32023R1441,32023R1441,10_p5,ok,0.0,0.0,0.0,0.0,0.0,0.0,30.0,20.0,0.0,0.0,50.0
32023R1441__articolo__11_p1,32023R1441,32023R1441,11_p1,ok,0.0,0.0,0.0,0.0,0.0,0.0,0.0,0.0,100.0,0.0,0.0
32023R1441__articolo__11_p2,32023R1441,32023R1441,11_p2,ok,20.0,50.0,0.0,0.0,25.0,0.0,0.0,0.0,0.0,0.0,5.0
32023R1441__articolo__11_p3,32023R1441,32023R1441,11_p3,ok,0.0,0.0,0.0,0.0,0.0,0.0,0.0,0.0,35.0,25.0,40.0
32023R1441__articolo__12_p1,32023R1441,32023R1441,12_p1,ok,20.0,10.0,0.0,0.0,0.0,0.0,0.0,0.0,20.0,30.0,20.0
32023R1441__articolo__12_p2,32023R1441,32023R1441,12_p2,ok,0.0,0.0,0.0,10.0,45.0,0.0,5.0,0.0,0.0,0.0,40.0
32023R1441__articolo__12_p3,32023R1441,32023R1441,12_p3,ok,0.0,0.0,0.0,0.0,30.0,0.0,25.0,0.0,0.0,0.0,45.0
32023R1441__articolo__12_p4,32023R1441,32023R1441,12_p4,ok,0.0,0.0,0.0,0.0,0.0,0.0,100.0,0.0,0.0,0.0,0.0
32023R1441__articolo__13_p1,32023R1441,32023R1441,13_p1,ok,0.0,0.0,0.0,0.0,0.0,0.0,0.0,0.0,0.0,0.0,100.0
32023R1441__articolo__13_p2,32023R1441,32023R1441,13_p2,ok,70.0,0.0,0.0,0.0,30.0,0.0,0.0,0.0,0.0,0.0,0.0
32023R1441__articolo__13_p3,32023R1441,32023R1441,13_p3,ok,0.0,0.0,0.0,0.0,20.0,0.0,0.0,0.0,0.0,0.0,80.0
32023R1441__articolo__13_p4,32023R1441,32023R1441,13_p4,ok,0.0,0.0,0.0,0.0,20.0,0.0,0.0,15.0,0.0,0.0,65.0
32023R1441__articolo__13_p5,32023R1441,32023R1441,13_p5,ok,0.0,25.0,0.0,35.0,20.0,20.0,0.0,0.0,0.0,0.0,0.0
32023R1441__articolo__14_p1,32023R1441,32023R1441,14_p1,ok,5.0,0.0,0.0,10.0,0.0,0.0,0.0,0.0,0.0,0.0,85.0
32023R1441__articolo__14_p2,32023R1441,32023R1441,14_p2,ok,35.0,0.0,0.0,15.0,25.0,10.0,0.0,10.0,0.0,0.0,5.0
32023R1441__articolo__14_p3,32023R1441,32023R1441,14_p3,ok,0.0,100.0,0.0,0.0,0.0,0.0,0.0,0.0,0.0,0.0,0.0
32023R1441__articolo__14_p4,32023R1441,32023R1441,14_p4,ok,0.0,0.0,0.0,0.0,70.0,30.0,0.0,0.0,0.0,0.0,0.0
32023R1441__articolo__15_p1,32023R1441,32023R1441,15_p1,ok,0.0,0.0,0.0,0.0,0.0,0.0,0.0,0.0,0.0,0.0,100.0
32023R1441__articolo__15_p2,32023R1441,32023R1441,15_p2,ok,0.0,0.0,0.0,0.0,100.0,0.0,0.0,0.0,0.0,0.0,0.0
32023R1441__articolo__15_p3,32023R1441,32023R1441,15_p3,ok,0.0,0.0,0.0,0.0,100.0,0.0,0.0,0.0,0.0,0.0,0.0
32023R1441__articolo__15_p4,32023R1441,32023R1441,15_p4,ok,0.0,0.0,0.0,0.0,0.0,0.0,100.0,0.0,0.0,0.0,0.0
32023R1441__articolo__15_p5,32023R1441,32023R1441,15_p5,ok,0.0,0.0,0.0,0.0,5.0,0.0,20.0,0.0,0.0,0.0,75.0
32023R1441__articolo__16_p1,32023R1441,32023R1441,16_p1,ok,20.0,45.0,0.0,0.0,20.0,0.0,0.0,0.0,10.0,5.0,0.0
32023R1441__articolo__16_p2,32023R1441,32023R1441,16_p2,ok,70.0,0.0,0.0,20.0,0.0,0.0,0.0,0.0,0.0,0.0,10.0
32023R1441__articolo__16_p3,32023R1441,32023R1441,16_p3,ok,20.0,0.0,0.0,0.0,0.0,0.0,0.0,0.0,0.0,0.0,80.0
32023R1441__articolo__16_p4,32023R1441,32023R1441,16_p4,ok,0.0,0.0,0.0,0.0,100.0,0.0,0.0,0.0,0.0,0.0,0.0
32023R1441__articolo__16_p5,32023R1441,32023R1441,16_p5,ok,0.0,0.0,0.0,0.0,100.0,0.0,0.0,0.0,0.0,0.0,0.0
32023R1441__articolo__16_p6,32023R1441,32023R1441,16_p6,ok,0.0,0.0,0.0,0.0,100.0,0.0,0.0,0.0,0.0,0.0,0.0
32023R1441__articolo__17_p1,32023R1441,32023R1441,17_p1,ok,0.0,0.0,0.0,0.0,0.0,0.0,100.0,0.0,0.0,0.0,0.0
32023R1441__articolo__17_p2,32023R1441,32023R1441,17_p2,ok,0.0,0.0,0.0,0.0,40.0,0.0,20.0,10.0,0.0,0.0,30.0
32023R1441__articolo__17_p3,32023R1441,32023R1441,17_p3,ok,0.0,0.0,0.0,0.0,20.0,0.0,30.0,0.0,0.0,0.0,50.0
32023R1441__articolo__17_p4,32023R1441,32023R1441,17_p4,ok,0.0,0.0,0.0,0.0,10.0,0.0,25.0,0.0,0.0,0.0,65.0
32023R1441__articolo__17_p5,32023R1441,32023R1441,17_p5,ok,0.0,0.0,0.0,0.0,0.0,0.0,20.0,80.0,0.0,0.0,0.0
32023R1441__articolo__18_p1,32023R1441,32023R1441,18_p1,ok,0.0,100.0,0.0,0.0,0.0,0.0,0.0,0.0,0.0,0.0,0.0
32023R1441__articolo__18_p2,32023R1441,32023R1441,18_p2,ok,0.0,15.0,0.0,0.0,50.0,0.0,35.0,0.0,0.0,0.0,0.0
32023R1441__articolo__18_p3,32023R1441,32023R1441,18_p3,ok,0.0,0.0,0.0,10.0,30.0,0.0,25.0,15.0,10.0,0.0,10.0
32023R1441__articolo__18_p4,32023R1441,32023R1441,18_p4,ok,0.0,0.0,0.0,0.0,20.0,0.0,35.0,0.0,0.0,0.0,45.0
32023R1441__articolo__19_p1,32023R1441,32023R1441,19_p1,ok,0.0,0.0,0.0,0.0,0.0,0.0,100.0,0.0,0.0,0.0,0.0
32023R1441__articolo__19_p2,32023R1441,32023R1441,19_p2,ok,0.0,0.0,0.0,100.0,0.0,0.0,0.0,0.0,0.0,0.0,0.0
32023R1441__articolo__19_p3,32023R1441,32023R1441,19_p3,ok,0.0,0.0,0.0,0.0,35.0,0.0,10.0,0.0,15.0,0.0,40.0
32023R1441__articolo__19_p4,32023R1441,32023R1441,19_p4,ok,0.0,0.0,0.0,0.0,100.0,0.0,0.0,0.0,0.0,0.0,0.0
32023R1441__articolo__19_p5,32023R1441,32023R1441,19_p5,ok,0.0,75.0,0.0,25.0,0.0,0.0,0.0,0.0,0.0,0.0,0.0
32023R1441__articolo__19_p6,32023R1441,32023R1441,19_p6,ok,0.0,0.0,0.0,0.0,0.0,0.0,100.0,0.0,0.0,0.0,0.0
32023R1441__articolo__19_p7,32023R1441,32023R1441,19_p7,ok,0.0,0.0,0.0,0.0,0.0,0.0,100.0,0.0,0.0,0.0,0.0
32023R1441__articolo__19_p8,32023R1441,32023R1441,19_p8,ok,0.0,0.0,0.0,0.0,0.0,0.0,100.0,0.0,0.0,0.0,0.0
32023R1441__articolo__19_p9,32023R1441,32023R1441,19_p9,ok,0.0,0.0,0.0,0.0,0.0,0.0,100.0,0.0,0.0,0.0,0.0
32023R1441__articolo__19_p10,32023R1441,32023R1441,19_p10,ok,0.0,0.0,0.0,0.0,0.0,0.0,100.0,0.0,0.0,0.0,0.0
32023R1441__articolo__19_p11,32023R1441,32023R1441,19_p11,ok,0.0,0.0,0.0,0.0,10.0,0.0,70.0,0.0,0.0,0.0,20.0
32023R1441__articolo__19_p12,32023R1441,32023R1441,19_p12,ok,0.0,0.0,0.0,0.0,0.0,0.0,100.0,0.0,0.0,0.0,0.0
32023R1441__articolo__19_p13,32023R1441,32023R1441,19_p13,ok,0.0,0.0,0.0,0.0,0.0,0.0,85.0,0.0,5.0,0.0,10.0
32023R1441__articolo__19_p14,32023R1441,32023R1441,19_p14,ok,0.0,0.0,0.0,100.0,0.0,0.0,0.0,0.0,0.0,0.0,0.0
32023R1441__articolo__20_p1,32023R1441,32023R1441,20_p1,ok,0.0,0.0,0.0,0.0,0.0,0.0,100.0,0.0,0.0,0.0,0.0
32023R1441__articolo__20_p2,32023R1441,32023R1441,20_p2,ok,0.0,0.0,0.0,0.0,30.0,0.0,40.0,0.0,0.0,0.0,30.0
32023R1441__articolo__20_p3,32023R1441,32023R1441,20_p3,ok,0.0,0.0,0.0,100.0,0.0,0.0,0.0,0.0,0.0,0.0,0.0
32023R1441__articolo__20_p4,32023R1441,32023R1441,20_p4,ok,100.0,0.0,0.0,0.0,0.0,0.0,0.0,0.0,0.0,0.0,0.0
32023R1441__articolo__20_p5,32023R1441,32023R1441,20_p5,ok,100.0,0.0,0.0,0.0,0.0,0.0,0.0,0.0,0.0,0.0,0.0
32023R1441__articolo__20_p6,32023R1441,32023R1441,20_p6,ok,0.0,0.0,0.0,0.0,0.0,0.0,100.0,0.0,0.0,0.0,0.0
32023R1441__articolo__20_p7,32023R1441,32023R1441,20_p7,ok,0.0,0.0,0.0,0.0,0.0,0.0,100.0,0.0,0.0,0.0,0.0
32023R1441__articolo__20_p8,32023R1441,32023R1441,20_p8,ok,0.0,0.0,0.0,0.0,0.0,0.0,100.0,0.0,0.0,0.0,0.0
32023R1441__articolo__20_p9,32023R1441,32023R1441,20_p9,ok,0.0,15.0,25.0,20.0,20.0,0.0,15.0,5.0,0.0,0.0,0.0
32023R1441__articolo__20_p10,32023R1441,32023R1441,20_p10,ok,10.0,0.0,0.0,65.0,0.0,0.0,20.0,0.0,5.0,0.0,0.0
32023R1441__articolo__20_p11,32023R1441,32023R1441,20_p11,ok,0.0,0.0,0.0,0.0,0.0,0.0,100.0,0.0,0.0,0.0,0.0
32023R1441__articolo__20_p12,32023R1441,32023R1441,20_p12,ok,0.0,0.0,0.0,0.0,0.0,0.0,45.0,0.0,20.0,0.0,35.0
32023R1441__articolo__20_p13,32023R1441,32023R1441,20_p13,ok,0.0,0.0,0.0,0.0,0.0,0.0,100.0,0.0,0.0,0.0,0.0
32023R1441__articolo__20_p14,32023R1441,32023R1441,20_p14,ok,0.0,0.0,0.0,100.0,0.0,0.0,0.0,0.0,0.0,0.0,0.0
32023R1441__articolo__20_p15,32023R1441,32023R1441,20_p15,ok,0.0,0.0,0.0,20.0,0.0,10.0,35.0,20.0,0.0,0.0,15.0
32023R1441__articolo__20_p16,32023R1441,32023R1441,20_p16,ok,0.0,0.0,0.0,0.0,30.0,0.0,20.0,0.0,0.0,0.0,50.0
32023R1441__articolo__20_p17,32023R1441,32023R1441,20_p17,ok,0.0,15.0,0.0,35.0,0.0,0.0,40.0,10.0,0.0,0.0,0.0
32023R1441__articolo__20_p18,32023R1441,32023R1441,20_p18,ok,0.0,100.0,0.0,0.0,0.0,0.0,0.0,0.0,0.0,0.0,0.0
32023R1441__articolo__20_p19,32023R1441,32023R1441,20_p19,ok,0.0,0.0,0.0,0.0,0.0,0.0,85.0,15.0,0.0,0.0,0.0
32023R1441__articolo__20_p20,32023R1441,32023R1441,20_p20,ok,0.0,0.0,0.0,20.0,40.0,0.0,0.0,40.0,0.0,0.0,0.0
32023R1441__articolo__20_p21,32023R1441,32023R1441,20_p21,ok,0.0,0.0,0.0,0.0,20.0,0.0,80.0,0.0,0.0,0.0,0.0
32023R1441__articolo__21,32023R1441,32023R1441,21,ok,0.0,0.0,0.0,0.0,50.0,0.0,0.0,0.0,0.0,0.0,50.0
32023R1441__articolo__22,32023R1441,32023R1441,22,ok,0.0,0.0,0.0,0.0,0.0,0.0,0.0,0.0,0.0,0.0,100.0
32023R1441__articolo__23_p1,32023R1441,32023R1441,23_p1,ok,0.0,0.0,0.0,100.0,0.0,0.0,0.0,0.0,0.0,0.0,0.0
32023R1441__articolo__23_p2,32023R1441,32023R1441,23_p2,ok,0.0,100.0,0.0,0.0,0.0,0.0,0.0,0.0,0.0,0.0,0.0
32023R1441__articolo__23_p3,32023R1441,32023R1441,23_p3,ok,0.0,0.0,0.0,100.0,0.0,0.0,0.0,0.0,0.0,0.0,0.0
32023R1441__articolo__23_p4,32023R1441,32023R1441,23_p4,ok,0.0,0.0,0.0,0.0,25.0,0.0,35.0,0.0,0.0,0.0,40.0
32023R1441__articolo__23_p5,32023R1441,32023R1441,23_p5,ok,0.0,0.0,0.0,100.0,0.0,0.0,0.0,0.0,0.0,0.0,0.0
32023R1441__articolo__23_p6,32023R1441,32023R1441,23_p6,ok,0.0,0.0,0.0,0.0,100.0,0.0,0.0,0.0,0.0,0.0,0.0
32023R1441__articolo__23_p7,32023R1441,32023R1441,23_p7,ok,0.0,0.0,0.0,0.0,100.0,0.0,0.0,0.0,0.0,0.0,0.0
32023R1441__articolo__23_p8,32023R1441,32023R1441,23_p8,ok,0.0,60.0,0.0,35.0,5.0,0.0,0.0,0.0,0.0,0.0,0.0
32023R1441__articolo__23_p9,32023R1441,32023R1441,23_p9,ok,0.0,0.0,0.0,100.0,0.0,0.0,0.0,0.0,0.0,0.0,0.0
32023R1441__articolo__23_p10,32023R1441,32023R1441,23_p10,ok,0.0,0.0,0.0,100.0,0.0,0.0,0.0,0.0,0.0,0.0,0.0
32023R1441__articolo__23_p11,32023R1441,32023R1441,23_p11,ok,0.0,0.0,0.0,100.0,0.0,0.0,0.0,0.0,0.0,0.0,0.0
32023R1441__articolo__23_p12,32023R1441,32023R1441,23_p12,ok,0.0,0.0,0.0,20.0,0.0,0.0,15.0,45.0,0.0,0.0,20.0
32023R1441__articolo__23_p13,32023R1441,32023R1441,23_p13,ok,0.0,0.0,0.0,0.0,0.0,0.0,15.0,35.0,0.0,0.0,50.0
32023R1441__articolo__23_p14,32023R1441,32023R1441,23_p14,ok,0.0,5.0,0.0,15.0,10.0,0.0,40.0,15.0,0.0,10.0,5.0
32023R1441__articolo__24,32023R1441,32023R1441,24,ok,5.0,10.0,0.0,15.0,25.0,0.0,0.0,5.0,5.0,0.0,35.0
32023R1441__articolo__25_p1,32023R1441,32023R1441,25_p1,ok,100.0,0.0,0.0,0.0,0.0,0.0,0.0,0.0,0.0,0.0,0.0
32023R1441__articolo__25_p2,32023R1441,32023R1441,25_p2,ok,0.0,0.0,0.0,15.0,35.0,0.0,0.0,20.0,10.0,0.0,20.0
32023R1441__articolo__25_p3,32023R1441,32023R1441,25_p3,ok,0.0,0.0,0.0,0.0,70.0,0.0,0.0,0.0,0.0,0.0,30.0
32023R1441__articolo__25_p4,32023R1441,32023R1441,25_p4,ok,0.0,0.0,100.0,0.0,0.0,0.0,0.0,0.0,0.0,0.0,0.0
32023R1441__articolo__25_p5,32023R1441,32023R1441,25_p5,ok,0.0,0.0,0.0,25.0,15.0,0.0,0.0,0.0,10.0,0.0,50.0
32023R1441__articolo__25_p6,32023R1441,32023R1441,25_p6,ok,0.0,0.0,0.0,100.0,0.0,0.0,0.0,0.0,0.0,0.0,0.0
32023R1441__articolo__25_p7,32023R1441,32023R1441,25_p7,ok,0.0,0.0,0.0,100.0,0.0,0.0,0.0,0.0,0.0,0.0,0.0
32023R1441__articolo__25_p8,32023R1441,32023R1441,25_p8,ok,0.0,0.0,0.0,0.0,0.0,0.0,0.0,0.0,0.0,0.0,100.0
32023R1441__articolo__25_p9,32023R1441,32023R1441,25_p9,ok,0.0,0.0,0.0,0.0,0.0,0.0,0.0,0.0,50.0,0.0,50.0
32023R1441__articolo__25_p10,32023R1441,32023R1441,25_p10,ok,0.0,0.0,0.0,0.0,15.0,0.0,0.0,0.0,0.0,0.0,85.0
32023R1441__articolo__25_p11,32023R1441,32023R1441,25_p11,ok,0.0,0.0,0.0,0.0,15.0,0.0,20.0,0.0,25.0,0.0,40.0
32023R1441__articolo__26_p1,32023R1441,32023R1441,26_p1,ok,15.0,0.0,0.0,0.0,35.0,0.0,0.0,0.0,25.0,0.0,25.0
32023R1441__articolo__26_p2,32023R1441,32023R1441,26_p2,ok,0.0,0.0,0.0,0.0,35.0,0.0,0.0,25.0,0.0,0.0,40.0
32023R1441__articolo__26_p3,32023R1441,32023R1441,26_p3,ok,20.0,0.0,0.0,40.0,20.0,0.0,0.0,0.0,10.0,0.0,10.0
32023R1441__articolo__26_p4,32023R1441,32023R1441,26_p4,ok,0.0,0.0,100.0,0.0,0.0,0.0,0.0,0.0,0.0,0.0,0.0
32023R1441__articolo__26_p5,32023R1441,32023R1441,26_p5,ok,40.0,0.0,0.0,0.0,60.0,0.0,0.0,0.0,0.0,0.0,0.0
32023R1441__articolo__26_p6,32023R1441,32023R1441,26_p6,ok,0.0,0.0,0.0,0.0,0.0,0.0,0.0,0.0,0.0,0.0,100.0
32023R1441__articolo__26_p7,32023R1441,32023R1441,26_p7,ok,0.0,0.0,0.0,0.0,40.0,0.0,20.0,0.0,0.0,0.0,40.0
32023R1441__articolo__27,32023R1441,32023R1441,27,ok,0.0,0.0,0.0,0.0,0.0,0.0,0.0,0.0,0.0,0.0,100.0
32024R3104__articolo__1,32024R3104,32024R3104,1,ok,0.0,0.0,0.0,0.0,100.0,0.0,0.0,0.0,0.0,0.0,0.0
32024R3104__articolo__2,32024R3104,32024R3104,2,ok,60.0,0.0,0.0,0.0,0.0,0.0,0.0,0.0,0.0,40.0,0.0
32008R1055__articolo__1,32008R1055,32008R1055,1,ok,0.0,0.0,0.0,0.0,20.0,0.0,0.0,0.0,35.0,45.0,0.0
32008R1055__articolo__2,32008R1055,32008R1055,2,ok,0.0,0.0,0.0,0.0,0.0,0.0,0.0,0.0,0.0,100.0,0.0
32008R1055__articolo__3,32008R1055,32008R1055,3,ok,0.0,0.0,0.0,0.0,0.0,0.0,0.0,0.0,0.0,0.0,100.0
32021R2126__articolo__1,32021R2126,32021R2126,1,ok,0.0,0.0,0.0,0.0,100.0,0.0,0.0,0.0,0.0,0.0,0.0
32021R2126__articolo__2,32021R2126,32021R2126,2,ok,0.0,0.0,0.0,0.0,0.0,0.0,0.0,0.0,0.0,0.0,100.0
32019R0452__articolo__1_p1,32019R0452,32019R0452,1_p1,ok,100.0,0.0,0.0,0.0,0.0,0.0,0.0,0.0,0.0,0.0,0.0
32019R0452__articolo__1_p2,32019R0452,32019R0452,1_p2,ok,85.0,5.0,5.0,0.0,0.0,5.0,0.0,0.0,0.0,0.0,0.0
32019R0452__articolo__1_p3,32019R0452,32019R0452,1_p3,ok,0.0,0.0,0.0,100.0,0.0,0.0,0.0,0.0,0.0,0.0,0.0
32019R0452__articolo__1_p4,32019R0452,32019R0452,1_p4,ok,0.0,20.0,0.0,80.0,0.0,0.0,0.0,0.0,0.0,0.0,0.0
32019R0452__articolo__2,32019R0452,32019R0452,2,ok,45.0,0.0,0.0,0.0,0.0,0.0,0.0,0.0,0.0,0.0,55.0
32019R0452__articolo__3_p1,32019R0452,32019R0452,3_p1,ok,100.0,0.0,0.0,0.0,0.0,0.0,0.0,0.0,0.0,0.0,0.0
32019R0452__articolo__3_p2,32019R0452,32019R0452,3_p2,ok,5.0,95.0,0.0,0.0,0.0,0.0,0.0,0.0,0.0,0.0,0.0
32019R0452__articolo__3_p3,32019R0452,32019R0452,3_p3,ok,50.0,50.0,0.0,0.0,0.0,0.0,0.0,0.0,0.0,0.0,0.0
32019R0452__articolo__3_p4,32019R0452,32019R0452,3_p4,ok,0.0,25.0,0.0,0.0,20.0,55.0,0.0,0.0,0.0,0.0,0.0
32019R0452__articolo__3_p5,32019R0452,32019R0452,3_p5,ok,0.0,0.0,0.0,0.0,0.0,0.0,100.0,0.0,0.0,0.0,0.0
32019R0452__articolo__3_p6,32019R0452,32019R0452,3_p6,ok,0.0,100.0,0.0,0.0,0.0,0.0,0.0,0.0,0.0,0.0,0.0
32019R0452__articolo__3_p7,32019R0452,32019R0452,3_p7,ok,10.0,85.0,0.0,5.0,0.0,0.0,0.0,0.0,0.0,0.0,0.0
32019R0452__articolo__3_p8,32019R0452,32019R0452,3_p8,ok,0.0,0.0,0.0,0.0,0.0,0.0,0.0,0.0,100.0,0.0,0.0
32019R0452__articolo__3_p9,32019R0452,32019R0452,3_p9,ok,0.0,0.0,0.0,0.0,0.0,0.0,0.0,0.0,100.0,0.0,0.0
32019R0452__articolo__3_p10,32019R0452,32019R0452,3_p10,ok,0.0,0.0,0.0,0.0,0.0,0.0,0.0,0.0,50.0,50.0,0.0
32019R0452__articolo__4_p1,32019R0452,32019R0452,4_p1,ok,0.0,100.0,0.0,0.0,0.0,0.0,0.0,0.0,0.0,0.0,0.0
32019R0452__articolo__4_p2,32019R0452,32019R0452,4_p2,ok,60.0,40.0,0.0,0.0,0.0,0.0,0.0,0.0,0.0,0.0,0.0
32019R0452__articolo__4_p3,32019R0452,32019R0452,4_p3,ok,100.0,0.0,0.0,0.0,0.0,0.0,0.0,0.0,0.0,0.0,0.0
32019R0452__articolo__4_p4,32019R0452,32019R0452,4_p4,ok,85.0,0.0,0.0,0.0,15.0,0.0,0.0,0.0,0.0,0.0,0.0
32019R0452__articolo__4_p5,32019R0452,32019R0452,4_p5,ok,100.0,0.0,0.0,0.0,0.0,0.0,0.0,0.0,0.0,0.0,0.0
32019R0452__articolo__4_p6,32019R0452,32019R0452,4_p6,ok,0.0,0.0,0.0,100.0,0.0,0.0,0.0,0.0,0.0,0.0,0.0
32019R0452__articolo__4_p7,32019R0452,32019R0452,4_p7,parse_error,0.0,0.0,0.0,0.0,0.0,0.0,0.0,0.0,0.0,0.0,0.0
32019R0452__articolo__4_p8,32019R0452,32019R0452,4_p8,ok,70.0,30.0,0.0,0.0,0.0,0.0,0.0,0.0,0.0,0.0,0.0
32019R0452__articolo__4_p9,32019R0452,32019R0452,4_p9,ok,100.0,0.0,0.0,0.0,0.0,0.0,0.0,0.0,0.0,0.0,0.0
32019R0452__articolo__4_p10,32019R0452,32019R0452,4_p10,ok,90.0,0.0,0.0,0.0,0.0,0.0,0.0,0.0,0.0,0.0,10.0
32019R0452__articolo__4_p11,32019R0452,32019R0452,4_p11,ok,0.0,0.0,0.0,0.0,0.0,0.0,100.0,0.0,0.0,0.0,0.0
32019R0452__articolo__5_p1,32019R0452,32019R0452,5_p1,ok,0.0,0.0,0.0,0.0,10.0,0.0,0.0,0.0,45.0,45.0,0.0
32019R0452__articolo__5_p2,32019R0452,32019R0452,5_p2,ok,20.0,10.0,0.0,0.0,0.0,0.0,0.0,0.0,30.0,40.0,0.0
32019R0452__articolo__5_p3,32019R0452,32019R0452,5_p3,ok,0.0,0.0,0.0,0.0,0.0,0.0,0.0,0.0,60.0,40.0,0.0
32019R0452__articolo__5_p4,32019R0452,32019R0452,5_p4,ok,0.0,0.0,0.0,0.0,0.0,100.0,0.0,0.0,0.0,0.0,0.0
32019R0452__articolo__6_p1,32019R0452,32019R0452,6_p1,ok,100.0,0.0,0.0,0.0,0.0,0.0,0.0,0.0,0.0,0.0,0.0
32019R0452__articolo__6_p2,32019R0452,32019R0452,6_p2,ok,0.0,0.0,0.0,0.0,20.0,10.0,0.0,0.0,50.0,10.0,10.0
32019R0452__articolo__6_p3,32019R0452,32019R0452,6_p3,ok,0.0,15.0,0.0,0.0,0.0,60.0,0.0,0.0,25.0,0.0,0.0
32019R0452__articolo__6_p4,32019R0452,32019R0452,6_p4,ok,0.0,55.0,0.0,0.0,0.0,35.0,0.0,0.0,10.0,0.0,0.0
32019R0452__articolo__6_p5,32019R0452,32019R0452,6_p5,ok,0.0,100.0,0.0,0.0,0.0,0.0,0.0,0.0,0.0,0.0,0.0
32019R0452__articolo__6_p6,32019R0452,32019R0452,6_p6,ok,0.0,0.0,0.0,0.0,0.0,0.0,100.0,0.0,0.0,0.0,0.0
32019R0452__articolo__6_p7,32019R0452,32019R0452,6_p7,ok,0.0,0.0,0.0,0.0,0.0,35.0,0.0,0.0,25.0,0.0,40.0
32019R0452__articolo__6_p8,32019R0452,32019R0452,6_p8,ok,0.0,0.0,0.0,0.0,0.0,0.0,0.0,0.0,100.0,0.0,0.0
32019R0452__articolo__6_p9,32019R0452,32019R0452,6_p9,ok,0.0,0.0,0.0,0.0,0.0,20.0,55.0,0.0,25.0,0.0,0.0
32019R0452__articolo__6_p10,32019R0452,32019R0452,6_p10,ok,0.0,0.0,0.0,0.0,0.0,0.0,20.0,0.0,0.0,0.0,80.0
32019R0452__articolo__6_p11,32019R0452,32019R0452,6_p11,ok,0.0,0.0,0.0,20.0,10.0,25.0,10.0,15.0,10.0,0.0,10.0
32019R0452__articolo__6_p12,32019R0452,32019R0452,6_p12,ok,0.0,10.0,0.0,25.0,10.0,30.0,15.0,0.0,10.0,0.0,0.0
32019R0452__articolo__6_p13,32019R0452,32019R0452,6_p13,ok,0.0,0.0,0.0,0.0,15.0,85.0,0.0,0.0,0.0,0.0,0.0
32019R0452__articolo__6_p14,32019R0452,32019R0452,6_p14,ok,0.0,100.0,0.0,0.0,0.0,0.0,0.0,0.0,0.0,0.0,0.0
32019R0452__articolo__6_p15,32019R0452,32019R0452,6_p15,ok,0.0,0.0,0.0,0.0,20.0,80.0,0.0,0.0,0.0,0.0,0.0
32019R0452__articolo__7_p1,32019R0452,32019R0452,7_p1,ok,100.0,0.0,0.0,0.0,0.0,0.0,0.0,0.0,0.0,0.0,0.0
32019R0452__articolo__7_p2,32019R0452,32019R0452,7_p2,ok,10.0,35.0,0.0,0.0,0.0,40.0,0.0,0.0,15.0,0.0,0.0
32019R0452__articolo__7_p3,32019R0452,32019R0452,7_p3,ok,20.0,45.0,0.0,0.0,0.0,25.0,0.0,0.0,10.0,0.0,0.0
32019R0452__articolo__7_p4,32019R0452,32019R0452,7_p4,ok,0.0,100.0,0.0,0.0,0.0,0.0,0.0,0.0,0.0,0.0,0.0
32019R0452__articolo__7_p5,32019R0452,32019R0452,7_p5,ok,0.0,0.0,0.0,0.0,0.0,0.0,100.0,0.0,0.0,0.0,0.0
32019R0452__articolo__7_p6,32019R0452,32019R0452,7_p6,ok,20.0,80.0,0.0,0.0,0.0,0.0,0.0,0.0,0.0,0.0,0.0
32019R0452__articolo__7_p7,32019R0452,32019R0452,7_p7,ok,0.0,0.0,0.0,0.0,0.0,20.0,45.0,0.0,25.0,0.0,10.0
32019R0452__articolo__7_p8,32019R0452,32019R0452,7_p8,ok,0.0,0.0,0.0,0.0,10.0,35.0,0.0,10.0,5.0,0.0,40.0
32019R0452__articolo__7_p9,32019R0452,32019R0452,7_p9,ok,20.0,0.0,0.0,0.0,0.0,80.0,0.0,0.0,0.0,0.0,0.0
32019R0452__articolo__7_p10,32019R0452,32019R0452,7_p10,ok,0.0,0.0,0.0,0.0,0.0,30.0,0.0,0.0,0.0,0.0,70.0
32019R0452__articolo__7_p11,32019R0452,32019R0452,7_p11,ok,0.0,0.0,0.0,0.0,0.0,100.0,0.0,0.0,0.0,0.0,0.0
32019R0452__articolo__7_p12,32019R0452,32019R0452,7_p12,ok,0.0,0.0,0.0,100.0,0.0,0.0,0.0,0.0,0.0,0.0,0.0
32019R0452__articolo__8_p1,32019R0452,32019R0452,8_p1,ok,100.0,0.0,0.0,0.0,0.0,0.0,0.0,0.0,0.0,0.0,0.0
32019R0452__articolo__8_p2,32019R0452,32019R0452,8_p2,ok,0.0,100.0,0.0,0.0,0.0,0.0,0.0,0.0,0.0,0.0,0.0
32019R0452__articolo__8_p3,32019R0452,32019R0452,8_p3,ok,10.0,0.0,0.0,20.0,60.0,0.0,0.0,0.0,0.0,0.0,10.0
32019R0452__articolo__8_p4,32019R0452,32019R0452,8_p4,ok,0.0,100.0,0.0,0.0,0.0,0.0,0.0,0.0,0.0,0.0,0.0
32019R0452__articolo__8_p5,32019R0452,32019R0452,8_p5,ok,0.0,0.0,0.0,0.0,0.0,0.0,0.0,0.0,100.0,0.0,0.0
32019R0452__articolo__8_p6,32019R0452,32019R0452,8_p6,ok,0.0,0.0,0.0,0.0,0.0,100.0,0.0,0.0,0.0,0.0,0.0
32019R0452__articolo__8_p7,32019R0452,32019R0452,8_p7,ok,85.0,0.0,0.0,0.0,15.0,0.0,0.0,0.0,0.0,0.0,0.0
32019R0452__articolo__8_p8,32019R0452,32019R0452,8_p8,ok,0.0,0.0,100.0,0.0,0.0,0.0,0.0,0.0,0.0,0.0,0.0
32019R0452__articolo__9_p1,32019R0452,32019R0452,9_p1,ok,0.0,0.0,0.0,0.0,0.0,0.0,0.0,0.0,0.0,0.0,100.0
32019R0452__articolo__9_p2,32019R0452,32019R0452,9_p2,ok,0.0,0.0,0.0,0.0,0.0,25.0,0.0,0.0,35.0,25.0,15.0
32019R0452__articolo__9_p3,32019R0452,32019R0452,9_p3,ok,0.0,0.0,0.0,0.0,0.0,0.0,0.0,0.0,0.0,100.0,0.0
32019R0452__articolo__9_p4,32019R0452,32019R0452,9_p4,ok,85.0,0.0,0.0,0.0,0.0,0.0,0.0,0.0,15.0,0.0,0.0
32019R0452__articolo__9_p5,32019R0452,32019R0452,9_p5,ok,0.0,0.0,0.0,0.0,0.0,0.0,0.0,0.0,0.0,0.0,100.0
32019R0452__articolo__9_p6,32019R0452,32019R0452,9_p6,ok,100.0,0.0,0.0,0.0,0.0,0.0,0.0,0.0,0.0,0.0,0.0
32019R0452__articolo__9_p7,32019R0452,32019R0452,9_p7,ok,100.0,0.0,0.0,0.0,0.0,0.0,0.0,0.0,0.0,0.0,0.0
32019R0452__articolo__9_p8,32019R0452,32019R0452,9_p8,ok,0.0,0.0,0.0,0.0,0.0,0.0,0.0,0.0,0.0,0.0,100.0
32019R0452__articolo__9_p9,32019R0452,32019R0452,9_p9,ok,0.0,0.0,0.0,0.0,0.0,0.0,0.0,0.0,100.0,0.0,0.0
32019R0452__articolo__9_p10,32019R0452,32019R0452,9_p10,ok,0.0,0.0,0.0,0.0,0.0,0.0,0.0,0.0,0.0,70.0,30.0
32019R0452__articolo__9_p11,32019R0452,32019R0452,9_p11,ok,10.0,90.0,0.0,0.0,0.0,0.0,0.0,0.0,0.0,0.0,0.0
32019R0452__articolo__9_p12,32019R0452,32019R0452,9_p12,ok,0.0,0.0,0.0,0.0,0.0,0.0,0.0,0.0,0.0,0.0,100.0
32019R0452__articolo__9_p13,32019R0452,32019R0452,9_p13,ok,0.0,0.0,0.0,100.0,0.0,0.0,0.0,0.0,0.0,0.0,0.0
32019R0452__articolo__9_p14,32019R0452,32019R0452,9_p14,ok,0.0,0.0,0.0,0.0,0.0,0.0,0.0,0.0,100.0,0.0,0.0
32019R0452__articolo__9_p15,32019R0452,32019R0452,9_p15,ok,0.0,0.0,0.0,100.0,0.0,0.0,0.0,0.0,0.0,0.0,0.0
32019R0452__articolo__10,32019R0452,32019R0452,10,ok,0.0,0.0,0.0,0.0,0.0,0.0,100.0,0.0,0.0,0.0,0.0
32019R0452__articolo__11,32019R0452,32019R0452,11,ok,0.0,15.0,0.0,0.0,0.0,55.0,0.0,0.0,0.0,30.0,0.0
32019R0452__articolo__12,32019R0452,32019R0452,12,ok,0.0,10.0,0.0,0.0,0.0,70.0,20.0,0.0,0.0,0.0,0.0
32019R0452__articolo__13,32019R0452,32019R0452,13,ok,0.0,100.0,0.0,0.0,0.0,0.0,0.0,0.0,0.0,0.0,0.0
32019R0452__articolo__14,32019R0452,32019R0452,14,ok,5.0,0.0,0.0,15.0,70.0,0.0,10.0,0.0,0.0,0.0,0.0
32019R0452__articolo__15,32019R0452,32019R0452,15,ok,0.0,10.0,0.0,0.0,0.0,15.0,0.0,0.0,25.0,50.0,0.0
32019R0452__articolo__16_p1,32019R0452,32019R0452,16_p1,ok,0.0,0.0,100.0,0.0,0.0,0.0,0.0,0.0,0.0,0.0,0.0
32019R0452__articolo__16_p2,32019R0452,32019R0452,16_p2,ok,0.0,0.0,100.0,0.0,0.0,0.0,0.0,0.0,0.0,0.0,0.0
32019R0452__articolo__16_p3,32019R0452,32019R0452,16_p3,ok,0.0,0.0,100.0,0.0,0.0,0.0,0.0,0.0,0.0,0.0,0.0
32019R0452__articolo__16_p4,32019R0452,32019R0452,16_p4,ok,0.0,0.0,85.0,15.0,0.0,0.0,0.0,0.0,0.0,0.0,0.0
32019R0452__articolo__16_p5,32019R0452,32019R0452,16_p5,ok,0.0,0.0,40.0,0.0,20.0,40.0,0.0,0.0,0.0,0.0,0.0
32019R0452__articolo__16_p6,32019R0452,32019R0452,16_p6,ok,0.0,0.0,20.0,0.0,0.0,0.0,0.0,0.0,50.0,30.0,0.0
32019R0452__articolo__16_p7,32019R0452,32019R0452,16_p7,ok,0.0,0.0,70.0,0.0,0.0,10.0,0.0,15.0,5.0,0.0,0.0
32019R0452__articolo__17,32019R0452,32019R0452,17,ok,50.0,0.0,0.0,0.0,0.0,0.0,0.0,0.0,0.0,0.0,50.0
32014R0228__articolo__1,32014R0228,32014R0228,1,ok,0.0,45.0,25.0,0.0,20.0,0.0,0.0,0.0,0.0,10.0,0.0
32014R0228__articolo__2,32014R0228,32014R0228,2,ok,50.0,0.0,0.0,0.0,0.0,0.0,0.0,0.0,0.0,0.0,50.0
32005R0184__articolo__1,32005R0184,32005R0184,1,ok,100.0,0.0,0.0,0.0,0.0,0.0,0.0,0.0,0.0,0.0,0.0
32005R0184__articolo__2,32005R0184,32005R0184,2,ok,15.0,0.0,0.0,0.0,45.0,0.0,0.0,0.0,10.0,20.0,10.0
32005R0184__articolo__3,32005R0184,32005R0184,3,ok,0.0,10.0,0.0,5.0,0.0,0.0,0.0,15.0,0.0,30.0,40.0
32005R0184__articolo__4_p1,32005R0184,32005R0184,4_p1,ok,0.0,0.0,0.0,0.0,0.0,0.0,0.0,0.0,0.0,100.0,0.0
32005R0184__articolo__4_p2,32005R0184,32005R0184,4_p2,ok,0.0,100.0,0.0,0.0,0.0,0.0,0.0,0.0,0.0,0.0,0.0
32005R0184__articolo__4_p3,32005R0184,32005R0184,4_p3,ok,0.0,0.0,0.0,0.0,0.0,0.0,0.0,0.0,20.0,80.0,0.0
32005R0184__articolo__4_p4,32005R0184,32005R0184,4_p4,ok,0.0,0.0,45.0,0.0,20.0,20.0,0.0,0.0,0.0,15.0,0.0
32005R0184__articolo__4_p5,32005R0184,32005R0184,4_p5,ok,0.0,0.0,0.0,0.0,0.0,0.0,0.0,0.0,100.0,0.0,0.0
32005R0184__articolo__4_p6,32005R0184,32005R0184,4_p6,ok,0.0,0.0,0.0,0.0,0.0,0.0,0.0,0.0,40.0,60.0,0.0
32005R0184__articolo__5,32005R0184,32005R0184,5,ok,25.0,0.0,0.0,0.0,25.0,0.0,0.0,0.0,0.0,50.0,0.0
32005R0184__articolo__6,32005R0184,32005R0184,6,ok,20.0,0.0,10.0,0.0,40.0,0.0,0.0,0.0,0.0,30.0,0.0
32005R0184__articolo__7,32005R0184,32005R0184,7,ok,0.0,0.0,40.0,0.0,10.0,0.0,0.0,0.0,20.0,20.0,10.0
32005R0184__articolo__8_p1,32005R0184,32005R0184,8_p1,ok,0.0,0.0,0.0,10.0,0.0,20.0,50.0,0.0,20.0,0.0,0.0
32005R0184__articolo__8_p2,32005R0184,32005R0184,8_p2,ok,0.0,20.0,0.0,40.0,20.0,0.0,20.0,0.0,0.0,0.0,0.0
32005R0184__articolo__8_p3,32005R0184,32005R0184,8_p3,ok,0.0,0.0,0.0,0.0,100.0,0.0,0.0,0.0,0.0,0.0,0.0
32005R0184__articolo__8_p4,32005R0184,32005R0184,8_p4,ok,0.0,0.0,0.0,0.0,20.0,0.0,80.0,0.0,0.0,0.0,0.0
32005R0184__articolo__9,32005R0184,32005R0184,9,ok,0.0,0.0,0.0,0.0,0.0,0.0,0.0,0.0,20.0,80.0,0.0
32005R0184__articolo__10,32005R0184,32005R0184,10,ok,0.0,0.0,100.0,0.0,0.0,0.0,0.0,0.0,0.0,0.0,0.0
32005R0184__articolo__11,32005R0184,32005R0184,11,ok,0.0,0.0,0.0,0.0,35.0,40.0,0.0,0.0,0.0,0.0,25.0
32005R0184__articolo__12,32005R0184,32005R0184,12,ok,0.0,0.0,0.0,0.0,0.0,0.0,0.0,0.0,0.0,100.0,0.0
32005R0184__articolo__13,32005R0184,32005R0184,13,ok,0.0,0.0,0.0,0.0,0.0,0.0,0.0,0.0,0.0,0.0,100.0
32009R0707__articolo__1,32009R0707,32009R0707,1,ok,0.0,0.0,0.0,0.0,100.0,0.0,0.0,0.0,0.0,0.0,0.0
32009R0707__articolo__2,32009R0707,32009R0707,2,ok,0.0,0.0,0.0,0.0,0.0,0.0,0.0,0.0,0.0,0.0,100.0
32007D0414__articolo__1,32007D0414,32007D0414,1,ok,0.0,0.0,0.0,0.0,100.0,0.0,0.0,0.0,0.0,0.0,0.0
32007D0414__articolo__2,32007D0414,32007D0414,2,ok,100.0,0.0,0.0,0.0,0.0,0.0,0.0,0.0,0.0,0.0,0.0
32012R1219__articolo__1,32012R1219,32012R1219,1,ok,85.0,15.0,0.0,0.0,0.0,0.0,0.0,0.0,0.0,0.0,0.0
32012R1219__articolo__2,32012R1219,32012R1219,2,ok,5.0,0.0,0.0,10.0,15.0,0.0,0.0,0.0,35.0,15.0,20.0
32012R1219__articolo__3,32012R1219,32012R1219,3,ok,30.0,20.0,0.0,40.0,10.0,0.0,0.0,0.0,0.0,0.0,0.0
32012R1219__articolo__4,32012R1219,32012R1219,4,ok,0.0,0.0,0.0,0.0,15.0,0.0,0.0,0.0,35.0,50.0,0.0
32012R1219__articolo__5,32012R1219,32012R1219,5,ok,0.0,100.0,0.0,0.0,0.0,0.0,0.0,0.0,0.0,0.0,0.0
32012R1219__articolo__6_p1,32012R1219,32012R1219,6_p1,ok,0.0,25.0,0.0,25.0,25.0,0.0,0.0,0.0,25.0,0.0,0.0
32012R1219__articolo__6_p2,32012R1219,32012R1219,6_p2,ok,0.0,20.0,0.0,0.0,15.0,65.0,0.0,0.0,0.0,0.0,0.0
32012R1219__articolo__6_p3,32012R1219,32012R1219,6_p3,ok,0.0,90.0,0.0,10.0,0.0,0.0,0.0,0.0,0.0,0.0,0.0
32012R1219__articolo__7,32012R1219,32012R1219,7,ok,0.0,100.0,0.0,0.0,0.0,0.0,0.0,0.0,0.0,0.0,0.0
32012R1219__articolo__8_p1,32012R1219,32012R1219,8_p1,ok,0.0,0.0,0.0,0.0,0.0,0.0,0.0,0.0,100.0,0.0,0.0
32012R1219__articolo__8_p2,32012R1219,32012R1219,8_p2,ok,20.0,0.0,0.0,0.0,0.0,15.0,0.0,0.0,65.0,0.0,0.0
32012R1219__articolo__8_p3,32012R1219,32012R1219,8_p3,ok,0.0,0.0,0.0,0.0,0.0,0.0,0.0,0.0,100.0,0.0,0.0
32012R1219__articolo__8_p4,32012R1219,32012R1219,8_p4,ok,0.0,0.0,0.0,0.0,0.0,0.0,0.0,0.0,100.0,0.0,0.0
32012R1219__articolo__8_p5,32012R1219,32012R1219,8_p5,ok,0.0,80.0,0.0,0.0,20.0,0.0,0.0,0.0,0.0,0.0,0.0
32012R1219__articolo__8_p6,32012R1219,32012R1219,8_p6,ok,0.0,0.0,0.0,0.0,10.0,0.0,40.0,0.0,50.0,0.0,0.0
32012R1219__articolo__9_p1,32012R1219,32012R1219,9_p1,ok,0.0,100.0,0.0,0.0,0.0,0.0,0.0,0.0,0.0,0.0,0.0
32012R1219__articolo__9_p2,32012R1219,32012R1219,9_p2,ok,0.0,85.0,0.0,15.0,0.0,0.0,0.0,0.0,0.0,0.0,0.0
32012R1219__articolo__9_p3,32012R1219,32012R1219,9_p3,ok,0.0,0.0,0.0,100.0,0.0,0.0,0.0,0.0,0.0,0.0,0.0
32012R1219__articolo__9_p4,32012R1219,32012R1219,9_p4,ok,0.0,0.0,0.0,100.0,0.0,0.0,0.0,0.0,0.0,0.0,0.0
32012R1219__articolo__9_p5,32012R1219,32012R1219,9_p5,ok,0.0,0.0,0.0,100.0,0.0,0.0,0.0,0.0,0.0,0.0,0.0
32012R1219__articolo__9_p6,32012R1219,32012R1219,9_p6,parse_error,0.0,0.0,0.0,0.0,0.0,0.0,0.0,0.0,0.0,0.0,0.0
32012R1219__articolo__9_p7,32012R1219,32012R1219,9_p7,ok,0.0,80.0,0.0,0.0,20.0,0.0,0.0,0.0,0.0,0.0,0.0
32012R1219__articolo__9_p8,32012R1219,32012R1219,9_p8,ok,0.0,35.0,0.0,0.0,25.0,20.0,0.0,0.0,10.0,0.0,10.0
32012R1219__articolo__9_p9,32012R1219,32012R1219,9_p9,ok,0.0,0.0,0.0,0.0,0.0,0.0,0.0,0.0,0.0,0.0,100.0
32012R1219__articolo__9_p10,32012R1219,32012R1219,9_p10,ok,0.0,0.0,0.0,0.0,0.0,0.0,0.0,0.0,100.0,0.0,0.0
32012R1219__articolo__9_p11,32012R1219,32012R1219,9_p11,ok,0.0,0.0,0.0,0.0,0.0,0.0,0.0,0.0,50.0,0.0,50.0
32012R1219__articolo__10,32012R1219,32012R1219,10,ok,0.0,60.0,0.0,0.0,0.0,40.0,0.0,0.0,0.0,0.0,0.0
32012R1219__articolo__11_p1,32012R1219,32012R1219,11_p1,ok,0.0,100.0,0.0,0.0,0.0,0.0,0.0,0.0,0.0,0.0,0.0
32012R1219__articolo__11_p2,32012R1219,32012R1219,11_p2,ok,0.0,0.0,0.0,0.0,0.0,0.0,0.0,0.0,50.0,50.0,0.0
32012R1219__articolo__11_p3,32012R1219,32012R1219,11_p3,ok,100.0,0.0,0.0,0.0,0.0,0.0,0.0,0.0,0.0,0.0,0.0
32012R1219__articolo__11_p4,32012R1219,32012R1219,11_p4,ok,0.0,0.0,0.0,0.0,100.0,0.0,0.0,0.0,0.0,0.0,0.0
32012R1219__articolo__11_p5,32012R1219,32012R1219,11_p5,ok,0.0,80.0,0.0,0.0,20.0,0.0,0.0,0.0,0.0,0.0,0.0
32012R1219__articolo__11_p6,32012R1219,32012R1219,11_p6,ok,0.0,10.0,0.0,0.0,20.0,30.0,0.0,0.0,15.0,0.0,25.0
32012R1219__articolo__11_p7,32012R1219,32012R1219,11_p7,ok,0.0,20.0,0.0,0.0,20.0,0.0,0.0,0.0,40.0,20.0,0.0
32012R1219__articolo__11_p8,32012R1219,32012R1219,11_p8,ok,0.0,0.0,0.0,0.0,0.0,0.0,0.0,0.0,100.0,0.0,0.0
32012R1219__articolo__11_p9,32012R1219,32012R1219,11_p9,ok,0.0,25.0,0.0,0.0,0.0,0.0,0.0,0.0,25.0,0.0,50.0
32012R1219__articolo__12_p1,32012R1219,32012R1219,12_p1,ok,100.0,0.0,0.0,0.0,0.0,0.0,0.0,0.0,0.0,0.0,0.0
32012R1219__articolo__12_p2,32012R1219,32012R1219,12_p2,ok,20.0,0.0,0.0,0.0,0.0,0.0,0.0,0.0,80.0,0.0,0.0
32012R1219__articolo__12_p3,32012R1219,32012R1219,12_p3,ok,0.0,0.0,0.0,0.0,0.0,0.0,0.0,0.0,100.0,0.0,0.0
32012R1219__articolo__12_p4,32012R1219,32012R1219,12_p4,ok,0.0,0.0,0.0,0.0,100.0,0.0,0.0,0.0,0.0,0.0,0.0
32012R1219__articolo__12_p5,32012R1219,32012R1219,12_p5,ok,0.0,100.0,0.0,0.0,0.0,0.0,0.0,0.0,0.0,0.0,0.0
32012R1219__articolo__12_p6,32012R1219,32012R1219,12_p6,ok,0.0,0.0,0.0,0.0,20.0,30.0,0.0,10.0,20.0,0.0,20.0
32012R1219__articolo__12_p7,32012R1219,32012R1219,12_p7,ok,0.0,0.0,0.0,100.0,0.0,0.0,0.0,0.0,0.0,0.0,0.0
32012R1219__articolo__12_p8,32012R1219,32012R1219,12_p8,ok,0.0,20.0,0.0,0.0,40.0,0.0,0.0,0.0,40.0,0.0,0.0
32012R1219__articolo__12_p9,32012R1219,32012R1219,12_p9,ok,0.0,0.0,0.0,0.0,0.0,0.0,0.0,0.0,100.0,0.0,0.0
32012R1219__articolo__12_p10,32012R1219,32012R1219,12_p10,ok,0.0,15.0,0.0,0.0,0.0,0.0,20.0,0.0,25.0,0.0,40.0
32012R1219__articolo__13_p1,32012R1219,32012R1219,13_p1,ok,60.0,40.0,0.0,0.0,0.0,0.0,0.0,0.0,0.0,0.0,0.0
32012R1219__articolo__13_p2,32012R1219,32012R1219,13_p2,ok,0.0,20.0,0.0,0.0,10.0,55.0,0.0,0.0,15.0,0.0,0.0
32012R1219__articolo__13_p3,32012R1219,32012R1219,13_p3,ok,0.0,0.0,0.0,0.0,0.0,25.0,0.0,0.0,45.0,0.0,30.0
32012R1219__articolo__13_p4,32012R1219,32012R1219,13_p4,ok,0.0,15.0,0.0,0.0,20.0,65.0,0.0,0.0,0.0,0.0,0.0
32012R1219__articolo__14,32012R1219,32012R1219,14,ok,0.0,0.0,0.0,0.0,15.0,10.0,75.0,0.0,0.0,0.0,0.0
32012R1219__articolo__15,32012R1219,32012R1219,15,ok,0.0,0.0,0.0,0.0,0.0,0.0,0.0,0.0,35.0,65.0,0.0
32012R1219__articolo__16,32012R1219,32012R1219,16,ok,0.0,0.0,20.0,0.0,55.0,20.0,0.0,0.0,0.0,0.0,5.0
32012R1219__articolo__17,32012R1219,32012R1219,17,ok,0.0,0.0,0.0,0.0,0.0,0.0,0.0,0.0,100.0,0.0,0.0
32023R1472__articolo__1,32023R1472,32023R1472,1,ok,5.0,10.0,0.0,0.0,10.0,0.0,0.0,0.0,25.0,40.0,10.0
32023R1472__articolo__2,32023R1472,32023R1472,2,ok,0.0,0.0,0.0,0.0,0.0,0.0,0.0,0.0,0.0,0.0,100.0
32022R2560__articolo__1_p1,32022R2560,32022R2560,1_p1,ok,100.0,0.0,0.0,0.0,0.0,0.0,0.0,0.0,0.0,0.0,0.0
32022R2560__articolo__1_p2,32022R2560,32022R2560,1_p2,ok,85.0,0.0,0.0,0.0,0.0,0.0,0.0,0.0,0.0,0.0,15.0
32022R2560__articolo__1_p3,32022R2560,32022R2560,1_p3,ok,90.0,0.0,0.0,0.0,0.0,0.0,0.0,0.0,0.0,0.0,10.0
32022R2560__articolo__2_p1,32022R2560,32022R2560,2_p1,ok,45.0,0.0,0.0,0.0,55.0,0.0,0.0,0.0,0.0,0.0,0.0
32022R2560__articolo__2_p2,32022R2560,32022R2560,2_p2,ok,100.0,0.0,0.0,0.0,0.0,0.0,0.0,0.0,0.0,0.0,0.0
32022R2560__articolo__2_p3,32022R2560,32022R2560,2_p3,ok,100.0,0.0,0.0,0.0,0.0,0.0,0.0,0.0,0.0,0.0,0.0
32022R2560__articolo__2_p4,32022R2560,32022R2560,2_p4,ok,45.0,0.0,0.0,55.0,0.0,0.0,0.0,0.0,0.0,0.0,0.0
32022R2560__articolo__2_p5,32022R2560,32022R2560,2_p5,ok,0.0,0.0,0.0,0.0,100.0,0.0,0.0,0.0,0.0,0.0,0.0
32022R2560__articolo__2_p6,32022R2560,32022R2560,2_p6,ok,0.0,0.0,0.0,0.0,100.0,0.0,0.0,0.0,0.0,0.0,0.0
32022R2560__articolo__2_p7,32022R2560,32022R2560,2_p7,ok,0.0,0.0,0.0,10.0,90.0,0.0,0.0,0.0,0.0,0.0,0.0
32022R2560__articolo__2_p8,32022R2560,32022R2560,2_p8,ok,72.0,0.0,0.0,0.0,28.0,0.0,0.0,0.0,0.0,0.0,0.0
32022R2560__articolo__3_p1,32022R2560,32022R2560,3_p1,ok,100.0,0.0,0.0,0.0,0.0,0.0,0.0,0.0,0.0,0.0,0.0
32022R2560__articolo__3_p2,32022R2560,32022R2560,3_p2,ok,100.0,0.0,0.0,0.0,0.0,0.0,0.0,0.0,0.0,0.0,0.0
32022R2560__articolo__3_p3,32022R2560,32022R2560,3_p3,ok,100.0,0.0,0.0,0.0,0.0,0.0,0.0,0.0,0.0,0.0,0.0
32022R2560__articolo__3_p4,32022R2560,32022R2560,3_p4,ok,100.0,0.0,0.0,0.0,0.0,0.0,0.0,0.0,0.0,0.0,0.0
32022R2560__articolo__3_p5,32022R2560,32022R2560,3_p5,ok,0.0,0.0,0.0,100.0,0.0,0.0,0.0,0.0,0.0,0.0,0.0
32022R2560__articolo__3_p6,32022R2560,32022R2560,3_p6,ok,70.0,0.0,0.0,0.0,0.0,0.0,0.0,0.0,0.0,0.0,30.0
32022R2560__articolo__3_p7,32022R2560,32022R2560,3_p7,ok,100.0,0.0,0.0,0.0,0.0,0.0,0.0,0.0,0.0,0.0,0.0
32022R2560__articolo__3_p8,32022R2560,32022R2560,3_p8,ok,100.0,0.0,0.0,0.0,0.0,0.0,0.0,0.0,0.0,0.0,0.0
32022R2560__articolo__3_p9,32022R2560,32022R2560,3_p9,ok,90.0,0.0,0.0,0.0,0.0,0.0,0.0,0.0,0.0,0.0,10.0
32022R2560__articolo__4_p1,32022R2560,32022R2560,4_p1,ok,100.0,0.0,0.0,0.0,0.0,0.0,0.0,0.0,0.0,0.0,0.0
32022R2560__articolo__4_p2,32022R2560,32022R2560,4_p2,ok,90.0,0.0,0.0,0.0,0.0,0.0,0.0,0.0,0.0,0.0,10.0
32022R2560__articolo__4_p3,32022R2560,32022R2560,4_p3,ok,100.0,0.0,0.0,0.0,0.0,0.0,0.0,0.0,0.0,0.0,0.0
32022R2560__articolo__4_p4,32022R2560,32022R2560,4_p4,ok,100.0,0.0,0.0,0.0,0.0,0.0,0.0,0.0,0.0,0.0,0.0
32022R2560__articolo__4_p5,32022R2560,32022R2560,4_p5,ok,100.0,0.0,0.0,0.0,0.0,0.0,0.0,0.0,0.0,0.0,0.0
32022R2560__articolo__4_p6,32022R2560,32022R2560,4_p6,ok,100.0,0.0,0.0,0.0,0.0,0.0,0.0,0.0,0.0,0.0,0.0
32022R2560__articolo__4_p7,32022R2560,32022R2560,4_p7,ok,0.0,0.0,0.0,0.0,0.0,0.0,0.0,0.0,0.0,0.0,100.0
32022R2560__articolo__4_p8,32022R2560,32022R2560,4_p8,ok,0.0,0.0,0.0,100.0,0.0,0.0,0.0,0.0,0.0,0.0,0.0
32022R2560__articolo__4_p9,32022R2560,32022R2560,4_p9,ok,0.0,0.0,0.0,100.0,0.0,0.0,0.0,0.0,0.0,0.0,0.0
32022R2560__articolo__4_p10,32022R2560,32022R2560,4_p10,ok,0.0,0.0,0.0,100.0,0.0,0.0,0.0,0.0,0.0,0.0,0.0
32022R2560__articolo__5_p1,32022R2560,32022R2560,5_p1,ok,100.0,0.0,0.0,0.0,0.0,0.0,0.0,0.0,0.0,0.0,0.0
32022R2560__articolo__5_p2,32022R2560,32022R2560,5_p2,ok,100.0,0.0,0.0,0.0,0.0,0.0,0.0,0.0,0.0,0.0,0.0
32022R2560__articolo__5_p3,32022R2560,32022R2560,5_p3,ok,60.0,0.0,0.0,40.0,0.0,0.0,0.0,0.0,0.0,0.0,0.0
32022R2560__articolo__5_p4,32022R2560,32022R2560,5_p4,ok,0.0,0.0,0.0,0.0,0.0,0.0,0.0,0.0,0.0,0.0,100.0
32022R2560__articolo__5_p5,32022R2560,32022R2560,5_p5,ok,0.0,0.0,0.0,0.0,100.0,0.0,0.0,0.0,0.0,0.0,0.0
32022R2560__articolo__5_p6,32022R2560,32022R2560,5_p6,ok,100.0,0.0,0.0,0.0,0.0,0.0,0.0,0.0,0.0,0.0,0.0
32022R2560__articolo__5_p7,32022R2560,32022R2560,5_p7,ok,60.0,0.0,0.0,0.0,0.0,0.0,0.0,0.0,0.0,0.0,40.0
32022R2560__articolo__5_p8,32022R2560,32022R2560,5_p8,ok,0.0,10.0,0.0,0.0,0.0,0.0,80.0,0.0,0.0,0.0,10.0
32022R2560__articolo__6,32022R2560,32022R2560,6,ok,0.0,70.0,0.0,0.0,10.0,0.0,0.0,0.0,0.0,0.0,20.0
32022R2560__articolo__7_p1,32022R2560,32022R2560,7_p1,ok,0.0,50.0,0.0,0.0,0.0,0.0,20.0,20.0,0.0,0.0,10.0
32022R2560__articolo__7_p2,32022R2560,32022R2560,7_p2,ok,0.0,60.0,0.0,20.0,20.0,0.0,0.0,0.0,0.0,0.0,0.0
32022R2560__articolo__7_p3,32022R2560,32022R2560,7_p3,ok,0.0,85.0,0.0,0.0,10.0,0.0,0.0,0.0,0.0,5.0,0.0
32022R2560__articolo__7_p4,32022R2560,32022R2560,7_p4,ok,0.0,0.0,0.0,0.0,0.0,0.0,0.0,0.0,0.0,0.0,100.0
32022R2560__articolo__7_p5,32022R2560,32022R2560,7_p5,ok,0.0,100.0,0.0,0.0,0.0,0.0,0.0,0.0,0.0,0.0,0.0
32022R2560__articolo__7_p6,32022R2560,32022R2560,7_p6,ok,0.0,0.0,0.0,50.0,50.0,0.0,0.0,0.0,0.0,0.0,0.0
32022R2560__articolo__7_p7,32022R2560,32022R2560,7_p7,ok,0.0,0.0,0.0,0.0,0.0,0.0,0.0,0.0,0.0,0.0,100.0
32022R2560__articolo__7_p8,32022R2560,32022R2560,7_p8,ok,0.0,0.0,0.0,0.0,0.0,0.0,0.0,0.0,0.0,0.0,100.0
32022R2560__articolo__7_p9,32022R2560,32022R2560,7_p9,ok,0.0,100.0,0.0,0.0,0.0,0.0,0.0,0.0,0.0,0.0,0.0
32022R2560__articolo__7_p10,32022R2560,32022R2560,7_p10,ok,0.0,0.0,0.0,0.0,0.0,0.0,0.0,0.0,100.0,0.0,0.0
32022R2560__articolo__7_p11,32022R2560,32022R2560,7_p11,ok,0.0,0.0,0.0,100.0,0.0,0.0,0.0,0.0,0.0,0.0,0.0
32022R2560__articolo__7_p12,32022R2560,32022R2560,7_p12,ok,0.0,100.0,0.0,0.0,0.0,0.0,0.0,0.0,0.0,0.0,0.0
32022R2560__articolo__7_p13,32022R2560,32022R2560,7_p13,ok,0.0,0.0,0.0,0.0,100.0,0.0,0.0,0.0,0.0,0.0,0.0
32022R2560__articolo__7_p14,32022R2560,32022R2560,7_p14,ok,0.0,100.0,0.0,0.0,0.0,0.0,0.0,0.0,0.0,0.0,0.0
32022R2560__articolo__7_p15,32022R2560,32022R2560,7_p15,ok,0.0,100.0,0.0,0.0,0.0,0.0,0.0,0.0,0.0,0.0,0.0
32022R2560__articolo__7_p16,32022R2560,32022R2560,7_p16,ok,0.0,25.0,0.0,0.0,0.0,0.0,75.0,0.0,0.0,0.0,0.0
32022R2560__articolo__8,32022R2560,32022R2560,8,ok,25.0,60.0,0.0,15.0,0.0,0.0,0.0,0.0,0.0,0.0,0.0
32022R2560__articolo__9,32022R2560,32022R2560,9,ok,10.0,70.0,0.0,20.0,0.0,0.0,0.0,0.0,0.0,0.0,0.0
32022R2560__articolo__10_p1,32022R2560,32022R2560,10_p1,ok,0.0,55.0,0.0,0.0,15.0,0.0,5.0,0.0,0.0,0.0,25.0
32022R2560__articolo__10_p2,32022R2560,32022R2560,10_p2,ok,0.0,100.0,0.0,0.0,0.0,0.0,0.0,0.0,0.0,0.0,0.0
32022R2560__articolo__10_p3,32022R2560,32022R2560,10_p3,ok,0.0,100.0,0.0,0.0,0.0,0.0,0.0,0.0,0.0,0.0,0.0
32022R2560__articolo__10_p4,32022R2560,32022R2560,10_p4,ok,0.0,0.0,0.0,0.0,15.0,35.0,0.0,0.0,50.0,0.0,0.0
32022R2560__articolo__10_p5,32022R2560,32022R2560,10_p5,ok,0.0,70.0,0.0,0.0,0.0,0.0,0.0,0.0,0.0,0.0,30.0
32022R2560__articolo__10_p6,32022R2560,32022R2560,10_p6,ok,0.0,25.0,0.0,0.0,0.0,0.0,20.0,0.0,0.0,0.0,55.0
32022R2560__articolo__10_p7,32022R2560,32022R2560,10_p7,ok,0.0,0.0,0.0,0.0,0.0,0.0,100.0,0.0,0.0,0.0,0.0
32022R2560__articolo__10_p8,32022R2560,32022R2560,10_p8,ok,0.0,0.0,0.0,0.0,0.0,15.0,0.0,0.0,85.0,0.0,0.0
32022R2560__articolo__10_p9,32022R2560,32022R2560,10_p9,ok,0.0,0.0,0.0,0.0,0.0,0.0,0.0,0.0,50.0,0.0,50.0
32022R2560__articolo__10_p10,32022R2560,32022R2560,10_p10,ok,0.0,0.0,0.0,0.0,0.0,0.0,15.0,0.0,35.0,0.0,50.0
32022R2560__articolo__11_p1,32022R2560,32022R2560,11_p1,ok,0.0,0.0,0.0,0.0,0.0,0.0,0.0,0.0,0.0,0.0,100.0
32022R2560__articolo__11_p2,32022R2560,32022R2560,11_p2,ok,0.0,25.0,0.0,0.0,25.0,0.0,0.0,0.0,0.0,0.0,50.0
32022R2560__articolo__11_p3,32022R2560,32022R2560,11_p3,ok,0.0,70.0,0.0,0.0,20.0,10.0,0.0,0.0,0.0,0.0,0.0
32022R2560__articolo__11_p4,32022R2560,32022R2560,11_p4,ok,0.0,80.0,0.0,0.0,10.0,10.0,0.0,0.0,0.0,0.0,0.0
32022R2560__articolo__11_p5,32022R2560,32022R2560,11_p5,ok,0.0,0.0,100.0,0.0,0.0,0.0,0.0,0.0,0.0,0.0,0.0
32022R2560__articolo__11_p6,32022R2560,32022R2560,11_p6,ok,0.0,0.0,0.0,100.0,0.0,0.0,0.0,0.0,0.0,0.0,0.0
32022R2560__articolo__11_p7,32022R2560,32022R2560,11_p7,ok,0.0,0.0,0.0,100.0,0.0,0.0,0.0,0.0,0.0,0.0,0.0
32022R2560__articolo__11_p8,32022R2560,32022R2560,11_p8,ok,0.0,0.0,0.0,0.0,100.0,0.0,0.0,0.0,0.0,0.0,0.0
32022R2560__articolo__11_p9,32022R2560,32022R2560,11_p9,ok,0.0,0.0,0.0,0.0,0.0,0.0,0.0,0.0,0.0,0.0,100.0
32022R2560__articolo__12_p1,32022R2560,32022R2560,12_p1,ok,0.0,100.0,0.0,0.0,0.0,0.0,0.0,0.0,0.0,0.0,0.0
32022R2560__articolo__12_p2,32022R2560,32022R2560,12_p2,ok,25.0,75.0,0.0,0.0,0.0,0.0,0.0,0.0,0.0,0.0,0.0
32022R2560__articolo__12_p3,32022R2560,32022R2560,12_p3,ok,0.0,15.0,0.0,0.0,35.0,50.0,0.0,0.0,0.0,0.0,0.0
32022R2560__articolo__12_p4,32022R2560,32022R2560,12_p4,ok,0.0,25.0,0.0,40.0,25.0,0.0,0.0,0.0,0.0,0.0,10.0
32022R2560__articolo__12_p5,32022R2560,32022R2560,12_p5,ok,0.0,5.0,0.0,25.0,0.0,0.0,0.0,70.0,0.0,0.0,0.0
32022R2560__articolo__13_p1,32022R2560,32022R2560,13_p1,ok,0.0,0.0,0.0,0.0,0.0,0.0,0.0,0.0,0.0,0.0,100.0
32022R2560__articolo__13_p2,32022R2560,32022R2560,13_p2,ok,0.0,100.0,0.0,0.0,0.0,0.0,0.0,0.0,0.0,0.0,0.0
32022R2560__articolo__13_p3,32022R2560,32022R2560,13_p3,ok,0.0,100.0,0.0,0.0,0.0,0.0,0.0,0.0,0.0,0.0,0.0
32022R2560__articolo__13_p4,32022R2560,32022R2560,13_p4,ok,0.0,100.0,0.0,0.0,0.0,0.0,0.0,0.0,0.0,0.0,0.0
32022R2560__articolo__13_p5,32022R2560,32022R2560,13_p5,ok,0.0,0.0,0.0,0.0,0.0,0.0,0.0,0.0,0.0,0.0,100.0
32022R2560__articolo__13_p6,32022R2560,32022R2560,13_p6,ok,0.0,0.0,0.0,0.0,0.0,0.0,0.0,0.0,0.0,0.0,100.0
32022R2560__articolo__13_p7,32022R2560,32022R2560,13_p7,ok,0.0,0.0,0.0,0.0,0.0,0.0,100.0,0.0,0.0,0.0,0.0
32022R2560__articolo__13_p8,32022R2560,32022R2560,13_p8,ok,0.0,0.0,0.0,0.0,40.0,0.0,20.0,0.0,0.0,0.0,40.0
32022R2560__articolo__13_p9,32022R2560,32022R2560,13_p9,ok,0.0,15.0,0.0,0.0,10.0,25.0,0.0,0.0,0.0,50.0,0.0
32022R2560__articolo__13_p10,32022R2560,32022R2560,13_p10,ok,100.0,0.0,0.0,0.0,0.0,0.0,0.0,0.0,0.0,0.0,0.0
32022R2560__articolo__13_p11,32022R2560,32022R2560,13_p11,ok,0.0,100.0,0.0,0.0,0.0,0.0,0.0,0.0,0.0,0.0,0.0
32022R2560__articolo__13_p12,32022R2560,32022R2560,13_p12,ok,0.0,0.0,0.0,0.0,100.0,0.0,0.0,0.0,0.0,0.0,0.0
32022R2560__articolo__13_p13,32022R2560,32022R2560,13_p13,ok,0.0,10.0,0.0,0.0,0.0,0.0,35.0,0.0,0.0,0.0,55.0
32022R2560__articolo__13_p14,32022R2560,32022R2560,13_p14,ok,0.0,0.0,0.0,0.0,0.0,0.0,0.0,0.0,0.0,0.0,100.0
32022R2560__articolo__13_p15,32022R2560,32022R2560,13_p15,ok,0.0,0.0,0.0,0.0,0.0,100.0,0.0,0.0,0.0,0.0,0.0
32022R2560__articolo__14_p1,32022R2560,32022R2560,14_p1,ok,40.0,35.0,0.0,0.0,0.0,0.0,0.0,0.0,0.0,0.0,25.0
32022R2560__articolo__14_p2,32022R2560,32022R2560,14_p2,ok,0.0,100.0,0.0,0.0,0.0,0.0,0.0,0.0,0.0,0.0,0.0
32022R2560__articolo__14_p3,32022R2560,32022R2560,14_p3,ok,0.0,100.0,0.0,0.0,0.0,0.0,0.0,0.0,0.0,0.0,0.0
32022R2560__articolo__14_p4,32022R2560,32022R2560,14_p4,ok,0.0,0.0,0.0,0.0,0.0,0.0,0.0,0.0,0.0,0.0,100.0
32022R2560__articolo__14_p5,32022R2560,32022R2560,14_p5,ok,0.0,0.0,0.0,0.0,0.0,0.0,0.0,0.0,0.0,0.0,100.0
32022R2560__articolo__14_p6,32022R2560,32022R2560,14_p6,ok,0.0,0.0,0.0,0.0,0.0,0.0,30.0,0.0,0.0,0.0,70.0
32022R2560__articolo__14_p7,32022R2560,32022R2560,14_p7,ok,0.0,0.0,0.0,0.0,0.0,0.0,40.0,20.0,0.0,0.0,40.0
32022R2560__articolo__14_p8,32022R2560,32022R2560,14_p8,ok,0.0,30.0,0.0,0.0,0.0,0.0,0.0,0.0,0.0,0.0,70.0
32022R2560__articolo__14_p9,32022R2560,32022R2560,14_p9,ok,100.0,0.0,0.0,0.0,0.0,0.0,0.0,0.0,0.0,0.0,0.0
32022R2560__articolo__14_p10,32022R2560,32022R2560,14_p10,ok,0.0,0.0,0.0,0.0,100.0,0.0,0.0,0.0,0.0,0.0,0.0
32022R2560__articolo__14_p11,32022R2560,32022R2560,14_p11,ok,0.0,0.0,0.0,0.0,100.0,0.0,0.0,0.0,0.0,0.0,0.0
32022R2560__articolo__14_p12,32022R2560,32022R2560,14_p12,ok,0.0,0.0,0.0,0.0,100.0,0.0,0.0,0.0,0.0,0.0,0.0
32022R2560__articolo__14_p13,32022R2560,32022R2560,14_p13,ok,0.0,0.0,0.0,0.0,0.0,0.0,0.0,0.0,50.0,0.0,50.0
32022R2560__articolo__14_p14,32022R2560,32022R2560,14_p14,ok,0.0,70.0,0.0,0.0,0.0,30.0,0.0,0.0,0.0,0.0,0.0
32022R2560__articolo__14_p15,32022R2560,32022R2560,14_p15,ok,0.0,35.0,0.0,0.0,0.0,10.0,0.0,5.0,0.0,20.0,30.0
32022R2560__articolo__14_p16,32022R2560,32022R2560,14_p16,ok,0.0,100.0,0.0,0.0,0.0,0.0,0.0,0.0,0.0,0.0,0.0
32022R2560__articolo__15,32022R2560,32022R2560,15,ok,0.0,70.0,0.0,10.0,10.0,5.0,0.0,0.0,5.0,0.0,0.0
32022R2560__articolo__16_p1,32022R2560,32022R2560,16_p1,ok,0.0,100.0,0.0,0.0,0.0,0.0,0.0,0.0,0.0,0.0,0.0
32022R2560__articolo__16_p2,32022R2560,32022R2560,16_p2,ok,0.0,20.0,0.0,10.0,25.0,0.0,15.0,0.0,0.0,0.0,30.0
32022R2560__articolo__16_p3,32022R2560,32022R2560,16_p3,ok,0.0,0.0,0.0,0.0,0.0,0.0,0.0,0.0,0.0,0.0,100.0
32022R2560__articolo__16_p4,32022R2560,32022R2560,16_p4,ok,0.0,0.0,0.0,0.0,0.0,0.0,0.0,0.0,0.0,0.0,100.0
32022R2560__articolo__16_p5,32022R2560,32022R2560,16_p5,ok,0.0,0.0,0.0,0.0,100.0,0.0,0.0,0.0,0.0,0.0,0.0
32022R2560__articolo__16_p6,32022R2560,32022R2560,16_p6,ok,0.0,0.0,0.0,0.0,0.0,0.0,0.0,0.0,0.0,0.0,100.0
32022R2560__articolo__16_p7,32022R2560,32022R2560,16_p7,ok,0.0,0.0,0.0,100.0,0.0,0.0,0.0,0.0,0.0,0.0,0.0
32022R2560__articolo__16_p8,32022R2560,32022R2560,16_p8,ok,25.0,40.0,0.0,0.0,0.0,0.0,0.0,0.0,0.0,0.0,35.0
32022R2560__articolo__16_p9,32022R2560,32022R2560,16_p9,ok,0.0,0.0,0.0,10.0,0.0,0.0,0.0,0.0,0.0,0.0,90.0
32022R2560__articolo__17_p1,32022R2560,32022R2560,17_p1,ok,0.0,100.0,0.0,0.0,0.0,0.0,0.0,0.0,0.0,0.0,0.0
32022R2560__articolo__17_p2,32022R2560,32022R2560,17_p2,ok,10.0,90.0,0.0,0.0,0.0,0.0,0.0,0.0,0.0,0.0,0.0
32022R2560__articolo__17_p3,32022R2560,32022R2560,17_p3,ok,0.0,0.0,0.0,0.0,0.0,0.0,0.0,0.0,0.0,0.0,100.0
32022R2560__articolo__17_p4,32022R2560,32022R2560,17_p4,ok,0.0,0.0,0.0,0.0,0.0,0.0,20.0,0.0,0.0,0.0,80.0
32022R2560__articolo__17_p5,32022R2560,32022R2560,17_p5,ok,0.0,0.0,0.0,0.0,100.0,0.0,0.0,0.0,0.0,0.0,0.0
32022R2560__articolo__17_p6,32022R2560,32022R2560,17_p6,ok,0.0,0.0,0.0,0.0,0.0,0.0,0.0,0.0,0.0,0.0,100.0
32022R2560__articolo__17_p7,32022R2560,32022R2560,17_p7,ok,0.0,0.0,0.0,0.0,0.0,0.0,20.0,0.0,0.0,0.0,80.0
32022R2560__articolo__17_p8,32022R2560,32022R2560,17_p8,ok,0.0,0.0,0.0,0.0,100.0,0.0,0.0,0.0,0.0,0.0,0.0
32022R2560__articolo__17_p9,32022R2560,32022R2560,17_p9,ok,0.0,0.0,0.0,0.0,100.0,0.0,0.0,0.0,0.0,0.0,0.0
32022R2560__articolo__17_p10,32022R2560,32022R2560,17_p10,ok,0.0,0.0,0.0,0.0,100.0,0.0,0.0,0.0,0.0,0.0,0.0
32022R2560__articolo__17_p11,32022R2560,32022R2560,17_p11,ok,0.0,0.0,0.0,100.0,0.0,0.0,0.0,0.0,0.0,0.0,0.0
32022R2560__articolo__17_p12,32022R2560,32022R2560,17_p12,ok,0.0,0.0,0.0,0.0,0.0,0.0,0.0,0.0,0.0,0.0,100.0
32022R2560__articolo__17_p13,32022R2560,32022R2560,17_p13,ok,0.0,0.0,0.0,0.0,100.0,0.0,0.0,0.0,0.0,0.0,0.0
32022R2560__articolo__17_p14,32022R2560,32022R2560,17_p14,ok,0.0,0.0,0.0,0.0,0.0,0.0,0.0,0.0,0.0,0.0,100.0
32022R2560__articolo__17_p15,32022R2560,32022R2560,17_p15,ok,0.0,100.0,0.0,0.0,0.0,0.0,0.0,0.0,0.0,0.0,0.0
32022R2560__articolo__17_p16,32022R2560,32022R2560,17_p16,ok,0.0,0.0,0.0,0.0,0.0,0.0,0.0,0.0,0.0,0.0,100.0
32022R2560__articolo__17_p17,32022R2560,32022R2560,17_p17,ok,0.0,35.0,0.0,0.0,20.0,0.0,0.0,0.0,0.0,0.0,45.0
32022R2560__articolo__17_p18,32022R2560,32022R2560,17_p18,ok,0.0,100.0,0.0,0.0,0.0,0.0,0.0,0.0,0.0,0.0,0.0
32022R2560__articolo__17_p19,32022R2560,32022R2560,17_p19,ok,0.0,100.0,0.0,0.0,0.0,0.0,0.0,0.0,0.0,0.0,0.0
32022R2560__articolo__18_p1,32022R2560,32022R2560,18_p1,ok,0.0,45.0,0.0,30.0,25.0,0.0,0.0,0.0,0.0,0.0,0.0
32022R2560__articolo__18_p2,32022R2560,32022R2560,18_p2,ok,0.0,0.0,0.0,0.0,0.0,0.0,0.0,0.0,0.0,0.0,100.0
32022R2560__articolo__18_p3,32022R2560,32022R2560,18_p3,ok,0.0,0.0,0.0,100.0,0.0,0.0,0.0,0.0,0.0,0.0,0.0
32022R2560__articolo__18_p4,32022R2560,32022R2560,18_p4,ok,0.0,0.0,20.0,50.0,0.0,30.0,0.0,0.0,0.0,0.0,0.0
32022R2560__articolo__18_p5,32022R2560,32022R2560,18_p5,ok,0.0,0.0,0.0,100.0,0.0,0.0,0.0,0.0,0.0,0.0,0.0
32022R2560__articolo__19,32022R2560,32022R2560,19,ok,70.0,0.0,0.0,30.0,0.0,0.0,0.0,0.0,0.0,0.0,0.0
32022R2560__articolo__20_p1,32022R2560,32022R2560,20_p1,ok,100.0,0.0,0.0,0.0,0.0,0.0,0.0,0.0,0.0,0.0,0.0
32022R2560__articolo__20_p2,32022R2560,32022R2560,20_p2,ok,100.0,0.0,0.0,0.0,0.0,0.0,0.0,0.0,0.0,0.0,0.0
32022R2560__articolo__20_p3,32022R2560,32022R2560,20_p3,ok,100.0,0.0,0.0,0.0,0.0,0.0,0.0,0.0,0.0,0.0,0.0
32022R2560__articolo__20_p4,32022R2560,32022R2560,20_p4,ok,100.0,0.0,0.0,0.0,0.0,0.0,0.0,0.0,0.0,0.0,0.0
32022R2560__articolo__20_p5,32022R2560,32022R2560,20_p5,ok,100.0,0.0,0.0,0.0,0.0,0.0,0.0,0.0,0.0,0.0,0.0
32022R2560__articolo__20_p6,32022R2560,32022R2560,20_p6,ok,100.0,0.0,0.0,0.0,0.0,0.0,0.0,0.0,0.0,0.0,0.0
32022R2560__articolo__20_p7,32022R2560,32022R2560,20_p7,ok,100.0,0.0,0.0,0.0,0.0,0.0,0.0,0.0,0.0,0.0,0.0
32022R2560__articolo__20_p8,32022R2560,32022R2560,20_p8,ok,95.0,0.0,0.0,5.0,0.0,0.0,0.0,0.0,0.0,0.0,0.0
32022R2560__articolo__20_p9,32022R2560,32022R2560,20_p9,ok,100.0,0.0,0.0,0.0,0.0,0.0,0.0,0.0,0.0,0.0,0.0
32022R2560__articolo__20_p10,32022R2560,32022R2560,20_p10,ok,100.0,0.0,0.0,0.0,0.0,0.0,0.0,0.0,0.0,0.0,0.0
32022R2560__articolo__20_p11,32022R2560,32022R2560,20_p11,ok,80.0,20.0,0.0,0.0,0.0,0.0,0.0,0.0,0.0,0.0,0.0
32022R2560__articolo__20_p12,32022R2560,32022R2560,20_p12,ok,0.0,0.0,0.0,100.0,0.0,0.0,0.0,0.0,0.0,0.0,0.0
32022R2560__articolo__20_p13,32022R2560,32022R2560,20_p13,ok,15.0,0.0,0.0,85.0,0.0,0.0,0.0,0.0,0.0,0.0,0.0
32022R2560__articolo__20_p14,32022R2560,32022R2560,20_p14,ok,0.0,0.0,0.0,100.0,0.0,0.0,0.0,0.0,0.0,0.0,0.0
32022R2560__articolo__20_p15,32022R2560,32022R2560,20_p15,ok,0.0,0.0,0.0,0.0,100.0,0.0,0.0,0.0,0.0,0.0,0.0
32022R2560__articolo__20_p16,32022R2560,32022R2560,20_p16,ok,60.0,0.0,0.0,35.0,5.0,0.0,0.0,0.0,0.0,0.0,0.0
32022R2560__articolo__20_p17,32022R2560,32022R2560,20_p17,ok,0.0,0.0,0.0,0.0,0.0,0.0,0.0,100.0,0.0,0.0,0.0
32022R2560__articolo__20_p18,32022R2560,32022R2560,20_p18,ok,95.0,0.0,0.0,5.0,0.0,0.0,0.0,0.0,0.0,0.0,0.0
32022R2560__articolo__20_p19,32022R2560,32022R2560,20_p19,ok,100.0,0.0,0.0,0.0,0.0,0.0,0.0,0.0,0.0,0.0,0.0
32022R2560__articolo__20_p20,32022R2560,32022R2560,20_p20,ok,100.0,0.0,0.0,0.0,0.0,0.0,0.0,0.0,0.0,0.0,0.0
32022R2560__articolo__20_p21,32022R2560,32022R2560,20_p21,ok,100.0,0.0,0.0,0.0,0.0,0.0,0.0,0.0,0.0,0.0,0.0
32022R2560__articolo__20_p22,32022R2560,32022R2560,20_p22,ok,100.0,0.0,0.0,0.0,0.0,0.0,0.0,0.0,0.0,0.0,0.0
32022R2560__articolo__20_p23,32022R2560,32022R2560,20_p23,ok,0.0,100.0,0.0,0.0,0.0,0.0,0.0,0.0,0.0,0.0,0.0
32022R2560__articolo__21_p1,32022R2560,32022R2560,21_p1,ok,100.0,0.0,0.0,0.0,0.0,0.0,0.0,0.0,0.0,0.0,0.0
32022R2560__articolo__21_p2,32022R2560,32022R2560,21_p2,ok,0.0,0.0,0.0,0.0,0.0,0.0,0.0,0.0,100.0,0.0,0.0
32022R2560__articolo__21_p3,32022R2560,32022R2560,21_p3,ok,20.0,70.0,0.0,0.0,10.0,0.0,0.0,0.0,0.0,0.0,0.0
32022R2560__articolo__21_p4,32022R2560,32022R2560,21_p4,ok,100.0,0.0,0.0,0.0,0.0,0.0,0.0,0.0,0.0,0.0,0.0
32022R2560__articolo__21_p5,32022R2560,32022R2560,21_p5,ok,100.0,0.0,0.0,0.0,0.0,0.0,0.0,0.0,0.0,0.0,0.0
32022R2560__articolo__21_p6,32022R2560,32022R2560,21_p6,ok,20.0,0.0,0.0,0.0,0.0,0.0,0.0,0.0,40.0,0.0,40.0
32022R2560__articolo__21_p7,32022R2560,32022R2560,21_p7,ok,0.0,70.0,0.0,30.0,0.0,0.0,0.0,0.0,0.0,0.0,0.0
32022R2560__articolo__21_p8,32022R2560,32022R2560,21_p8,ok,25.0,60.0,0.0,0.0,15.0,0.0,0.0,0.0,0.0,0.0,0.0
32022R2560__articolo__22_p1,32022R2560,32022R2560,22_p1,ok,100.0,0.0,0.0,0.0,0.0,0.0,0.0,0.0,0.0,0.0,0.0
32022R2560__articolo__22_p2,32022R2560,32022R2560,22_p2,ok,40.0,0.0,0.0,50.0,10.0,0.0,0.0,0.0,0.0,0.0,0.0
32022R2560__articolo__22_p3,32022R2560,32022R2560,22_p3,ok,100.0,0.0,0.0,0.0,0.0,0.0,0.0,0.0,0.0,0.0,0.0
32022R2560__articolo__22_p4,32022R2560,32022R2560,22_p4,ok,0.0,0.0,0.0,100.0,0.0,0.0,0.0,0.0,0.0,0.0,0.0
32022R2560__articolo__22_p5,32022R2560,32022R2560,22_p5,ok,0.0,0.0,0.0,100.0,0.0,0.0,0.0,0.0,0.0,0.0,0.0
32022R2560__articolo__22_p6,32022R2560,32022R2560,22_p6,ok,70.0,0.0,0.0,0.0,30.0,0.0,0.0,0.0,0.0,0.0,0.0
32022R2560__articolo__22_p7,32022R2560,32022R2560,22_p7,ok,100.0,0.0,0.0,0.0,0.0,0.0,0.0,0.0,0.0,0.0,0.0
32022R2560__articolo__22_p8,32022R2560,32022R2560,22_p8,ok,100.0,0.0,0.0,0.0,0.0,0.0,0.0,0.0,0.0,0.0,0.0
32022R2560__articolo__22_p9,32022R2560,32022R2560,22_p9,ok,0.0,0.0,0.0,0.0,0.0,0.0,0.0,0.0,0.0,0.0,100.0
32022R2560__articolo__22_p10,32022R2560,32022R2560,22_p10,ok,85.0,0.0,0.0,10.0,5.0,0.0,0.0,0.0,0.0,0.0,0.0
32022R2560__articolo__22_p11,32022R2560,32022R2560,22_p11,ok,20.0,0.0,0.0,80.0,0.0,0.0,0.0,0.0,0.0,0.0,0.0
32022R2560__articolo__22_p12,32022R2560,32022R2560,22_p12,ok,100.0,0.0,0.0,0.0,0.0,0.0,0.0,0.0,0.0,0.0,0.0
32022R2560__articolo__22_p13,32022R2560,32022R2560,22_p13,ok,100.0,0.0,0.0,0.0,0.0,0.0,0.0,0.0,0.0,0.0,0.0
32022R2560__articolo__22_p14,32022R2560,32022R2560,22_p14,ok,100.0,0.0,0.0,0.0,0.0,0.0,0.0,0.0,0.0,0.0,0.0
32022R2560__articolo__22_p15,32022R2560,32022R2560,22_p15,ok,100.0,0.0,0.0,0.0,0.0,0.0,0.0,0.0,0.0,0.0,0.0
32022R2560__articolo__22_p16,32022R2560,32022R2560,22_p16,parse_error,0.0,0.0,0.0,0.0,0.0,0.0,0.0,0.0,0.0,0.0,0.0
32022R2560__articolo__22_p17,32022R2560,32022R2560,22_p17,ok,100.0,0.0,0.0,0.0,0.0,0.0,0.0,0.0,0.0,0.0,0.0
32022R2560__articolo__22_p18,32022R2560,32022R2560,22_p18,ok,100.0,0.0,0.0,0.0,0.0,0.0,0.0,0.0,0.0,0.0,0.0
32022R2560__articolo__22_p19,32022R2560,32022R2560,22_p19,ok,40.0,0.0,0.0,0.0,0.0,0.0,0.0,0.0,0.0,0.0,60.0
32022R2560__articolo__22_p20,32022R2560,32022R2560,22_p20,ok,95.0,0.0,0.0,5.0,0.0,0.0,0.0,0.0,0.0,0.0,0.0
32022R2560__articolo__22_p21,32022R2560,32022R2560,22_p21,ok,0.0,0.0,0.0,0.0,0.0,0.0,0.0,0.0,0.0,0.0,100.0
32022R2560__articolo__22_p22,32022R2560,32022R2560,22_p22,ok,70.0,0.0,0.0,20.0,10.0,0.0,0.0,0.0,0.0,0.0,0.0
32022R2560__articolo__22_p23,32022R2560,32022R2560,22_p23,ok,0.0,0.0,0.0,0.0,0.0,0.0,0.0,0.0,0.0,0.0,100.0
32022R2560__articolo__22_p24,32022R2560,32022R2560,22_p24,ok,0.0,0.0,0.0,100.0,0.0,0.0,0.0,0.0,0.0,0.0,0.0
32022R2560__articolo__23,32022R2560,32022R2560,23,ok,0.0,0.0,0.0,0.0,70.0,0.0,0.0,0.0,0.0,0.0,30.0
32022R2560__articolo__24_p1,32022R2560,32022R2560,24_p1,ok,35.0,0.0,0.0,65.0,0.0,0.0,0.0,0.0,0.0,0.0,0.0
32022R2560__articolo__24_p2,32022R2560,32022R2560,24_p2,ok,0.0,0.0,0.0,0.0,0.0,0.0,0.0,0.0,100.0,0.0,0.0
32022R2560__articolo__24_p3,32022R2560,32022R2560,24_p3,ok,0.0,0.0,0.0,0.0,0.0,0.0,0.0,0.0,0.0,0.0,100.0
32022R2560__articolo__24_p4,32022R2560,32022R2560,24_p4,ok,0.0,0.0,0.0,100.0,0.0,0.0,0.0,0.0,0.0,0.0,0.0
32022R2560__articolo__24_p5,32022R2560,32022R2560,24_p5,ok,0.0,0.0,0.0,100.0,0.0,0.0,0.0,0.0,0.0,0.0,0.0
32022R2560__articolo__24_p6,32022R2560,32022R2560,24_p6,ok,0.0,0.0,0.0,50.0,0.0,0.0,0.0,50.0,0.0,0.0,0.0
32022R2560__articolo__24_p7,32022R2560,32022R2560,24_p7,ok,0.0,0.0,0.0,0.0,0.0,0.0,0.0,0.0,0.0,0.0,100.0
32022R2560__articolo__24_p8,32022R2560,32022R2560,24_p8,ok,0.0,0.0,0.0,100.0,0.0,0.0,0.0,0.0,0.0,0.0,0.0
32022R2560__articolo__24_p9,32022R2560,32022R2560,24_p9,ok,0.0,0.0,0.0,0.0,0.0,0.0,0.0,0.0,100.0,0.0,0.0
32022R2560__articolo__24_p10,32022R2560,32022R2560,24_p10,ok,0.0,0.0,0.0,100.0,0.0,0.0,0.0,0.0,0.0,0.0,0.0
32022R2560__articolo__24_p11,32022R2560,32022R2560,24_p11,ok,0.0,20.0,0.0,60.0,0.0,0.0,0.0,20.0,0.0,0.0,0.0
32022R2560__articolo__24_p12,32022R2560,32022R2560,24_p12,ok,0.0,0.0,0.0,100.0,0.0,0.0,0.0,0.0,0.0,0.0,0.0
32022R2560__articolo__24_p13,32022R2560,32022R2560,24_p13,ok,0.0,0.0,0.0,0.0,100.0,0.0,0.0,0.0,0.0,0.0,0.0
32022R2560__articolo__24_p14,32022R2560,32022R2560,24_p14,ok,0.0,0.0,0.0,100.0,0.0,0.0,0.0,0.0,0.0,0.0,0.0
32022R2560__articolo__24_p15,32022R2560,32022R2560,24_p15,ok,0.0,0.0,0.0,0.0,0.0,0.0,0.0,100.0,0.0,0.0,0.0
32022R2560__articolo__24_p16,32022R2560,32022R2560,24_p16,ok,0.0,0.0,0.0,0.0,0.0,0.0,0.0,100.0,0.0,0.0,0.0
32022R2560__articolo__24_p17,32022R2560,32022R2560,24_p17,ok,0.0,0.0,0.0,100.0,0.0,0.0,0.0,0.0,0.0,0.0,0.0
32022R2560__articolo__24_p18,32022R2560,32022R2560,24_p18,ok,0.0,0.0,0.0,25.0,50.0,0.0,0.0,25.0,0.0,0.0,0.0
32022R2560__articolo__24_p19,32022R2560,32022R2560,24_p19,ok,20.0,60.0,0.0,0.0,20.0,0.0,0.0,0.0,0.0,0.0,0.0
32022R2560__articolo__24_p20,32022R2560,32022R2560,24_p20,ok,0.0,0.0,0.0,100.0,0.0,0.0,0.0,0.0,0.0,0.0,0.0
32022R2560__articolo__24_p21,32022R2560,32022R2560,24_p21,ok,0.0,0.0,0.0,100.0,0.0,0.0,0.0,0.0,0.0,0.0,0.0
32022R2560__articolo__24_p22,32022R2560,32022R2560,24_p22,ok,15.0,0.0,0.0,85.0,0.0,0.0,0.0,0.0,0.0,0.0,0.0
32022R2560__articolo__25_p1,32022R2560,32022R2560,25_p1,ok,35.0,0.0,0.0,0.0,0.0,0.0,25.0,0.0,0.0,0.0,40.0
32022R2560__articolo__25_p2,32022R2560,32022R2560,25_p2,ok,100.0,0.0,0.0,0.0,0.0,0.0,0.0,0.0,0.0,0.0,0.0
32022R2560__articolo__25_p3,32022R2560,32022R2560,25_p3,ok,0.0,100.0,0.0,0.0,0.0,0.0,0.0,0.0,0.0,0.0,0.0
32022R2560__articolo__25_p4,32022R2560,32022R2560,25_p4,ok,0.0,0.0,0.0,0.0,0.0,0.0,0.0,0.0,0.0,0.0,100.0
32022R2560__articolo__25_p5,32022R2560,32022R2560,25_p5,ok,0.0,0.0,0.0,0.0,100.0,0.0,0.0,0.0,0.0,0.0,0.0
32022R2560__articolo__25_p6,32022R2560,32022R2560,25_p6,ok,0.0,0.0,0.0,0.0,100.0,0.0,0.0,0.0,0.0,0.0,0.0
32022R2560__articolo__25_p7,32022R2560,32022R2560,25_p7,ok,0.0,100.0,0.0,0.0,0.0,0.0,0.0,0.0,0.0,0.0,0.0
32022R2560__articolo__25_p8,32022R2560,32022R2560,25_p8,ok,0.0,0.0,100.0,0.0,0.0,0.0,0.0,0.0,0.0,0.0,0.0
32022R2560__articolo__25_p9,32022R2560,32022R2560,25_p9,ok,0.0,15.0,0.0,25.0,20.0,0.0,25.0,5.0,0.0,0.0,10.0
32022R2560__articolo__25_p10,32022R2560,32022R2560,25_p10,ok,0.0,0.0,0.0,0.0,20.0,0.0,25.0,0.0,25.0,0.0,30.0
32022R2560__articolo__25_p11,32022R2560,32022R2560,25_p11,ok,10.0,70.0,0.0,5.0,15.0,0.0,0.0,0.0,0.0,0.0,0.0
32022R2560__articolo__25_p12,32022R2560,32022R2560,25_p12,ok,0.0,100.0,0.0,0.0,0.0,0.0,0.0,0.0,0.0,0.0,0.0
32022R2560__articolo__25_p13,32022R2560,32022R2560,25_p13,ok,0.0,100.0,0.0,0.0,0.0,0.0,0.0,0.0,0.0,0.0,0.0
32022R2560__articolo__25_p14,32022R2560,32022R2560,25_p14,ok,0.0,20.0,80.0,0.0,0.0,0.0,0.0,0.0,0.0,0.0,0.0
32022R2560__articolo__25_p15,32022R2560,32022R2560,25_p15,ok,0.0,0.0,0.0,100.0,0.0,0.0,0.0,0.0,0.0,0.0,0.0
32022R2560__articolo__25_p16,32022R2560,32022R2560,25_p16,ok,0.0,0.0,80.0,0.0,10.0,10.0,0.0,0.0,0.0,0.0,0.0
32022R2560__articolo__25_p17,32022R2560,32022R2560,25_p17,ok,0.0,60.0,40.0,0.0,0.0,0.0,0.0,0.0,0.0,0.0,0.0
32022R2560__articolo__25_p18,32022R2560,32022R2560,25_p18,ok,0.0,0.0,0.0,0.0,100.0,0.0,0.0,0.0,0.0,0.0,0.0
32022R2560__articolo__25_p19,32022R2560,32022R2560,25_p19,ok,0.0,0.0,0.0,100.0,0.0,0.0,0.0,0.0,0.0,0.0,0.0
32022R2560__articolo__25_p20,32022R2560,32022R2560,25_p20,ok,0.0,0.0,90.0,0.0,0.0,10.0,0.0,0.0,0.0,0.0,0.0
32022R2560__articolo__26_p1,32022R2560,32022R2560,26_p1,ok,100.0,0.0,0.0,0.0,0.0,0.0,0.0,0.0,0.0,0.0,0.0
32022R2560__articolo__26_p2,32022R2560,32022R2560,26_p2,ok,0.0,100.0,0.0,0.0,0.0,0.0,0.0,0.0,0.0,0.0,0.0
32022R2560__articolo__26_p3,32022R2560,32022R2560,26_p3,ok,0.0,20.0,0.0,0.0,20.0,0.0,0.0,0.0,20.0,0.0,40.0
32022R2560__articolo__26_p4,32022R2560,32022R2560,26_p4,ok,0.0,100.0,0.0,0.0,0.0,0.0,0.0,0.0,0.0,0.0,0.0
32022R2560__articolo__26_p5,32022R2560,32022R2560,26_p5,ok,0.0,0.0,0.0,20.0,80.0,0.0,0.0,0.0,0.0,0.0,0.0
32022R2560__articolo__26_p6,32022R2560,32022R2560,26_p6,ok,0.0,0.0,0.0,0.0,0.0,0.0,0.0,0.0,0.0,0.0,100.0
32022R2560__articolo__26_p7,32022R2560,32022R2560,26_p7,ok,0.0,0.0,0.0,100.0,0.0,0.0,0.0,0.0,0.0,0.0,0.0
32022R2560__articolo__26_p8,32022R2560,32022R2560,26_p8,ok,0.0,0.0,0.0,0.0,100.0,0.0,0.0,0.0,0.0,0.0,0.0
32022R2560__articolo__27,32022R2560,32022R2560,27,ok,85.0,0.0,0.0,10.0,5.0,0.0,0.0,0.0,0.0,0.0,0.0
32022R2560__articolo__28_p1,32022R2560,32022R2560,28_p1,ok,30.0,0.0,0.0,0.0,0.0,0.0,0.0,0.0,0.0,0.0,70.0
32022R2560__articolo__28_p2,32022R2560,32022R2560,28_p2,ok,100.0,0.0,0.0,0.0,0.0,0.0,0.0,0.0,0.0,0.0,0.0
32022R2560__articolo__28_p3,32022R2560,32022R2560,28_p3,ok,90.0,0.0,0.0,0.0,10.0,0.0,0.0,0.0,0.0,0.0,0.0
32022R2560__articolo__28_p4,32022R2560,32022R2560,28_p4,ok,100.0,0.0,0.0,0.0,0.0,0.0,0.0,0.0,0.0,0.0,0.0
32022R2560__articolo__28_p5,32022R2560,32022R2560,28_p5,ok,40.0,30.0,0.0,20.0,10.0,0.0,0.0,0.0,0.0,0.0,0.0
32022R2560__articolo__28_p6,32022R2560,32022R2560,28_p6,ok,45.0,0.0,0.0,35.0,20.0,0.0,0.0,0.0,0.0,0.0,0.0
32022R2560__articolo__28_p7,32022R2560,32022R2560,28_p7,ok,0.0,0.0,0.0,100.0,0.0,0.0,0.0,0.0,0.0,0.0,0.0
32022R2560__articolo__28_p8,32022R2560,32022R2560,28_p8,ok,25.0,0.0,0.0,75.0,0.0,0.0,0.0,0.0,0.0,0.0,0.0
32022R2560__articolo__28_p9,32022R2560,32022R2560,28_p9,ok,20.0,0.0,0.0,35.0,25.0,0.0,0.0,0.0,20.0,0.0,0.0
32022R2560__articolo__28_p10,32022R2560,32022R2560,28_p10,ok,0.0,0.0,0.0,100.0,0.0,0.0,0.0,0.0,0.0,0.0,0.0
32022R2560__articolo__28_p11,32022R2560,32022R2560,28_p11,ok,0.0,0.0,0.0,0.0,100.0,0.0,0.0,0.0,0.0,0.0,0.0
32022R2560__articolo__28_p12,32022R2560,32022R2560,28_p12,ok,0.0,0.0,0.0,100.0,0.0,0.0,0.0,0.0,0.0,0.0,0.0
32022R2560__articolo__29_p1,32022R2560,32022R2560,29_p1,ok,35.0,30.0,0.0,0.0,0.0,0.0,0.0,0.0,35.0,0.0,0.0
32022R2560__articolo__29_p2,32022R2560,32022R2560,29_p2,ok,15.0,0.0,0.0,10.0,20.0,0.0,0.0,0.0,25.0,0.0,30.0
32022R2560__articolo__29_p3,32022R2560,32022R2560,29_p3,ok,0.0,0.0,0.0,0.0,0.0,0.0,0.0,0.0,100.0,0.0,0.0
32022R2560__articolo__29_p4,32022R2560,32022R2560,29_p4,ok,0.0,18.18,0.0,13.64,0.0,0.0,13.64,9.09,9.09,9.09,27.27
32022R2560__articolo__29_p5,32022R2560,32022R2560,29_p5,ok,0.0,10.0,0.0,0.0,0.0,5.0,20.0,0.0,20.0,10.0,35.0
32022R2560__articolo__29_p6,32022R2560,32022R2560,29_p6,ok,75.0,0.0,0.0,0.0,25.0,0.0,0.0,0.0,0.0,0.0,0.0
32022R2560__articolo__29_p7,32022R2560,32022R2560,29_p7,ok,20.0,0.0,0.0,50.0,20.0,0.0,0.0,0.0,10.0,0.0,0.0
32022R2560__articolo__29_p8,32022R2560,32022R2560,29_p8,ok,5.0,0.0,0.0,20.0,25.0,15.0,0.0,0.0,20.0,0.0,15.0
32022R2560__articolo__29_p9,32022R2560,32022R2560,29_p9,ok,25.0,55.0,0.0,10.0,10.0,0.0,0.0,0.0,0.0,0.0,0.0
32022R2560__articolo__30_p1,32022R2560,32022R2560,30_p1,ok,40.0,0.0,0.0,0.0,0.0,0.0,0.0,0.0,0.0,0.0,60.0
32022R2560__articolo__30_p2,32022R2560,32022R2560,30_p2,ok,100.0,0.0,0.0,0.0,0.0,0.0,0.0,0.0,0.0,0.0,0.0
32022R2560__articolo__30_p3,32022R2560,32022R2560,30_p3,ok,0.0,0.0,0.0,0.0,0.0,0.0,0.0,50.0,0.0,0.0,50.0
32022R2560__articolo__30_p4,32022R2560,32022R2560,30_p4,ok,0.0,10.0,0.0,0.0,0.0,0.0,0.0,0.0,30.0,0.0,60.0
32022R2560__articolo__30_p5,32022R2560,32022R2560,30_p5,ok,0.0,25.0,0.0,10.0,15.0,0.0,10.0,10.0,5.0,0.0,25.0
32022R2560__articolo__30_p6,32022R2560,32022R2560,30_p6,ok,0.0,20.0,0.0,15.0,10.0,15.0,0.0,20.0,0.0,0.0,20.0
32022R2560__articolo__30_p7,32022R2560,32022R2560,30_p7,ok,0.0,0.0,0.0,35.0,0.0,0.0,10.0,15.0,10.0,0.0,30.0
32022R2560__articolo__31_p1,32022R2560,32022R2560,31_p1,ok,0.0,100.0,0.0,0.0,0.0,0.0,0.0,0.0,0.0,0.0,0.0
32022R2560__articolo__31_p2,32022R2560,32022R2560,31_p2,ok,2.0,78.0,0.0,0.0,12.0,8.0,0.0,0.0,0.0,0.0,0.0
32022R2560__articolo__31_p3,32022R2560,32022R2560,31_p3,ok,0.0,20.0,25.0,15.0,10.0,15.0,0.0,0.0,0.0,0.0,15.0
32022R2560__articolo__31_p4,32022R2560,32022R2560,31_p4,ok,0.0,15.0,20.0,0.0,30.0,35.0,0.0,0.0,0.0,0.0,0.0
32022R2560__articolo__31_p5,32022R2560,32022R2560,31_p5,ok,0.0,0.0,0.0,100.0,0.0,0.0,0.0,0.0,0.0,0.0,0.0
32022R2560__articolo__32_p1,32022R2560,32022R2560,32_p1,ok,55.0,0.0,0.0,0.0,0.0,0.0,0.0,0.0,0.0,0.0,45.0
32022R2560__articolo__32_p2,32022R2560,32022R2560,32_p2,ok,0.0,0.0,0.0,100.0,0.0,0.0,0.0,0.0,0.0,0.0,0.0
32022R2560__articolo__32_p3,32022R2560,32022R2560,32_p3,ok,0.0,0.0,0.0,70.0,10.0,0.0,0.0,0.0,0.0,0.0,20.0
32022R2560__articolo__32_p4,32022R2560,32022R2560,32_p4,ok,0.0,25.0,0.0,35.0,25.0,0.0,0.0,15.0,0.0,0.0,0.0
32022R2560__articolo__32_p5,32022R2560,32022R2560,32_p5,ok,0.0,10.0,0.0,90.0,0.0,0.0,0.0,0.0,0.0,0.0,0.0
32022R2560__articolo__32_p6,32022R2560,32022R2560,32_p6,ok,0.0,0.0,20.0,10.0,70.0,0.0,0.0,0.0,0.0,0.0,0.0
32022R2560__articolo__32_p7,32022R2560,32022R2560,32_p7,ok,0.0,0.0,0.0,0.0,0.0,0.0,0.0,0.0,100.0,0.0,0.0
32022R2560__articolo__32_p8,32022R2560,32022R2560,32_p8,ok,18.0,0.0,0.0,22.0,35.0,0.0,0.0,0.0,0.0,0.0,25.0
32022R2560__articolo__32_p9,32022R2560,32022R2560,32_p9,ok,0.0,0.0,0.0,0.0,0.0,0.0,0.0,0.0,0.0,0.0,100.0
32022R2560__articolo__33_p1,32022R2560,32022R2560,33_p1,ok,40.0,60.0,0.0,0.0,0.0,0.0,0.0,0.0,0.0,0.0,0.0
32022R2560__articolo__33_p2,32022R2560,32022R2560,33_p2,ok,0.0,100.0,0.0,0.0,0.0,0.0,0.0,0.0,0.0,0.0,0.0
32022R2560__articolo__33_p3,32022R2560,32022R2560,33_p3,ok,0.0,90.0,0.0,0.0,10.0,0.0,0.0,0.0,0.0,0.0,0.0
32022R2560__articolo__33_p4,32022R2560,32022R2560,33_p4,ok,0.0,100.0,0.0,0.0,0.0,0.0,0.0,0.0,0.0,0.0,0.0
32022R2560__articolo__33_p5,32022R2560,32022R2560,33_p5,ok,0.0,0.0,0.0,0.0,0.0,0.0,0.0,0.0,100.0,0.0,0.0
32022R2560__articolo__33_p6,32022R2560,32022R2560,33_p6,ok,0.0,0.0,0.0,0.0,100.0,0.0,0.0,0.0,0.0,0.0,0.0
32022R2560__articolo__34,32022R2560,32022R2560,34,ok,25.0,0.0,0.0,0.0,75.0,0.0,0.0,0.0,0.0,0.0,0.0
32022R2560__articolo__35_p1,32022R2560,32022R2560,35_p1,ok,0.0,0.0,0.0,0.0,0.0,0.0,0.0,0.0,100.0,0.0,0.0
32022R2560__articolo__35_p2,32022R2560,32022R2560,35_p2,ok,0.0,50.0,0.0,0.0,20.0,15.0,0.0,0.0,15.0,0.0,0.0
32022R2560__articolo__35_p3,32022R2560,32022R2560,35_p3,ok,0.0,70.0,0.0,0.0,10.0,0.0,0.0,0.0,20.0,0.0,0.0
32022R2560__articolo__35_p4,32022R2560,32022R2560,35_p4,ok,0.0,0.0,0.0,15.0,0.0,0.0,65.0,0.0,20.0,0.0,0.0
32022R2560__articolo__36_p1,32022R2560,32022R2560,36_p1,ok,60.0,40.0,0.0,0.0,0.0,0.0,0.0,0.0,0.0,0.0,0.0
32022R2560__articolo__36_p2,32022R2560,32022R2560,36_p2,ok,15.0,70.0,0.0,0.0,0.0,5.0,0.0,0.0,0.0,0.0,10.0
32022R2560__articolo__36_p3,32022R2560,32022R2560,36_p3,ok,0.0,0.0,0.0,0.0,0.0,20.0,0.0,0.0,40.0,40.0,0.0
32022R2560__articolo__36_p4,32022R2560,32022R2560,36_p4,ok,0.0,0.0,0.0,0.0,100.0,0.0,0.0,0.0,0.0,0.0,0.0
32022R2560__articolo__36_p5,32022R2560,32022R2560,36_p5,ok,100.0,0.0,0.0,0.0,0.0,0.0,0.0,0.0,0.0,0.0,0.0
32022R2560__articolo__37_p1,32022R2560,32022R2560,37_p1,ok,0.0,0.0,0.0,0.0,0.0,100.0,0.0,0.0,0.0,0.0,0.0
32022R2560__articolo__37_p2,32022R2560,32022R2560,37_p2,ok,0.0,15.0,0.0,0.0,0.0,70.0,0.0,0.0,15.0,0.0,0.0
32022R2560__articolo__37_p3,32022R2560,32022R2560,37_p3,ok,0.0,5.0,0.0,60.0,0.0,35.0,0.0,0.0,0.0,0.0,0.0
32022R2560__articolo__38_p1,32022R2560,32022R2560,38_p1,ok,0.0,0.0,0.0,100.0,0.0,0.0,0.0,0.0,0.0,0.0,0.0
32022R2560__articolo__38_p2,32022R2560,32022R2560,38_p2,ok,0.0,0.0,0.0,20.0,35.0,0.0,0.0,0.0,0.0,0.0,45.0
32022R2560__articolo__38_p3,32022R2560,32022R2560,38_p3,ok,0.0,20.0,0.0,30.0,20.0,0.0,20.0,0.0,0.0,0.0,10.0
32022R2560__articolo__38_p4,32022R2560,32022R2560,38_p4,ok,0.0,0.0,0.0,100.0,0.0,0.0,0.0,0.0,0.0,0.0,0.0
32022R2560__articolo__38_p5,32022R2560,32022R2560,38_p5,ok,0.0,100.0,0.0,0.0,0.0,0.0,0.0,0.0,0.0,0.0,0.0
32022R2560__articolo__38_p6,32022R2560,32022R2560,38_p6,ok,0.0,100.0,0.0,0.0,0.0,0.0,0.0,0.0,0.0,0.0,0.0
32022R2560__articolo__38_p7,32022R2560,32022R2560,38_p7,ok,0.0,0.0,0.0,100.0,0.0,0.0,0.0,0.0,0.0,0.0,0.0
32022R2560__articolo__39,32022R2560,32022R2560,39,ok,0.0,35.0,0.0,0.0,25.0,0.0,15.0,0.0,0.0,0.0,25.0
32022R2560__articolo__40,32022R2560,32022R2560,40,ok,0.0,0.0,0.0,0.0,35.0,15.0,40.0,0.0,10.0,0.0,0.0
32022R2560__articolo__41_p1,32022R2560,32022R2560,41_p1,ok,100.0,0.0,0.0,0.0,0.0,0.0,0.0,0.0,0.0,0.0,0.0
32022R2560__articolo__41_p2,32022R2560,32022R2560,41_p2,ok,0.0,0.0,0.0,0.0,0.0,0.0,50.0,0.0,25.0,0.0,25.0
32022R2560__articolo__41_p3,32022R2560,32022R2560,41_p3,ok,0.0,0.0,0.0,0.0,100.0,0.0,0.0,0.0,0.0,0.0,0.0
32022R2560__articolo__41_p4,32022R2560,32022R2560,41_p4,ok,0.0,0.0,0.0,0.0,20.0,0.0,0.0,0.0,40.0,0.0,40.0
32022R2560__articolo__42_p1,32022R2560,32022R2560,42_p1,ok,0.0,0.0,0.0,0.0,0.0,0.0,100.0,0.0,0.0,0.0,0.0
32022R2560__articolo__42_p2,32022R2560,32022R2560,42_p2,ok,0.0,0.0,0.0,0.0,0.0,0.0,100.0,0.0,0.0,0.0,0.0
32022R2560__articolo__42_p3,32022R2560,32022R2560,42_p3,ok,0.0,0.0,0.0,25.0,25.0,0.0,50.0,0.0,0.0,0.0,0.0
32022R2560__articolo__42_p4,32022R2560,32022R2560,42_p4,ok,0.0,0.0,0.0,0.0,0.0,0.0,100.0,0.0,0.0,0.0,0.0
32022R2560__articolo__42_p5,32022R2560,32022R2560,42_p5,ok,0.0,5.0,0.0,45.0,0.0,10.0,35.0,5.0,0.0,0.0,0.0
32022R2560__articolo__43_p1,32022R2560,32022R2560,43_p1,ok,0.0,0.0,0.0,0.0,0.0,0.0,100.0,0.0,0.0,0.0,0.0
32022R2560__articolo__43_p2,32022R2560,32022R2560,43_p2,ok,0.0,0.0,0.0,0.0,0.0,0.0,100.0,0.0,0.0,0.0,0.0
32022R2560__articolo__43_p3,32022R2560,32022R2560,43_p3,ok,0.0,0.0,0.0,0.0,15.0,0.0,85.0,0.0,0.0,0.0,0.0
32022R2560__articolo__43_p4,32022R2560,32022R2560,43_p4,ok,0.0,0.0,0.0,100.0,0.0,0.0,0.0,0.0,0.0,0.0,0.0
32022R2560__articolo__43_p5,32022R2560,32022R2560,43_p5,ok,0.0,0.0,0.0,100.0,0.0,0.0,0.0,0.0,0.0,0.0,0.0
32022R2560__articolo__44_p1,32022R2560,32022R2560,44_p1,ok,100.0,0.0,0.0,0.0,0.0,0.0,0.0,0.0,0.0,0.0,0.0
32022R2560__articolo__44_p2,32022R2560,32022R2560,44_p2,ok,0.0,0.0,0.0,100.0,0.0,0.0,0.0,0.0,0.0,0.0,0.0
32022R2560__articolo__44_p3,32022R2560,32022R2560,44_p3,ok,0.0,0.0,0.0,15.0,85.0,0.0,0.0,0.0,0.0,0.0,0.0
32022R2560__articolo__44_p4,32022R2560,32022R2560,44_p4,ok,0.0,0.0,0.0,100.0,0.0,0.0,0.0,0.0,0.0,0.0,0.0
32022R2560__articolo__44_p5,32022R2560,32022R2560,44_p5,ok,0.0,0.0,0.0,20.0,80.0,0.0,0.0,0.0,0.0,0.0,0.0
32022R2560__articolo__44_p6,32022R2560,32022R2560,44_p6,ok,0.0,0.0,0.0,100.0,0.0,0.0,0.0,0.0,0.0,0.0,0.0
32022R2560__articolo__44_p7,32022R2560,32022R2560,44_p7,ok,20.0,0.0,0.0,70.0,10.0,0.0,0.0,0.0,0.0,0.0,0.0
32022R2560__articolo__44_p8,32022R2560,32022R2560,44_p8,ok,0.0,0.0,0.0,0.0,100.0,0.0,0.0,0.0,0.0,0.0,0.0
32022R2560__articolo__44_p9,32022R2560,32022R2560,44_p9,ok,60.0,0.0,0.0,30.0,10.0,0.0,0.0,0.0,0.0,0.0,0.0
32022R2560__articolo__44_p10,32022R2560,32022R2560,44_p10,ok,0.0,0.0,0.0,0.0,100.0,0.0,0.0,0.0,0.0,0.0,0.0
32022R2560__articolo__44_p11,32022R2560,32022R2560,44_p11,ok,5.0,0.0,0.0,80.0,15.0,0.0,0.0,0.0,0.0,0.0,0.0
32022R2560__articolo__45,32022R2560,32022R2560,45,ok,0.0,100.0,0.0,0.0,0.0,0.0,0.0,0.0,0.0,0.0,0.0
32022R2560__articolo__46_p1,32022R2560,32022R2560,46_p1,ok,0.0,0.0,0.0,0.0,0.0,0.0,0.0,0.0,50.0,50.0,0.0
32022R2560__articolo__46_p2,32022R2560,32022R2560,46_p2,ok,100.0,0.0,0.0,0.0,0.0,0.0,0.0,0.0,0.0,0.0,0.0
32022R2560__articolo__46_p3,32022R2560,32022R2560,46_p3,ok,0.0,0.0,0.0,0.0,100.0,0.0,0.0,0.0,0.0,0.0,0.0
32022R2560__articolo__46_p4,32022R2560,32022R2560,46_p4,ok,0.0,100.0,0.0,0.0,0.0,0.0,0.0,0.0,0.0,0.0,0.0
32022R2560__articolo__46_p5,32022R2560,32022R2560,46_p5,ok,0.0,0.0,0.0,0.0,100.0,0.0,0.0,0.0,0.0,0.0,0.0
32022R2560__articolo__46_p6,32022R2560,32022R2560,46_p6,ok,0.0,0.0,80.0,0.0,0.0,20.0,0.0,0.0,0.0,0.0,0.0
32022R2560__articolo__47_p1,32022R2560,32022R2560,47_p1,ok,0.0,0.0,100.0,0.0,0.0,0.0,0.0,0.0,0.0,0.0,0.0
32022R2560__articolo__47_p2,32022R2560,32022R2560,47_p2,ok,0.0,0.0,100.0,0.0,0.0,0.0,0.0,0.0,0.0,0.0,0.0
32022R2560__articolo__47_p3,32022R2560,32022R2560,47_p3,ok,0.0,0.0,100.0,0.0,0.0,0.0,0.0,0.0,0.0,0.0,0.0
32022R2560__articolo__47_p4,32022R2560,32022R2560,47_p4,ok,0.0,0.0,0.0,0.0,100.0,0.0,0.0,0.0,0.0,0.0,0.0
32022R2560__articolo__47_p5,32022R2560,32022R2560,47_p5,ok,0.0,0.0,0.0,0.0,100.0,0.0,0.0,0.0,0.0,0.0,0.0
32022R2560__articolo__47_p6,32022R2560,32022R2560,47_p6,ok,0.0,0.0,100.0,0.0,0.0,0.0,0.0,0.0,0.0,0.0,0.0
32022R2560__articolo__47_p7,32022R2560,32022R2560,47_p7,ok,0.0,0.0,0.0,0.0,0.0,0.0,0.0,0.0,0.0,0.0,100.0
32022R2560__articolo__47_p8,32022R2560,32022R2560,47_p8,ok,0.0,0.0,0.0,0.0,100.0,0.0,0.0,0.0,0.0,0.0,0.0
32022R2560__articolo__47_p9,32022R2560,32022R2560,47_p9,ok,0.0,0.0,100.0,0.0,0.0,0.0,0.0,0.0,0.0,0.0,0.0
32022R2560__articolo__47_p10,32022R2560,32022R2560,47_p10,ok,0.0,0.0,100.0,0.0,0.0,0.0,0.0,0.0,0.0,0.0,0.0
32022R2560__articolo__47_p11,32022R2560,32022R2560,47_p11,ok,0.0,0.0,0.0,0.0,0.0,0.0,0.0,0.0,0.0,0.0,100.0
32022R2560__articolo__47_p12,32022R2560,32022R2560,47_p12,ok,0.0,0.0,0.0,0.0,0.0,0.0,0.0,0.0,0.0,100.0,0.0
32022R2560__articolo__48,32022R2560,32022R2560,48,ok,0.0,0.0,0.0,0.0,70.0,30.0,0.0,0.0,0.0,0.0,0.0
32022R2560__articolo__49_p1,32022R2560,32022R2560,49_p1,ok,0.0,25.0,75.0,0.0,0.0,0.0,0.0,0.0,0.0,0.0,0.0
32022R2560__articolo__49_p2,32022R2560,32022R2560,49_p2,ok,0.0,0.0,0.0,0.0,0.0,0.0,0.0,0.0,0.0,100.0,0.0
32022R2560__articolo__49_p3,32022R2560,32022R2560,49_p3,ok,0.0,0.0,0.0,0.0,0.0,0.0,0.0,0.0,0.0,0.0,100.0
32022R2560__articolo__49_p4,32022R2560,32022R2560,49_p4,ok,0.0,0.0,0.0,0.0,0.0,0.0,0.0,0.0,100.0,0.0,0.0
32022R2560__articolo__49_p5,32022R2560,32022R2560,49_p5,ok,0.0,0.0,0.0,0.0,0.0,0.0,0.0,0.0,0.0,0.0,100.0
32022R2560__articolo__49_p6,32022R2560,32022R2560,49_p6,ok,0.0,100.0,0.0,0.0,0.0,0.0,0.0,0.0,0.0,0.0,0.0
32022R2560__articolo__49_p7,32022R2560,32022R2560,49_p7,ok,0.0,20.0,0.0,0.0,20.0,0.0,0.0,0.0,0.0,30.0,30.0
32022R2560__articolo__49_p8,32022R2560,32022R2560,49_p8,ok,0.0,0.0,0.0,0.0,35.0,15.0,0.0,0.0,20.0,20.0,10.0
32022R2560__articolo__49_p9,32022R2560,32022R2560,49_p9,ok,0.0,0.0,0.0,0.0,45.0,0.0,0.0,0.0,40.0,15.0,0.0
32022R2560__articolo__49_p10,32022R2560,32022R2560,49_p10,ok,0.0,0.0,0.0,0.0,40.0,0.0,0.0,0.0,30.0,30.0,0.0
32022R2560__articolo__49_p11,32022R2560,32022R2560,49_p11,ok,60.0,0.0,0.0,15.0,15.0,0.0,0.0,0.0,0.0,0.0,10.0
32022R2560__articolo__49_p12,32022R2560,32022R2560,49_p12,ok,25.0,0.0,0.0,0.0,35.0,0.0,0.0,0.0,0.0,0.0,40.0
32022R2560__articolo__49_p13,32022R2560,32022R2560,49_p13,ok,0.0,0.0,0.0,0.0,0.0,0.0,0.0,0.0,50.0,50.0,0.0
32022R2560__articolo__49_p14,32022R2560,32022R2560,49_p14,ok,0.0,100.0,0.0,0.0,0.0,0.0,0.0,0.0,0.0,0.0,0.0
32022R2560__articolo__49_p15,32022R2560,32022R2560,49_p15,ok,40.0,0.0,0.0,0.0,20.0,0.0,0.0,0.0,0.0,0.0,40.0
32022R2560__articolo__49_p16,32022R2560,32022R2560,49_p16,ok,0.0,0.0,0.0,15.0,35.0,0.0,0.0,0.0,50.0,0.0,0.0
32022R2560__articolo__49_p17,32022R2560,32022R2560,49_p17,ok,0.0,100.0,0.0,0.0,0.0,0.0,0.0,0.0,0.0,0.0,0.0
32022R2560__articolo__49_p18,32022R2560,32022R2560,49_p18,ok,0.0,0.0,0.0,0.0,25.0,0.0,0.0,0.0,25.0,50.0,0.0
32022R2560__articolo__49_p19,32022R2560,32022R2560,49_p19,ok,100.0,0.0,0.0,0.0,0.0,0.0,0.0,0.0,0.0,0.0,0.0
32022R2560__articolo__49_p20,32022R2560,32022R2560,49_p20,ok,0.0,0.0,100.0,0.0,0.0,0.0,0.0,0.0,0.0,0.0,0.0
32022R2560__articolo__49_p21,32022R2560,32022R2560,49_p21,ok,0.0,0.0,0.0,0.0,0.0,0.0,0.0,0.0,0.0,100.0,0.0
32022R2560__articolo__49_p22,32022R2560,32022R2560,49_p22,ok,0.0,0.0,0.0,0.0,0.0,0.0,0.0,0.0,0.0,0.0,100.0
32022R2560__articolo__49_p23,32022R2560,32022R2560,49_p23,ok,0.0,0.0,0.0,0.0,0.0,0.0,0.0,0.0,100.0,0.0,0.0
32022R2560__articolo__49_p24,32022R2560,32022R2560,49_p24,ok,0.0,0.0,0.0,0.0,0.0,0.0,0.0,0.0,0.0,100.0,0.0
32022R2560__articolo__49_p25,32022R2560,32022R2560,49_p25,ok,0.0,0.0,0.0,0.0,0.0,0.0,0.0,0.0,0.0,100.0,0.0
32022R2560__articolo__49_p26,32022R2560,32022R2560,49_p26,ok,0.0,15.0,0.0,0.0,20.0,0.0,0.0,0.0,0.0,30.0,35.0
32022R2560__articolo__49_p27,32022R2560,32022R2560,49_p27,ok,0.0,0.0,0.0,0.0,40.0,0.0,0.0,0.0,30.0,30.0,0.0
32022R2560__articolo__49_p28,32022R2560,32022R2560,49_p28,ok,0.0,0.0,0.0,0.0,70.0,0.0,0.0,0.0,30.0,0.0,0.0
32022R2560__articolo__49_p29,32022R2560,32022R2560,49_p29,ok,0.0,0.0,0.0,0.0,35.0,0.0,0.0,0.0,40.0,25.0,0.0
32022R2560__articolo__49_p30,32022R2560,32022R2560,49_p30,ok,25.0,0.0,0.0,20.0,25.0,0.0,0.0,0.0,20.0,10.0,0.0
32022R2560__articolo__49_p31,32022R2560,32022R2560,49_p31,ok,0.0,0.0,0.0,0.0,60.0,0.0,0.0,0.0,0.0,40.0,0.0
32022R2560__articolo__49_p32,32022R2560,32022R2560,49_p32,ok,0.0,0.0,0.0,0.0,0.0,0.0,0.0,0.0,100.0,0.0,0.0
32022R2560__articolo__49_p33,32022R2560,32022R2560,49_p33,ok,0.0,100.0,0.0,0.0,0.0,0.0,0.0,0.0,0.0,0.0,0.0
32022R2560__articolo__49_p34,32022R2560,32022R2560,49_p34,ok,40.0,0.0,0.0,30.0,30.0,0.0,0.0,0.0,0.0,0.0,0.0
32022R2560__articolo__49_p35,32022R2560,32022R2560,49_p35,ok,0.0,0.0,0.0,0.0,70.0,0.0,0.0,0.0,30.0,0.0,0.0
32022R2560__articolo__49_p36,32022R2560,32022R2560,49_p36,ok,0.0,100.0,0.0,0.0,0.0,0.0,0.0,0.0,0.0,0.0,0.0
32022R2560__articolo__49_p37,32022R2560,32022R2560,49_p37,ok,0.0,0.0,0.0,0.0,30.0,0.0,0.0,0.0,0.0,70.0,0.0
32022R2560__articolo__49_p38,32022R2560,32022R2560,49_p38,ok,0.0,15.0,0.0,35.0,25.0,0.0,0.0,0.0,0.0,0.0,25.0
32022R2560__articolo__49_p39,32022R2560,32022R2560,49_p39,ok,0.0,0.0,100.0,0.0,0.0,0.0,0.0,0.0,0.0,0.0,0.0
32022R2560__articolo__50_p1,32022R2560,32022R2560,50_p1,ok,0.0,0.0,100.0,0.0,0.0,0.0,0.0,0.0,0.0,0.0,0.0
32022R2560__articolo__50_p2,32022R2560,32022R2560,50_p2,ok,0.0,0.0,100.0,0.0,0.0,0.0,0.0,0.0,0.0,0.0,0.0
32022R2560__articolo__50_p3,32022R2560,32022R2560,50_p3,ok,0.0,0.0,100.0,0.0,0.0,0.0,0.0,0.0,0.0,0.0,0.0
32022R2560__articolo__50_p4,32022R2560,32022R2560,50_p4,ok,0.0,0.0,100.0,0.0,0.0,0.0,0.0,0.0,0.0,0.0,0.0
32022R2560__articolo__50_p5,32022R2560,32022R2560,50_p5,ok,0.0,0.0,85.0,10.0,0.0,0.0,0.0,0.0,0.0,5.0,0.0
32022R2560__articolo__50_p6,32022R2560,32022R2560,50_p6,ok,0.0,0.0,100.0,0.0,0.0,0.0,0.0,0.0,0.0,0.0,0.0
32022R2560__articolo__50_p7,32022R2560,32022R2560,50_p7,ok,0.0,0.0,20.0,0.0,30.0,50.0,0.0,0.0,0.0,0.0,0.0
32022R2560__articolo__50_p8,32022R2560,32022R2560,50_p8,ok,0.0,0.0,60.0,0.0,0.0,0.0,0.0,0.0,40.0,0.0,0.0
32022R2560__articolo__50_p9,32022R2560,32022R2560,50_p9,ok,0.0,0.0,85.0,0.0,0.0,0.0,5.0,10.0,0.0,0.0,0.0
32022R2560__articolo__51,32022R2560,32022R2560,51,ok,0.0,0.0,100.0,0.0,0.0,0.0,0.0,0.0,0.0,0.0,0.0
32022R2560__articolo__52_p1,32022R2560,32022R2560,52_p1,ok,0.0,0.0,0.0,0.0,0.0,0.0,0.0,0.0,50.0,50.0,0.0
32022R2560__articolo__52_p2,32022R2560,32022R2560,52_p2,ok,0.0,0.0,0.0,0.0,0.0,0.0,0.0,0.0,20.0,80.0,0.0
32022R2560__articolo__52_p3,32022R2560,32022R2560,52_p3,ok,0.0,0.0,0.0,0.0,5.0,0.0,0.0,0.0,15.0,80.0,0.0
32022R2560__articolo__52_p4,32022R2560,32022R2560,52_p4,ok,0.0,20.0,0.0,0.0,0.0,0.0,0.0,0.0,0.0,80.0,0.0
32022R2560__articolo__52_p5,32022R2560,32022R2560,52_p5,ok,0.0,0.0,100.0,0.0,0.0,0.0,0.0,0.0,0.0,0.0,0.0
32022R2560__articolo__52_p6,32022R2560,32022R2560,52_p6,ok,0.0,100.0,0.0,0.0,0.0,0.0,0.0,0.0,0.0,0.0,0.0
32022R2560__articolo__52_p7,32022R2560,32022R2560,52_p7,ok,0.0,10.0,90.0,0.0,0.0,0.0,0.0,0.0,0.0,0.0,0.0
32022R2560__articolo__52_p8,32022R2560,32022R2560,52_p8,ok,0.0,0.0,100.0,0.0,0.0,0.0,0.0,0.0,0.0,0.0,0.0
32022R2560__articolo__52_p9,32022R2560,32022R2560,52_p9,ok,0.0,0.0,100.0,0.0,0.0,0.0,0.0,0.0,0.0,0.0,0.0
32022R2560__articolo__53_p1,32022R2560,32022R2560,53_p1,ok,100.0,0.0,0.0,0.0,0.0,0.0,0.0,0.0,0.0,0.0,0.0
32022R2560__articolo__53_p2,32022R2560,32022R2560,53_p2,ok,100.0,0.0,0.0,0.0,0.0,0.0,0.0,0.0,0.0,0.0,0.0
32022R2560__articolo__53_p3,32022R2560,32022R2560,53_p3,ok,20.0,0.0,0.0,80.0,0.0,0.0,0.0,0.0,0.0,0.0,0.0
32022R2560__articolo__53_p4,32022R2560,32022R2560,53_p4,ok,0.0,0.0,0.0,100.0,0.0,0.0,0.0,0.0,0.0,0.0,0.0
32022R2560__articolo__53_p5,32022R2560,32022R2560,53_p5,ok,0.0,0.0,0.0,100.0,0.0,0.0,0.0,0.0,0.0,0.0,0.0
32022R2560__articolo__54,32022R2560,32022R2560,54,ok,40.0,0.0,0.0,60.0,0.0,0.0,0.0,0.0,0.0,0.0,0.0
32020D0787__articolo__1,32020D0787,32020D0787,1,ok,20.0,0.0,0.0,40.0,30.0,0.0,0.0,10.0,0.0,0.0,0.0
32020D0787__articolo__2,32020D0787,32020D0787,2,ok,0.0,0.0,0.0,0.0,0.0,0.0,0.0,0.0,0.0,0.0,100.0
32019R0505__articolo__1,32019R0505,32019R0505,1,ok,0.0,0.0,0.0,0.0,100.0,0.0,0.0,0.0,0.0,0.0,0.0
32019R0505__articolo__2,32019R0505,32019R0505,2,ok,70.0,0.0,0.0,20.0,10.0,0.0,0.0,0.0,0.0,0.0,0.0
