celex,articolo_id,lamf_L1,lamf_L2,lamf_L3,lamf_L4,n_tokens_labeled,n_fragments,entropy,dominant_lamf
32005R0184,1,100.0,0.0,0.0,0.0,35,1,0.0,L1
32005R0184,10,50.76923076923077,49.23076923076923,0.0,0.0,65,1,0.4999146286190017,L1
32005R0184,11,49.397590361445786,50.602409638554214,0.0,0.0,83,1,0.4999476422666146,L2
32005R0184,12,26.923076923076923,73.07692307692308,0.0,0.0,104,1,0.4201793343618635,L2
32005R0184,13,100.0,0.0,0.0,0.0,27,1,0.0,L1
32005R0184,2,0.0,100.0,0.0,0.0,42,1,0.0,L2
32005R0184,3,0.0,100.0,0.0,0.0,94,1,0.0,L2
32005R0184,4,8.955223880597014,67.66169154228855,0.0,23.383084577114428,201,6,0.59164705619941,L2
32005R0184,5,83.60655737704919,16.39344262295082,0.0,0.0,61,1,0.32181970513038827,L1
32005R0184,6,0.0,100.0,0.0,0.0,28,1,0.0,L2
32005R0184,7,0.0,100.0,0.0,0.0,35,1,0.0,L2
32005R0184,8,51.832460732984295,0.0,0.0,48.167539267015705,191,4,0.49951544570312034,L1
32005R0184,9,0.0,100.0,0.0,0.0,26,1,0.0,L2
32007D0414,1,100.0,0.0,0.0,0.0,35,1,0.0,L1
32007D0414,2,100.0,0.0,0.0,0.0,10,1,0.0,L1
32008R1055,1,72.0,28.0,0.0,0.0,25,1,0.4277254038373703,L1
32008R1055,2,0.0,100.0,0.0,0.0,14,1,0.0,L2
32008R1055,3,100.0,0.0,0.0,0.0,24,1,0.0,L1
32009R0707,1,100.0,0.0,0.0,0.0,20,1,0.0,L1
32010R1227,1,0.0,100.0,0.0,0.0,43,1,0.0,L2
32010R1227,2,100.0,0.0,0.0,0.0,24,1,0.0,L1
32012R1219,1,100.0,0.0,0.0,0.0,95,1,0.0,L1
32012R1219,10,0.0,100.0,0.0,0.0,53,1,0.0,L2
32012R1219,11,19.10828025477707,43.63057324840764,0.0,37.261146496815286,314,9,0.7545133925152716,L2
32012R1219,12,4.383561643835616,82.73972602739725,0.0,12.876712328767123,365,10,0.4023641229319449,L2
32012R1219,13,5.537459283387622,65.14657980456026,0.0,29.315960912052116,307,4,0.5764466307394975,L2
32012R1219,14,0.0,100.0,0.0,0.0,45,1,0.0,L2
32012R1219,15,30.48780487804878,69.51219512195122,0.0,0.0,82,1,0.44358614994099077,L2
32012R1219,16,100.0,0.0,0.0,0.0,47,1,0.0,L1
32012R1219,17,100.0,0.0,0.0,0.0,29,1,0.0,L1
32012R1219,2,0.0,100.0,0.0,0.0,98,1,0.0,L2
32012R1219,3,100.0,0.0,0.0,0.0,61,1,0.0,L1
32012R1219,4,0.0,100.0,0.0,0.0,73,1,0.0,L2
32012R1219,5,0.0,100.0,0.0,0.0,61,1,0.0,L2
32012R1219,6,0.0,52.06185567010309,0.0,47.93814432989691,194,3,0.4993864990555642,L2
32012R1219,7,100.0,0.0,0.0,0.0,48,1,0.0,L1
32012R1219,8,3.5294117647058822,96.47058823529412,0.0,0.0,170,6,0.11014163203294215,L2
32012R1219,9,37.0919881305638,36.49851632047478,0.0,26.409495548961424,337,11,0.7843667873949923,L1
32014R0228,1,39.436619718309856,60.563380281690144,0.0,0.0,71,1,0.4837797395082155,L2
32014R0228,2,0.0,100.0,0.0,0.0,33,1,0.0,L2
32016R1013,1,51.11896348645465,38.869257950530034,0.0,10.011778563015312,1698,31,0.6785925868364298,L1
32016R1013,2,100.0,0.0,0.0,0.0,26,1,0.0,L1
32019R0452,1,100.0,0.0,0.0,0.0,154,4,0.0,L1
32019R0452,10,0.0,0.0,0.0,100.0,88,1,0.0,L4
32019R0452,11,63.63636363636363,36.36363636363637,0.0,0.0,66,1,0.47283015085762503,L1
32019R0452,12,0.0,0.0,100.0,0.0,101,1,0.0,L3
32019R0452,13,0.0,0.0,100.0,0.0,35,1,0.0,L3
32019R0452,14,0.0,100.0,0.0,0.0,89,1,0.0,L2
32019R0452,15,23.376623376623378,76.62337662337663,0.0,0.0,77,1,0.39225956800663714,L2
32019R0452,16,68.22033898305085,31.779661016949152,0.0,0.0,236,7,0.4509846182305044,L1
32019R0452,17,100.0,0.0,0.0,0.0,29,1,0.0,L1
32019R0452,2,100.0,0.0,0.0,0.0,235,1,0.0,L1
32019R0452,3,20.955882352941178,79.04411764705883,0.0,0.0,272,10,0.3703192988348198,L2
32019R0452,4,48.18481848184818,51.81518151815182,0.0,0.0,303,11,0.49952454281446035,L2
32019R0452,5,17.8343949044586,82.1656050955414,0.0,0.0,157,4,0.3382203928527596,L2
32019R0452,6,7.7611940298507465,56.11940298507463,0.0,36.11940298507463,670,15,0.642282389020032,L2
32019R0452,7,17.05790297339593,71.51799687010954,0.0,11.424100156494523,639,12,0.5693319139741932,L2
32019R0452,8,70.34220532319392,29.657794676806084,0.0,0.0,263,8,0.43853374554799396,L1
32019R0452,9,9.375,82.21153846153847,0.0,8.413461538461538,416,15,0.42646847202708216,L2
32019R0505,1,0.0,100.0,0.0,0.0,18,1,0.0,L2
32020D0787,1,100.0,0.0,0.0,0.0,35,1,0.0,L1
32020D0787,2,100.0,0.0,0.0,0.0,23,1,0.0,L1
32020D1502,1,100.0,0.0,0.0,0.0,171,4,0.0,L1
32020D1502,2,39.40809968847352,55.14018691588785,0.0,5.451713395638629,642,15,0.6158980399016921,L2
32020D1502,3,5.442176870748299,94.5578231292517,0.0,0.0,147,3,0.15244566380348873,L2
32020D1502,4,46.26168224299065,45.32710280373832,0.0,8.411214953271028,214,7,0.666162226770189,L1
32020D1502,5,0.0,0.0,0.0,100.0,51,1,0.0,L4
32020D1502,6,4.022988505747127,55.172413793103445,0.0,40.804597701149426,174,4,0.5937707974601301,L2
32020D1502,7,15.675675675675675,46.486486486486484,0.0,37.83783783783784,185,4,0.7316636228259306,L2
32020D1502,8,0.0,0.0,0.0,100.0,114,1,0.0,L4
32020D1502,9,100.0,0.0,0.0,0.0,28,1,0.0,L1
32020R1298,1,100.0,0.0,0.0,0.0,431,3,0.0,L1
32020R1298,2,100.0,0.0,0.0,0.0,42,1,0.0,L1
32021R2126,1,0.0,100.0,0.0,0.0,18,1,0.0,L2
32021R2126,2,0.0,100.0,0.0,0.0,26,1,0.0,L2
32022R2560,1,100.0,0.0,0.0,0.0,76,3,0.0,L1
32022R2560,10,0.0,22.78481012658228,0.0,77.21518987341773,316,10,0.3871205775996685,L4
32022R2560,11,27.941176470588236,6.985294117647059,6.617647058823529,58.455882352941174,272,9,0.7471134881564805,L4
32022R2560,12,0.0,45.57823129251701,0.0,54.42176870748299,147,5,0.49717554733038594,L4
32022R2560,13,1.0309278350515463,71.8213058419244,0.0,27.147766323024054,291,15,0.46083693868346864,L2
32022R2560,14,3.501945525291829,1.9455252918287937,0.0,94.55252918287938,514,16,0.1781655723091175,L4
32022R2560,15,0.0,0.0,0.0,100.0,82,1,0.0,L4
32022R2560,16,0.0,0.0,0.0,100.0,197,9,0.0,L4
32022R2560,17,0.0,3.4285714285714284,2.6666666666666665,93.9047619047619,525,19,0.19573877528500622,L4
32022R2560,18,0.0,11.11111111111111,0.0,88.88888888888889,135,5,0.25162916594512785,L4
32022R2560,19,55.84415584415584,44.15584415584416,0.0,0.0,77,1,0.4950613140040949,L1
32022R2560,2,100.0,0.0,0.0,0.0,365,8,0.0,L1
32022R2560,20,52.43161094224924,47.56838905775076,0.0,0.0,658,22,0.4991466351099425,L1
32022R2560,21,37.634408602150536,49.82078853046595,0.0,12.544802867383513,279,8,0.703541847197533,L2
32022R2560,22,20.96530920060332,79.03469079939669,0.0,0.0,663,22,0.37040955582763235,L2
32022R2560,23,41.86046511627907,58.13953488372093,0.0,0.0,43,1,0.4903991809045198,L2
32022R2560,24,8.04953560371517,53.250773993808046,0.0,38.69969040247678,646,21,0.653373184373028,L2
32022R2560,25,24.236983842010773,21.005385996409334,0.0,54.75763016157989,557,20,0.7221081077712819,L4
32022R2560,26,20.46783625730994,0.0,0.0,79.53216374269006,171,8,0.36559335540633586,L4
32022R2560,27,15.126050420168067,84.87394957983193,0.0,0.0,119,1,0.30649287271592845,L2
32022R2560,28,31.72690763052209,68.27309236947791,0.0,0.0,498,12,0.450693458066445,L2
32022R2560,29,2.2020725388601035,53.36787564766839,0.0,44.4300518134715,772,9,0.5623597986604015,L2
32022R2560,3,72.5925925925926,27.40740740740741,0.0,0.0,270,9,0.4236250591139739,L1
32022R2560,30,7.894736842105263,84.21052631578948,0.0,7.894736842105263,228,7,0.3935719781850273,L2
32022R2560,31,1.477832512315271,25.123152709359605,0.0,73.39901477832512,203,5,0.45901108575964944,L4
32022R2560,32,17.670682730923694,61.64658634538153,0.0,20.68273092369478,498,9,0.6711629575762241,L2
32022R2560,33,2.5806451612903225,0.0,0.0,97.41935483870968,155,6,0.08645215074898208,L4
32022R2560,34,100.0,0.0,0.0,0.0,86,1,0.0,L1
32022R2560,35,3.067484662576687,28.834355828220858,11.042944785276074,57.05521472392638,163,4,0.7422299148366078,L4
32022R2560,36,12.222222222222221,21.11111111111111,16.11111111111111,50.55555555555556,180,5,0.883094594619287,L4
32022R2560,37,69.71830985915493,0.0,0.0,30.281690140845072,142,3,0.4423535236615067,L1
32022R2560,38,0.0,0.0,0.0,100.0,353,7,0.0,L4
32022R2560,39,0.0,31.95876288659794,0.0,68.04123711340206,97,1,0.45196622635369843,L4
32022R2560,4,26.31578947368421,73.6842105263158,0.0,0.0,228,10,0.4157371925621695,L2
32022R2560,40,0.0,100.0,0.0,0.0,110,1,0.0,L2
32022R2560,41,3.90625,0.0,0.0,96.09375,128,4,0.11898857421682327,L4
32022R2560,42,2.3026315789473686,13.81578947368421,0.0,83.88157894736842,304,5,0.3662516778963687,L4
32022R2560,43,17.93103448275862,24.137931034482758,0.0,57.93103448275862,145,5,0.6979166056773624,L4
32022R2560,44,100.0,0.0,0.0,0.0,349,11,0.0,L1
32022R2560,45,0.0,0.0,0.0,100.0,53,1,0.0,L4
32022R2560,46,32.83582089552239,27.611940298507463,39.55223880597015,0.0,134,6,0.7847440339597623,L3
32022R2560,47,3.90625,96.09375,0.0,0.0,256,12,0.11898857421682327,L2
32022R2560,48,100.0,0.0,0.0,0.0,35,1,0.0,L1
32022R2560,49,14.348462664714495,50.29282576866764,0.43923865300146414,34.919472913616396,1366,39,0.7325167716756247,L2
32022R2560,5,67.41071428571429,32.589285714285715,0.0,0.0,224,8,0.45533748539787444,L1
32022R2560,50,85.94164456233422,14.058355437665783,0.0,0.0,377,9,0.292882523591547,L1
32022R2560,51,100.0,0.0,0.0,0.0,29,1,0.0,L1
32022R2560,52,34.285714285714285,65.71428571428571,0.0,0.0,280,9,0.463763292773143,L2
32022R2560,53,66.17647058823529,33.8235294117647,0.0,0.0,136,5,0.4615599903284552,L1
32022R2560,54,100.0,0.0,0.0,0.0,96,1,0.0,L1
32022R2560,6,0.0,0.0,70.43478260869566,29.565217391304348,115,1,0.43795551604616145,L3
32022R2560,7,13.972602739726028,58.63013698630137,0.0,27.397260273972602,365,16,0.6800499596403813,L2
32022R2560,8,48.57142857142857,0.0,0.0,51.42857142857143,35,1,0.4997055309266826,L4
32022R2560,9,28.37837837837838,71.62162162162163,0.0,0.0,74,1,0.4302776950866209,L2
32023R1441,1,13.846153846153847,86.15384615384616,0.0,0.0,130,2,0.2900977462391734,L2
32023R1441,10,0.0,77.97619047619048,0.0,22.023809523809526,168,5,0.3803010083702651,L2
32023R1441,11,28.571428571428573,52.77777777777778,0.0,18.650793650793652,252,3,0.7274240070971187,L2
32023R1441,12,0.0,100.0,0.0,0.0,182,4,0.0,L2
32023R1441,13,0.0,100.0,0.0,0.0,219,5,0.0,L2
32023R1441,14,0.0,100.0,0.0,0.0,192,4,0.0,L2
32023R1441,15,11.39240506329114,88.60759493670886,0.0,0.0,158,5,0.25581989037289143,L2
32023R1441,16,65.10416666666667,34.895833333333336,0.0,0.0,192,6,0.4665671568776965,L1
32023R1441,17,3.237410071942446,60.79136690647482,0.0,35.97122302158273,278,5,0.563672748726232,L2
32023R1441,18,38.423645320197046,61.576354679802954,0.0,0.0,203,4,0.4804896107114294,L2
32023R1441,19,24.031007751937985,75.96899224806202,0.0,0.0,645,14,0.3977777722174455,L2
32023R1441,2,100.0,0.0,0.0,0.0,151,1,0.0,L1
32023R1441,20,38.8739946380697,26.273458445040216,0.0,34.85254691689008,1119,21,0.7832636311952721,L1
32023R1441,21,0.0,100.0,0.0,0.0,35,1,0.0,L2
32023R1441,22,0.0,100.0,0.0,0.0,46,1,0.0,L2
32023R1441,23,8.093525179856115,43.884892086330936,0.0,48.02158273381295,556,13,0.6615936336035056,L4
32023R1441,24,0.0,100.0,0.0,0.0,100,1,0.0,L2
32023R1441,25,3.470715835140998,91.54013015184381,0.0,4.989154013015185,461,11,0.2504006409099069,L2
32023R1441,26,0.0,100.0,0.0,0.0,285,7,0.0,L2
32023R1441,27,100.0,0.0,0.0,0.0,28,1,0.0,L1
32023R1441,3,96.11650485436893,3.883495145631068,0.0,0.0,206,4,0.11846237191648049,L1
32023R1441,4,0.0,100.0,0.0,0.0,209,6,0.0,L2
32023R1441,5,0.0,100.0,0.0,0.0,490,7,0.0,L2
32023R1441,6,15.811965811965813,76.4957264957265,0.0,7.6923076923076925,234,5,0.5005425100111327,L2
32023R1441,7,0.0,100.0,0.0,0.0,563,5,0.0,L2
32023R1441,8,0.0,100.0,0.0,0.0,175,4,0.0,L2
32023R1441,9,0.0,100.0,0.0,0.0,95,1,0.0,L2
32023R1472,1,100.0,0.0,0.0,0.0,91,1,0.0,L1
32023R1472,2,100.0,0.0,0.0,0.0,26,1,0.0,L1
32023R2414,1,30.434782608695652,69.56521739130434,0.0,0.0,69,1,0.44327044496834994,L2
32023R2414,2,100.0,0.0,0.0,0.0,24,1,0.0,L1
32024R3104,1,100.0,0.0,0.0,0.0,20,1,0.0,L1
32024R3104,2,100.0,0.0,0.0,0.0,42,1,0.0,L1
