segment_id,celex,node_id,articolo_id,llm_status,pct__Foundational_and_structural_provisions,pct__Scope_and_exclusion_clauses,pct__Exception_and_derogation_clauses,pct__Implementation_and_procedural_rules,pct__Cross-reference_and_incorporation_clauses,pct__Technical_amending_provisions
dlgs_36_2023__articolo__1,dlgs_36_2023,dlgs_36_2023,1,ok,80.0,0.0,0.0,15.0,0.0,5.0
dlgs_36_2023__articolo__2,dlgs_36_2023,dlgs_36_2023,2,ok,55.0,0.0,20.0,25.0,0.0,0.0
dlgs_36_2023__articolo__3,dlgs_36_2023,dlgs_36_2023,3,ok,85.0,0.0,0.0,15.0,0.0,0.0
dlgs_36_2023__articolo__4,dlgs_36_2023,dlgs_36_2023,4,ok,20.0,0.0,0.0,0.0,80.0,0.0
dlgs_36_2023__articolo__5,dlgs_36_2023,dlgs_36_2023,5,ok,45.0,0.0,20.0,25.0,0.0,10.0
dlgs_36_2023__articolo__6,dlgs_36_2023,dlgs_36_2023,6,ok,85.0,15.0,0.0,0.0,0.0,0.0
dlgs_36_2023__articolo__7,dlgs_36_2023,dlgs_36_2023,7,ok,45.0,10.0,25.0,15.0,5.0,0.0
dlgs_36_2023__articolo__8,dlgs_36_2023,dlgs_36_2023,8,ok,50.0,0.0,25.0,15.0,10.0,0.0
dlgs_36_2023__articolo__9,dlgs_36_2023,dlgs_36_2023,9,ok,45.0,0.0,20.0,20.0,10.0,5.0
dlgs_36_2023__articolo__10,dlgs_36_2023,dlgs_36_2023,10,ok,46.67,13.33,6.67,13.33,20.0,0.0
dlgs_36_2023__articolo__11,dlgs_36_2023,dlgs_36_2023,11,ok,45.0,10.0,10.0,35.0,0.0,0.0
dlgs_36_2023__articolo__12,dlgs_36_2023,dlgs_36_2023,12,ok,0.0,0.0,0.0,0.0,100.0,0.0
dlgs_36_2023__articolo__13,dlgs_36_2023,dlgs_36_2023,13,ok,28.0,42.0,10.0,10.0,10.0,0.0
dlgs_36_2023__articolo__14,dlgs_36_2023,dlgs_36_2023,14,ok,12.0,8.0,7.0,68.0,5.0,0.0
dlgs_36_2023__articolo__15,dlgs_36_2023,dlgs_36_2023,15,ok,18.0,5.0,7.0,58.0,7.0,5.0
dlgs_36_2023__articolo__16,dlgs_36_2023,dlgs_36_2023,16,ok,55.0,0.0,15.0,30.0,0.0,0.0
dlgs_36_2023__articolo__17,dlgs_36_2023,dlgs_36_2023,17,ok,10.0,0.0,15.0,55.0,15.0,5.0
dlgs_36_2023__articolo__18,dlgs_36_2023,dlgs_36_2023,18,ok,15.0,5.0,20.0,35.0,15.0,10.0
dlgs_36_2023__articolo__19,dlgs_36_2023,dlgs_36_2023,19,ok,40.0,5.0,5.0,35.0,15.0,0.0
dlgs_36_2023__articolo__20,dlgs_36_2023,dlgs_36_2023,20,ok,35.0,0.0,0.0,45.0,20.0,0.0
dlgs_36_2023__articolo__21,dlgs_36_2023,dlgs_36_2023,21,ok,45.0,0.0,0.0,35.0,20.0,0.0
dlgs_36_2023__articolo__22,dlgs_36_2023,dlgs_36_2023,22,ok,55.0,0.0,0.0,25.0,20.0,0.0
dlgs_36_2023__articolo__23,dlgs_36_2023,dlgs_36_2023,23,ok,20.0,0.0,0.0,60.0,20.0,0.0
dlgs_36_2023__articolo__24,dlgs_36_2023,dlgs_36_2023,24,ok,35.0,10.0,0.0,45.0,10.0,0.0
dlgs_36_2023__articolo__25,dlgs_36_2023,dlgs_36_2023,25,ok,55.0,0.0,5.0,35.0,5.0,0.0
dlgs_36_2023__articolo__26,dlgs_36_2023,dlgs_36_2023,26,ok,5.0,0.0,0.0,80.0,15.0,0.0
dlgs_36_2023__articolo__27,dlgs_36_2023,dlgs_36_2023,27,ok,20.0,0.0,0.0,70.0,10.0,0.0
dlgs_36_2023__articolo__28,dlgs_36_2023,dlgs_36_2023,28,ok,25.0,15.0,10.0,45.0,5.0,0.0
dlgs_36_2023__articolo__29,dlgs_36_2023,dlgs_36_2023,29,ok,0.0,0.0,5.0,45.0,50.0,0.0
dlgs_36_2023__articolo__30,dlgs_36_2023,dlgs_36_2023,30,ok,10.0,0.0,0.0,75.0,5.0,10.0
dlgs_36_2023__articolo__31,dlgs_36_2023,dlgs_36_2023,31,ok,55.0,0.0,0.0,15.0,30.0,0.0
dlgs_36_2023__articolo__32,dlgs_36_2023,dlgs_36_2023,32,ok,18.0,4.0,8.0,50.0,18.0,2.0
dlgs_36_2023__articolo__33,dlgs_36_2023,dlgs_36_2023,33,ok,12.0,10.0,8.0,58.0,12.0,0.0
dlgs_36_2023__articolo__34,dlgs_36_2023,dlgs_36_2023,34,ok,5.0,0.0,10.0,70.0,0.0,15.0
dlgs_36_2023__articolo__35,dlgs_36_2023,dlgs_36_2023,35,ok,15.0,10.0,35.0,25.0,15.0,0.0
dlgs_36_2023__articolo__36,dlgs_36_2023,dlgs_36_2023,36,ok,5.0,0.0,10.0,65.0,20.0,0.0
dlgs_36_2023__articolo__37,dlgs_36_2023,dlgs_36_2023,37,ok,18.0,14.0,10.0,40.0,16.0,2.0
dlgs_36_2023__articolo__38,dlgs_36_2023,dlgs_36_2023,38,ok,18.0,14.0,10.0,48.0,8.0,2.0
dlgs_36_2023__articolo__39,dlgs_36_2023,dlgs_36_2023,39,ok,28.0,4.0,7.0,41.0,20.0,0.0
dlgs_36_2023__articolo__40,dlgs_36_2023,dlgs_36_2023,40,ok,5.0,10.0,15.0,50.0,10.0,10.0
dlgs_36_2023__articolo__41,dlgs_36_2023,dlgs_36_2023,41,ok,45.0,7.0,8.0,30.0,10.0,0.0
dlgs_36_2023__articolo__42,dlgs_36_2023,dlgs_36_2023,42,ok,10.0,0.0,5.0,70.0,10.0,5.0
dlgs_36_2023__articolo__43,dlgs_36_2023,dlgs_36_2023,43,ok,10.0,18.0,12.0,40.0,20.0,0.0
dlgs_36_2023__articolo__44,dlgs_36_2023,dlgs_36_2023,44,ok,15.0,10.0,10.0,60.0,5.0,0.0
dlgs_36_2023__articolo__45,dlgs_36_2023,dlgs_36_2023,45,ok,25.0,5.0,15.0,50.0,2.0,3.0
dlgs_36_2023__articolo__46,dlgs_36_2023,dlgs_36_2023,46,ok,10.0,5.0,10.0,55.0,20.0,0.0
dlgs_36_2023__articolo__47,dlgs_36_2023,dlgs_36_2023,47,ok,25.0,20.0,20.0,25.0,10.0,0.0
dlgs_36_2023__articolo__48,dlgs_36_2023,dlgs_36_2023,48,ok,50.0,15.0,10.0,0.0,25.0,0.0
dlgs_36_2023__articolo__49,dlgs_36_2023,dlgs_36_2023,49,ok,40.0,0.0,45.0,10.0,5.0,0.0
dlgs_36_2023__articolo__50,dlgs_36_2023,dlgs_36_2023,50,ok,10.0,15.0,10.0,45.0,15.0,5.0
dlgs_36_2023__articolo__51,dlgs_36_2023,dlgs_36_2023,51,ok,0.0,0.0,15.0,85.0,0.0,0.0
dlgs_36_2023__articolo__52,dlgs_36_2023,dlgs_36_2023,52,ok,5.0,20.0,0.0,75.0,0.0,0.0
dlgs_36_2023__articolo__53,dlgs_36_2023,dlgs_36_2023,53,ok,5.0,20.0,35.0,25.0,15.0,0.0
dlgs_36_2023__articolo__54,dlgs_36_2023,dlgs_36_2023,54,ok,5.0,10.0,35.0,40.0,5.0,5.0
dlgs_36_2023__articolo__55,dlgs_36_2023,dlgs_36_2023,55,ok,0.0,35.0,40.0,25.0,0.0,0.0
dlgs_36_2023__articolo__56,dlgs_36_2023,dlgs_36_2023,56,ok,5.0,70.0,15.0,0.0,10.0,0.0
dlgs_36_2023__articolo__57,dlgs_36_2023,dlgs_36_2023,57,ok,45.0,10.0,5.0,25.0,15.0,0.0
dlgs_36_2023__articolo__58,dlgs_36_2023,dlgs_36_2023,58,ok,40.0,0.0,20.0,40.0,0.0,0.0
dlgs_36_2023__articolo__59,dlgs_36_2023,dlgs_36_2023,59,ok,20.0,10.0,20.0,45.0,0.0,5.0
dlgs_36_2023__articolo__60,dlgs_36_2023,dlgs_36_2023,60,ok,10.0,0.0,20.0,45.0,15.0,10.0
dlgs_36_2023__articolo__61,dlgs_36_2023,dlgs_36_2023,61,ok,20.0,10.0,35.0,20.0,10.0,5.0
dlgs_36_2023__articolo__62,dlgs_36_2023,dlgs_36_2023,62,ok,12.0,14.0,10.0,58.0,6.0,0.0
dlgs_36_2023__articolo__63,dlgs_36_2023,dlgs_36_2023,63,ok,28.0,6.0,9.0,42.0,12.0,3.0
dlgs_36_2023__articolo__64,dlgs_36_2023,dlgs_36_2023,64,ok,40.0,10.0,0.0,40.0,10.0,0.0
dlgs_36_2023__articolo__65,dlgs_36_2023,dlgs_36_2023,65,ok,45.0,35.0,5.0,15.0,0.0,0.0
dlgs_36_2023__articolo__66,dlgs_36_2023,dlgs_36_2023,66,ok,25.0,20.0,0.0,25.0,30.0,0.0
dlgs_36_2023__articolo__67,dlgs_36_2023,dlgs_36_2023,67,ok,20.0,15.0,20.0,30.0,15.0,0.0
dlgs_36_2023__articolo__68,dlgs_36_2023,dlgs_36_2023,68,ok,18.0,10.0,12.0,40.0,18.0,2.0
dlgs_36_2023__articolo__69,dlgs_36_2023,dlgs_36_2023,69,ok,20.0,10.0,0.0,0.0,70.0,0.0
dlgs_36_2023__articolo__70,dlgs_36_2023,dlgs_36_2023,70,ok,18.0,8.0,14.0,55.0,5.0,0.0
dlgs_36_2023__articolo__71,dlgs_36_2023,dlgs_36_2023,71,ok,5.0,0.0,17.0,65.0,5.0,8.0
dlgs_36_2023__articolo__72,dlgs_36_2023,dlgs_36_2023,72,ok,5.0,0.0,15.0,65.0,15.0,0.0
dlgs_36_2023__articolo__73,dlgs_36_2023,dlgs_36_2023,73,ok,18.0,6.0,12.0,54.0,10.0,0.0
dlgs_36_2023__articolo__74,dlgs_36_2023,dlgs_36_2023,74,ok,10.0,0.0,15.0,70.0,5.0,0.0
dlgs_36_2023__articolo__75,dlgs_36_2023,dlgs_36_2023,75,ok,10.0,0.0,5.0,65.0,20.0,0.0
dlgs_36_2023__articolo__76,dlgs_36_2023,dlgs_36_2023,76,ok,10.0,5.0,45.0,40.0,0.0,0.0
dlgs_36_2023__articolo__77,dlgs_36_2023,dlgs_36_2023,77,ok,10.0,0.0,15.0,75.0,0.0,0.0
dlgs_36_2023__articolo__78,dlgs_36_2023,dlgs_36_2023,78,ok,0.0,0.0,20.0,60.0,20.0,0.0
dlgs_36_2023__articolo__79,dlgs_36_2023,dlgs_36_2023,79,ok,0.0,0.0,0.0,0.0,100.0,0.0
dlgs_36_2023__articolo__80,dlgs_36_2023,dlgs_36_2023,80,ok,0.0,0.0,0.0,20.0,80.0,0.0
dlgs_36_2023__articolo__81,dlgs_36_2023,dlgs_36_2023,81,ok,10.0,0.0,15.0,55.0,20.0,0.0
dlgs_36_2023__articolo__82,dlgs_36_2023,dlgs_36_2023,82,ok,5.0,0.0,0.0,55.0,0.0,40.0
dlgs_36_2023__articolo__83,dlgs_36_2023,dlgs_36_2023,83,ok,10.0,5.0,10.0,45.0,25.0,5.0
dlgs_36_2023__articolo__84,dlgs_36_2023,dlgs_36_2023,84,ok,5.0,10.0,5.0,55.0,15.0,10.0
dlgs_36_2023__articolo__85,dlgs_36_2023,dlgs_36_2023,85,ok,18.0,0.0,12.0,55.0,15.0,0.0
dlgs_36_2023__articolo__86,dlgs_36_2023,dlgs_36_2023,86,ok,0.0,0.0,0.0,70.0,20.0,10.0
dlgs_36_2023__articolo__87,dlgs_36_2023,dlgs_36_2023,87,ok,5.0,0.0,0.0,65.0,30.0,0.0
dlgs_36_2023__articolo__88,dlgs_36_2023,dlgs_36_2023,88,ok,5.0,5.0,15.0,75.0,0.0,0.0
dlgs_36_2023__articolo__89,dlgs_36_2023,dlgs_36_2023,89,ok,5.0,0.0,0.0,75.0,15.0,5.0
dlgs_36_2023__articolo__90,dlgs_36_2023,dlgs_36_2023,90,ok,10.0,0.0,20.0,55.0,15.0,0.0
dlgs_36_2023__articolo__91,dlgs_36_2023,dlgs_36_2023,91,ok,20.0,0.0,0.0,60.0,20.0,0.0
dlgs_36_2023__articolo__92,dlgs_36_2023,dlgs_36_2023,92,ok,5.0,0.0,20.0,60.0,15.0,0.0
dlgs_36_2023__articolo__93,dlgs_36_2023,dlgs_36_2023,93,ok,5.0,12.0,18.0,55.0,10.0,0.0
dlgs_36_2023__articolo__94,dlgs_36_2023,dlgs_36_2023,94,ok,2.0,18.0,20.0,42.0,14.0,4.0
dlgs_36_2023__articolo__95,dlgs_36_2023,dlgs_36_2023,95,ok,5.0,15.0,20.0,35.0,20.0,5.0
dlgs_36_2023__articolo__96,dlgs_36_2023,dlgs_36_2023,96,ok,8.0,22.0,28.0,34.0,6.0,2.0
dlgs_36_2023__articolo__97,dlgs_36_2023,dlgs_36_2023,97,ok,5.0,15.0,45.0,30.0,5.0,0.0
dlgs_36_2023__articolo__98,dlgs_36_2023,dlgs_36_2023,98,ok,8.0,5.0,34.0,46.0,7.0,0.0
dlgs_36_2023__articolo__99,dlgs_36_2023,dlgs_36_2023,99,ok,5.0,5.0,10.0,45.0,35.0,0.0
dlgs_36_2023__articolo__100,dlgs_36_2023,dlgs_36_2023,100,ok,18.0,7.0,10.0,45.0,15.0,5.0
dlgs_36_2023__articolo__101,dlgs_36_2023,dlgs_36_2023,101,ok,5.0,20.0,25.0,50.0,0.0,0.0
dlgs_36_2023__articolo__102,dlgs_36_2023,dlgs_36_2023,102,ok,35.0,0.0,0.0,50.0,15.0,0.0
dlgs_36_2023__articolo__103,dlgs_36_2023,dlgs_36_2023,103,ok,8.0,12.0,20.0,50.0,10.0,0.0
dlgs_36_2023__articolo__104,dlgs_36_2023,dlgs_36_2023,104,ok,18.0,12.0,18.0,42.0,10.0,0.0
dlgs_36_2023__articolo__105,dlgs_36_2023,dlgs_36_2023,105,ok,0.0,0.0,0.0,0.0,30.0,70.0
dlgs_36_2023__articolo__106,dlgs_36_2023,dlgs_36_2023,106,ok,8.0,6.0,18.0,54.0,10.0,4.0
dlgs_36_2023__articolo__107,dlgs_36_2023,dlgs_36_2023,107,ok,45.0,15.0,20.0,15.0,5.0,0.0
dlgs_36_2023__articolo__108,dlgs_36_2023,dlgs_36_2023,108,ok,22.0,12.0,18.0,43.0,5.0,0.0
dlgs_36_2023__articolo__109,dlgs_36_2023,dlgs_36_2023,109,ok,85.0,0.0,0.0,10.0,5.0,0.0
dlgs_36_2023__articolo__110,dlgs_36_2023,dlgs_36_2023,110,ok,5.0,0.0,20.0,50.0,20.0,5.0
dlgs_36_2023__articolo__111,dlgs_36_2023,dlgs_36_2023,111,ok,5.0,0.0,18.0,42.0,25.0,10.0
dlgs_36_2023__articolo__112,dlgs_36_2023,dlgs_36_2023,112,ok,5.0,15.0,10.0,55.0,15.0,0.0
dlgs_36_2023__articolo__113,dlgs_36_2023,dlgs_36_2023,113,ok,15.0,0.0,0.0,75.0,10.0,0.0
dlgs_36_2023__articolo__114,dlgs_36_2023,dlgs_36_2023,114,ok,18.0,0.0,12.0,62.0,8.0,0.0
dlgs_36_2023__articolo__115,dlgs_36_2023,dlgs_36_2023,115,ok,10.0,0.0,5.0,55.0,25.0,5.0
dlgs_36_2023__articolo__116,dlgs_36_2023,dlgs_36_2023,116,ok,12.0,8.0,14.0,48.0,13.0,5.0
dlgs_36_2023__articolo__117,dlgs_36_2023,dlgs_36_2023,117,ok,25.0,5.0,20.0,35.0,10.0,5.0
dlgs_36_2023__articolo__118,dlgs_36_2023,dlgs_36_2023,118,ok,8.0,12.0,18.0,50.0,12.0,0.0
dlgs_36_2023__articolo__119,dlgs_36_2023,dlgs_36_2023,119,ok,22.0,18.0,20.0,35.0,5.0,0.0
dlgs_36_2023__articolo__120,dlgs_36_2023,dlgs_36_2023,120,ok,18.0,7.0,25.0,32.0,12.0,6.0
dlgs_36_2023__articolo__121,dlgs_36_2023,dlgs_36_2023,121,ok,4.0,6.0,26.0,54.0,10.0,0.0
dlgs_36_2023__articolo__122,dlgs_36_2023,dlgs_36_2023,122,ok,5.0,15.0,20.0,45.0,15.0,0.0
dlgs_36_2023__articolo__123,dlgs_36_2023,dlgs_36_2023,123,ok,5.0,0.0,10.0,55.0,20.0,10.0
dlgs_36_2023__articolo__124,dlgs_36_2023,dlgs_36_2023,124,ok,10.0,5.0,20.0,40.0,20.0,5.0
dlgs_36_2023__articolo__125,dlgs_36_2023,dlgs_36_2023,125,ok,8.0,4.0,10.0,68.0,8.0,2.0
dlgs_36_2023__articolo__126,dlgs_36_2023,dlgs_36_2023,126,ok,5.0,10.0,15.0,70.0,0.0,0.0
dlgs_36_2023__articolo__127,dlgs_36_2023,dlgs_36_2023,127,ok,10.0,20.0,15.0,35.0,20.0,0.0
dlgs_36_2023__articolo__128,dlgs_36_2023,dlgs_36_2023,128,ok,28.0,10.0,7.0,20.0,35.0,0.0
dlgs_36_2023__articolo__129,dlgs_36_2023,dlgs_36_2023,129,ok,20.0,15.0,25.0,30.0,10.0,0.0
dlgs_36_2023__articolo__130,dlgs_36_2023,dlgs_36_2023,130,ok,35.0,5.0,15.0,35.0,10.0,0.0
dlgs_36_2023__articolo__131,dlgs_36_2023,dlgs_36_2023,131,ok,12.0,10.0,8.0,52.0,13.0,5.0
dlgs_36_2023__articolo__132,dlgs_36_2023,dlgs_36_2023,132,ok,35.0,35.0,15.0,0.0,15.0,0.0
dlgs_36_2023__articolo__133,dlgs_36_2023,dlgs_36_2023,133,ok,10.0,0.0,0.0,15.0,55.0,20.0
dlgs_36_2023__articolo__134,dlgs_36_2023,dlgs_36_2023,134,ok,10.0,15.0,15.0,40.0,20.0,0.0
dlgs_36_2023__articolo__135,dlgs_36_2023,dlgs_36_2023,135,ok,10.0,40.0,20.0,5.0,15.0,10.0
dlgs_36_2023__articolo__136,dlgs_36_2023,dlgs_36_2023,136,ok,15.0,30.0,20.0,20.0,10.0,5.0
dlgs_36_2023__articolo__137,dlgs_36_2023,dlgs_36_2023,137,ok,10.0,25.0,25.0,20.0,20.0,0.0
dlgs_36_2023__articolo__138,dlgs_36_2023,dlgs_36_2023,138,ok,5.0,55.0,20.0,10.0,10.0,0.0
dlgs_36_2023__articolo__139,dlgs_36_2023,dlgs_36_2023,139,ok,5.0,15.0,35.0,35.0,10.0,0.0
dlgs_36_2023__articolo__140,dlgs_36_2023,dlgs_36_2023,140,ok,8.0,10.0,27.0,43.0,7.0,5.0
dlgs_36_2023__articolo__141,dlgs_36_2023,dlgs_36_2023,141,ok,15.0,25.0,10.0,35.0,15.0,0.0
dlgs_36_2023__articolo__142,dlgs_36_2023,dlgs_36_2023,142,ok,5.0,35.0,35.0,20.0,5.0,0.0
dlgs_36_2023__articolo__143,dlgs_36_2023,dlgs_36_2023,143,ok,15.0,30.0,10.0,30.0,15.0,0.0
dlgs_36_2023__articolo__144,dlgs_36_2023,dlgs_36_2023,144,ok,0.0,80.0,10.0,10.0,0.0,0.0
dlgs_36_2023__articolo__145,dlgs_36_2023,dlgs_36_2023,145,ok,0.0,70.0,15.0,10.0,5.0,0.0
dlgs_36_2023__articolo__146,dlgs_36_2023,dlgs_36_2023,146,ok,11.11,50.0,38.89,0.0,0.0,0.0
dlgs_36_2023__articolo__147,dlgs_36_2023,dlgs_36_2023,147,ok,5.0,35.0,40.0,10.0,10.0,0.0
dlgs_36_2023__articolo__148,dlgs_36_2023,dlgs_36_2023,148,ok,5.56,61.11,22.22,11.11,0.0,0.0
dlgs_36_2023__articolo__149,dlgs_36_2023,dlgs_36_2023,149,ok,15.0,35.0,20.0,10.0,20.0,0.0
dlgs_36_2023__articolo__150,dlgs_36_2023,dlgs_36_2023,150,ok,0.0,100.0,0.0,0.0,0.0,0.0
dlgs_36_2023__articolo__151,dlgs_36_2023,dlgs_36_2023,151,ok,45.0,30.0,5.0,0.0,20.0,0.0
dlgs_36_2023__articolo__152,dlgs_36_2023,dlgs_36_2023,152,ok,10.0,70.0,20.0,0.0,0.0,0.0
dlgs_36_2023__articolo__153,dlgs_36_2023,dlgs_36_2023,153,ok,10.0,0.0,25.0,20.0,45.0,0.0
dlgs_36_2023__articolo__154,dlgs_36_2023,dlgs_36_2023,154,ok,15.0,0.0,10.0,75.0,0.0,0.0
dlgs_36_2023__articolo__155,dlgs_36_2023,dlgs_36_2023,155,ok,25.0,10.0,15.0,25.0,25.0,0.0
dlgs_36_2023__articolo__156,dlgs_36_2023,dlgs_36_2023,156,ok,0.0,0.0,0.0,85.0,15.0,0.0
dlgs_36_2023__articolo__157,dlgs_36_2023,dlgs_36_2023,157,ok,5.0,0.0,5.0,75.0,15.0,0.0
dlgs_36_2023__articolo__158,dlgs_36_2023,dlgs_36_2023,158,ok,10.0,0.0,55.0,20.0,15.0,0.0
dlgs_36_2023__articolo__159,dlgs_36_2023,dlgs_36_2023,159,ok,5.0,0.0,20.0,70.0,5.0,0.0
dlgs_36_2023__articolo__160,dlgs_36_2023,dlgs_36_2023,160,ok,0.0,0.0,25.0,55.0,20.0,0.0
dlgs_36_2023__articolo__161,dlgs_36_2023,dlgs_36_2023,161,ok,15.0,0.0,10.0,45.0,25.0,5.0
dlgs_36_2023__articolo__162,dlgs_36_2023,dlgs_36_2023,162,ok,5.0,0.0,0.0,45.0,50.0,0.0
dlgs_36_2023__articolo__163,dlgs_36_2023,dlgs_36_2023,163,ok,10.0,5.0,20.0,50.0,15.0,0.0
dlgs_36_2023__articolo__164,dlgs_36_2023,dlgs_36_2023,164,ok,20.0,0.0,10.0,50.0,15.0,5.0
dlgs_36_2023__articolo__165,dlgs_36_2023,dlgs_36_2023,165,ok,5.0,0.0,10.0,70.0,15.0,0.0
dlgs_36_2023__articolo__166,dlgs_36_2023,dlgs_36_2023,166,ok,5.0,0.0,5.0,80.0,10.0,0.0
dlgs_36_2023__articolo__167,dlgs_36_2023,dlgs_36_2023,167,ok,10.0,5.0,15.0,35.0,35.0,0.0
dlgs_36_2023__articolo__168,dlgs_36_2023,dlgs_36_2023,168,ok,25.0,5.0,10.0,40.0,20.0,0.0
dlgs_36_2023__articolo__169,dlgs_36_2023,dlgs_36_2023,169,ok,20.0,0.0,0.0,75.0,5.0,0.0
dlgs_36_2023__articolo__170,dlgs_36_2023,dlgs_36_2023,170,ok,5.0,20.0,30.0,20.0,25.0,0.0
dlgs_36_2023__articolo__171,dlgs_36_2023,dlgs_36_2023,171,ok,35.0,0.0,0.0,35.0,30.0,0.0
dlgs_36_2023__articolo__172,dlgs_36_2023,dlgs_36_2023,172,ok,5.0,10.0,15.0,55.0,15.0,0.0
dlgs_36_2023__articolo__173,dlgs_36_2023,dlgs_36_2023,173,ok,10.0,15.0,20.0,5.0,50.0,0.0
dlgs_36_2023__articolo__174,dlgs_36_2023,dlgs_36_2023,174,ok,35.0,5.0,0.0,15.0,40.0,5.0
dlgs_36_2023__articolo__175,dlgs_36_2023,dlgs_36_2023,175,ok,15.0,0.0,5.0,65.0,15.0,0.0
dlgs_36_2023__articolo__176,dlgs_36_2023,dlgs_36_2023,176,ok,10.0,35.0,10.0,0.0,45.0,0.0
dlgs_36_2023__articolo__177,dlgs_36_2023,dlgs_36_2023,177,ok,32.0,8.0,14.0,22.0,18.0,6.0
dlgs_36_2023__articolo__178,dlgs_36_2023,dlgs_36_2023,178,ok,40.0,0.0,15.0,30.0,5.0,10.0
dlgs_36_2023__articolo__179,dlgs_36_2023,dlgs_36_2023,179,ok,8.0,5.0,12.0,55.0,20.0,0.0
dlgs_36_2023__articolo__180,dlgs_36_2023,dlgs_36_2023,180,ok,5.0,10.0,15.0,20.0,50.0,0.0
dlgs_36_2023__articolo__181,dlgs_36_2023,dlgs_36_2023,181,ok,5.0,70.0,10.0,0.0,15.0,0.0
dlgs_36_2023__articolo__182,dlgs_36_2023,dlgs_36_2023,182,ok,12.0,8.0,18.0,37.0,20.0,5.0
dlgs_36_2023__articolo__183,dlgs_36_2023,dlgs_36_2023,183,ok,10.0,10.0,8.0,52.0,20.0,0.0
dlgs_36_2023__articolo__184,dlgs_36_2023,dlgs_36_2023,184,ok,10.0,0.0,10.0,65.0,10.0,5.0
dlgs_36_2023__articolo__185,dlgs_36_2023,dlgs_36_2023,185,ok,32.0,0.0,10.0,58.0,0.0,0.0
dlgs_36_2023__articolo__186,dlgs_36_2023,dlgs_36_2023,186,ok,18.0,14.0,16.0,38.0,9.0,5.0
dlgs_36_2023__articolo__187,dlgs_36_2023,dlgs_36_2023,187,ok,5.0,40.0,35.0,10.0,10.0,0.0
dlgs_36_2023__articolo__188,dlgs_36_2023,dlgs_36_2023,188,ok,0.0,0.0,0.0,0.0,100.0,0.0
dlgs_36_2023__articolo__189,dlgs_36_2023,dlgs_36_2023,189,ok,8.0,5.0,42.0,18.0,15.0,12.0
dlgs_36_2023__articolo__190,dlgs_36_2023,dlgs_36_2023,190,ok,10.0,0.0,20.0,60.0,10.0,0.0
dlgs_36_2023__articolo__191,dlgs_36_2023,dlgs_36_2023,191,ok,10.0,0.0,20.0,35.0,20.0,15.0
dlgs_36_2023__articolo__192,dlgs_36_2023,dlgs_36_2023,192,ok,25.0,10.0,20.0,35.0,5.0,5.0
dlgs_36_2023__articolo__193,dlgs_36_2023,dlgs_36_2023,193,ok,18.0,4.0,10.0,58.0,8.0,2.0
dlgs_36_2023__articolo__194,dlgs_36_2023,dlgs_36_2023,194,ok,10.0,15.0,15.0,50.0,10.0,0.0
dlgs_36_2023__articolo__195,dlgs_36_2023,dlgs_36_2023,195,ok,10.0,20.0,25.0,30.0,15.0,0.0
dlgs_36_2023__articolo__196,dlgs_36_2023,dlgs_36_2023,196,ok,15.0,10.0,15.0,60.0,0.0,0.0
dlgs_36_2023__articolo__197,dlgs_36_2023,dlgs_36_2023,197,ok,25.0,5.0,15.0,45.0,10.0,0.0
dlgs_36_2023__articolo__198,dlgs_36_2023,dlgs_36_2023,198,ok,12.0,0.0,28.0,48.0,12.0,0.0
dlgs_36_2023__articolo__199,dlgs_36_2023,dlgs_36_2023,199,ok,5.0,15.0,20.0,30.0,25.0,5.0
dlgs_36_2023__articolo__200,dlgs_36_2023,dlgs_36_2023,200,ok,10.0,5.0,0.0,75.0,10.0,0.0
dlgs_36_2023__articolo__201,dlgs_36_2023,dlgs_36_2023,201,ok,35.0,10.0,15.0,25.0,15.0,0.0
dlgs_36_2023__articolo__202,dlgs_36_2023,dlgs_36_2023,202,ok,10.0,5.0,15.0,50.0,20.0,0.0
dlgs_36_2023__articolo__203,dlgs_36_2023,dlgs_36_2023,203,ok,55.0,0.0,0.0,20.0,25.0,0.0
dlgs_36_2023__articolo__204,dlgs_36_2023,dlgs_36_2023,204,ok,22.0,4.0,14.0,50.0,10.0,0.0
dlgs_36_2023__articolo__205,dlgs_36_2023,dlgs_36_2023,205,ok,10.0,8.0,12.0,45.0,25.0,0.0
dlgs_36_2023__articolo__206,dlgs_36_2023,dlgs_36_2023,206,ok,5.0,0.0,15.0,60.0,20.0,0.0
dlgs_36_2023__articolo__207,dlgs_36_2023,dlgs_36_2023,207,ok,45.0,10.0,15.0,20.0,10.0,0.0
dlgs_36_2023__articolo__208,dlgs_36_2023,dlgs_36_2023,208,ok,35.0,0.0,0.0,45.0,20.0,0.0
dlgs_36_2023__articolo__209,dlgs_36_2023,dlgs_36_2023,209,ok,18.0,8.0,22.0,32.0,15.0,5.0
dlgs_36_2023__articolo__210,dlgs_36_2023,dlgs_36_2023,210,ok,5.0,15.0,10.0,70.0,0.0,0.0
dlgs_36_2023__articolo__211,dlgs_36_2023,dlgs_36_2023,211,ok,0.0,0.0,10.0,20.0,70.0,0.0
dlgs_36_2023__articolo__212,dlgs_36_2023,dlgs_36_2023,212,ok,10.0,20.0,25.0,45.0,0.0,0.0
dlgs_36_2023__articolo__213,dlgs_36_2023,dlgs_36_2023,213,ok,35.0,10.0,15.0,30.0,10.0,0.0
dlgs_36_2023__articolo__214,dlgs_36_2023,dlgs_36_2023,214,ok,18.0,14.0,16.0,38.0,10.0,4.0
dlgs_36_2023__articolo__215,dlgs_36_2023,dlgs_36_2023,215,ok,45.0,10.0,5.0,25.0,10.0,5.0
dlgs_36_2023__articolo__216,dlgs_36_2023,dlgs_36_2023,216,ok,5.0,15.0,20.0,45.0,15.0,0.0
dlgs_36_2023__articolo__217,dlgs_36_2023,dlgs_36_2023,217,ok,10.0,20.0,25.0,15.0,30.0,0.0
dlgs_36_2023__articolo__218,dlgs_36_2023,dlgs_36_2023,218,ok,15.0,0.0,0.0,50.0,35.0,0.0
dlgs_36_2023__articolo__219,dlgs_36_2023,dlgs_36_2023,219,ok,0.0,0.0,15.0,85.0,0.0,0.0
dlgs_36_2023__articolo__220,dlgs_36_2023,dlgs_36_2023,220,ok,10.0,0.0,0.0,70.0,20.0,0.0
dlgs_36_2023__articolo__221,dlgs_36_2023,dlgs_36_2023,221,ok,55.0,0.0,0.0,35.0,10.0,0.0
dlgs_36_2023__articolo__222,dlgs_36_2023,dlgs_36_2023,222,ok,45.0,8.0,7.0,35.0,5.0,0.0
dlgs_36_2023__articolo__223,dlgs_36_2023,dlgs_36_2023,223,ok,45.0,0.0,5.0,40.0,10.0,0.0
dlgs_36_2023__articolo__224,dlgs_36_2023,dlgs_36_2023,224,ok,15.0,0.0,5.0,10.0,20.0,50.0
dlgs_36_2023__articolo__225,dlgs_36_2023,dlgs_36_2023,225,ok,15.0,10.0,15.0,30.0,25.0,5.0
dlgs_36_2023__articolo__226,dlgs_36_2023,dlgs_36_2023,226,ok,12.0,18.0,20.0,15.0,25.0,10.0
dlgs_36_2023__articolo__227,dlgs_36_2023,dlgs_36_2023,227,ok,0.0,0.0,10.0,0.0,20.0,70.0
dlgs_36_2023__articolo__228,dlgs_36_2023,dlgs_36_2023,228,ok,10.0,0.0,0.0,70.0,20.0,0.0
dlgs_36_2023__articolo__229,dlgs_36_2023,dlgs_36_2023,229,ok,5.0,10.0,5.0,55.0,10.0,15.0
dlgs_163_2006__articolo__2,dlgs_163_2006,dlgs_163_2006,2,ok,35.0,10.0,8.0,27.0,15.0,5.0
dlgs_163_2006__articolo__4,dlgs_163_2006,dlgs_163_2006,4,ok,35.0,15.0,20.0,10.0,20.0,0.0
dlgs_163_2006__articolo__5,dlgs_163_2006,dlgs_163_2006,5,ok,35.0,5.0,10.0,35.0,10.0,5.0
dlgs_163_2006__articolo__6,dlgs_163_2006,dlgs_163_2006,6,ok,55.0,10.0,5.0,25.0,5.0,0.0
dlgs_163_2006__articolo__7,dlgs_163_2006,dlgs_163_2006,7,ok,45.0,5.0,8.0,35.0,7.0,0.0
dlgs_163_2006__articolo__20,dlgs_163_2006,dlgs_163_2006,20,ok,2.0,48.0,20.0,5.0,25.0,0.0
dlgs_163_2006__articolo__23,dlgs_163_2006,dlgs_163_2006,23,ok,0.0,30.0,20.0,0.0,25.0,25.0
dlgs_163_2006__articolo__24,dlgs_163_2006,dlgs_163_2006,24,ok,5.0,45.0,20.0,15.0,10.0,5.0
dlgs_163_2006__articolo__28,dlgs_163_2006,dlgs_163_2006,28,ok,12.0,6.0,10.0,62.0,10.0,0.0
dlgs_163_2006__articolo__49,dlgs_163_2006,dlgs_163_2006,49,ok,8.0,18.0,22.0,38.0,14.0,0.0
dlgs_163_2006__articolo__54,dlgs_163_2006,dlgs_163_2006,54,ok,35.0,0.0,15.0,35.0,15.0,0.0
dlgs_163_2006__articolo__55,dlgs_163_2006,dlgs_163_2006,55,ok,8.0,10.0,42.0,30.0,10.0,0.0
dlgs_163_2006__articolo__58,dlgs_163_2006,dlgs_163_2006,58,ok,8.0,10.0,7.0,70.0,5.0,0.0
dlgs_163_2006__articolo__59,dlgs_163_2006,dlgs_163_2006,59,ok,12.0,18.0,10.0,55.0,5.0,0.0
dlgs_163_2006__articolo__65,dlgs_163_2006,dlgs_163_2006,65,ok,18.0,8.0,12.0,42.0,18.0,2.0
dlgs_163_2006__articolo__69,dlgs_163_2006,dlgs_163_2006,69,ok,15.0,0.0,20.0,60.0,5.0,0.0
dlgs_163_2006__articolo__71,dlgs_163_2006,dlgs_163_2006,71,ok,2.0,0.0,20.0,58.0,20.0,0.0
dlgs_163_2006__articolo__75,dlgs_163_2006,dlgs_163_2006,75,ok,30.0,10.0,15.0,35.0,10.0,0.0
dlgs_163_2006__articolo__76,dlgs_163_2006,dlgs_163_2006,76,ok,5.0,0.0,10.0,60.0,20.0,5.0
dlgs_163_2006__articolo__83,dlgs_163_2006,dlgs_163_2006,83,ok,10.0,0.0,0.0,55.0,20.0,15.0
dlgs_163_2006__articolo__84,dlgs_163_2006,dlgs_163_2006,84,ok,5.0,0.0,10.0,70.0,10.0,5.0
dlgs_163_2006__articolo__86,dlgs_163_2006,dlgs_163_2006,86,ok,12.0,8.0,25.0,40.0,10.0,5.0
dlgs_163_2006__articolo__94,dlgs_163_2006,dlgs_163_2006,94,ok,20.0,15.0,0.0,45.0,20.0,0.0
dlgs_163_2006__articolo__95,dlgs_163_2006,dlgs_163_2006,95,ok,8.0,18.0,22.0,42.0,10.0,0.0
dlgs_163_2006__articolo__98,dlgs_163_2006,dlgs_163_2006,98,ok,18.0,22.0,15.0,35.0,10.0,0.0
dlgs_163_2006__articolo__108,dlgs_163_2006,dlgs_163_2006,108,ok,15.0,20.0,10.0,45.0,10.0,0.0
dlgs_163_2006__articolo__106,dlgs_163_2006,dlgs_163_2006,106,ok,12.0,3.0,10.0,45.0,15.0,15.0
dlgs_163_2006__articolo__110,dlgs_163_2006,dlgs_163_2006,110,ok,5.0,10.0,15.0,60.0,5.0,5.0
dlgs_163_2006__articolo__113,dlgs_163_2006,dlgs_163_2006,113,ok,5.0,0.0,20.0,45.0,10.0,20.0
dlgs_163_2006__articolo__116,dlgs_163_2006,dlgs_163_2006,116,ok,20.0,10.0,15.0,35.0,15.0,5.0
dlgs_163_2006__articolo__119,dlgs_163_2006,dlgs_163_2006,119,ok,15.0,10.0,10.0,50.0,15.0,0.0
dlgs_163_2006__articolo__121,dlgs_163_2006,dlgs_163_2006,121,ok,12.0,18.0,14.0,38.0,18.0,0.0
dlgs_163_2006__articolo__122,dlgs_163_2006,dlgs_163_2006,122,ok,10.0,15.0,25.0,40.0,10.0,0.0
dlgs_163_2006__articolo__123,dlgs_163_2006,dlgs_163_2006,123,ok,5.0,15.0,20.0,45.0,10.0,5.0
dlgs_163_2006__articolo__125,dlgs_163_2006,dlgs_163_2006,125,ok,8.0,18.0,20.0,48.0,6.0,0.0
dlgs_163_2006__articolo__127,dlgs_163_2006,dlgs_163_2006,127,ok,45.0,12.0,10.0,28.0,5.0,0.0
dlgs_163_2006__articolo__131,dlgs_163_2006,dlgs_163_2006,131,ok,15.0,10.0,20.0,45.0,5.0,5.0
dlgs_163_2006__articolo__134,dlgs_163_2006,dlgs_163_2006,134,ok,0.0,0.0,0.0,20.0,30.0,50.0
dlgs_163_2006__articolo__136,dlgs_163_2006,dlgs_163_2006,136,ok,2.0,1.0,7.0,72.0,6.0,12.0
dlgs_163_2006__articolo__140,dlgs_163_2006,dlgs_163_2006,140,ok,5.0,10.0,20.0,55.0,5.0,5.0
dlgs_163_2006__articolo__141,dlgs_163_2006,dlgs_163_2006,141,ok,35.0,20.0,15.0,20.0,10.0,0.0
dlgs_163_2006__articolo__147,dlgs_163_2006,dlgs_163_2006,147,ok,20.0,10.0,30.0,25.0,10.0,5.0
dlgs_163_2006__articolo__145,dlgs_163_2006,dlgs_163_2006,145,ok,10.0,5.0,20.0,50.0,15.0,0.0
dlgs_163_2006__articolo__149,dlgs_163_2006,dlgs_163_2006,149,ok,18.0,12.0,10.0,42.0,14.0,4.0
dlgs_163_2006__articolo__155,dlgs_163_2006,dlgs_163_2006,155,ok,10.0,5.0,15.0,45.0,25.0,0.0
dlgs_163_2006__articolo__164,dlgs_163_2006,dlgs_163_2006,164,ok,12.0,8.0,15.0,45.0,15.0,5.0
dlgs_163_2006__articolo__167,dlgs_163_2006,dlgs_163_2006,167,ok,10.0,0.0,12.0,48.0,22.0,8.0
dlgs_163_2006__articolo__168,dlgs_163_2006,dlgs_163_2006,168,ok,25.0,15.0,15.0,35.0,5.0,5.0
dlgs_163_2006__articolo__175,dlgs_163_2006,dlgs_163_2006,175,ok,35.0,5.0,10.0,40.0,10.0,0.0
dlgs_163_2006__articolo__178,dlgs_163_2006,dlgs_163_2006,178,ok,15.0,20.0,10.0,35.0,20.0,0.0
dlgs_163_2006__articolo__180,dlgs_163_2006,dlgs_163_2006,180,ok,15.0,10.0,5.0,45.0,20.0,5.0
dlgs_163_2006__articolo__183,dlgs_163_2006,dlgs_163_2006,183,ok,18.0,28.0,12.0,30.0,10.0,2.0
dlgs_163_2006__articolo__184,dlgs_163_2006,dlgs_163_2006,184,ok,10.0,0.0,15.0,60.0,5.0,10.0
dlgs_163_2006__articolo__187,dlgs_163_2006,dlgs_163_2006,187,ok,12.0,8.0,10.0,45.0,15.0,10.0
dlgs_163_2006__articolo__195,dlgs_163_2006,dlgs_163_2006,195,ok,30.0,20.0,10.0,25.0,12.0,3.0
dlgs_163_2006__articolo__199,dlgs_163_2006,dlgs_163_2006,199,ok,18.0,14.0,20.0,38.0,10.0,0.0
dlgs_163_2006__articolo__207,dlgs_163_2006,dlgs_163_2006,207,ok,15.0,35.0,25.0,10.0,15.0,0.0
dlgs_163_2006__articolo__209,dlgs_163_2006,dlgs_163_2006,209,ok,20.0,35.0,15.0,10.0,20.0,0.0
dlgs_163_2006__articolo__215,dlgs_163_2006,dlgs_163_2006,215,ok,0.0,70.0,20.0,0.0,10.0,0.0
dlgs_163_2006__articolo__212,dlgs_163_2006,dlgs_163_2006,212,ok,5.0,55.0,10.0,0.0,20.0,10.0
dlgs_163_2006__articolo__213,dlgs_163_2006,dlgs_163_2006,213,ok,8.0,37.0,12.0,28.0,15.0,0.0
dlgs_163_2006__articolo__227,dlgs_163_2006,dlgs_163_2006,227,ok,10.0,15.0,20.0,40.0,15.0,0.0
dlgs_163_2006__articolo__234,dlgs_163_2006,dlgs_163_2006,234,ok,45.0,30.0,15.0,0.0,10.0,0.0
dlgs_163_2006__articolo__236,dlgs_163_2006,dlgs_163_2006,236,ok,25.0,20.0,10.0,20.0,15.0,10.0
dlgs_163_2006__articolo__240,dlgs_163_2006,dlgs_163_2006,240,ok,8.0,14.0,18.0,60.0,0.0,0.0
dlgs_163_2006__articolo__242,dlgs_163_2006,dlgs_163_2006,242,ok,12.0,14.0,18.0,42.0,6.0,8.0
dlgs_163_2006__articolo__245,dlgs_163_2006,dlgs_163_2006,245,ok,15.0,10.0,20.0,30.0,15.0,10.0
dlgs_163_2006__articolo__246,dlgs_163_2006,dlgs_163_2006,246,ok,15.0,10.0,15.0,40.0,10.0,10.0
dlgs_163_2006__articolo__249,dlgs_163_2006,dlgs_163_2006,249,ok,10.0,0.0,0.0,70.0,20.0,0.0
dlgs_163_2006__articolo__251,dlgs_163_2006,dlgs_163_2006,251,ok,10.0,10.0,15.0,55.0,5.0,5.0
dlgs_163_2006__articolo__253,dlgs_163_2006,dlgs_163_2006,253,ok,5.0,18.0,22.0,20.0,30.0,5.0
dlgs_163_2006__articolo__254,dlgs_163_2006,dlgs_163_2006,254,ok,5.0,0.0,5.0,15.0,40.0,35.0
dlgs_56_2017__articolo__3,dlgs_56_2017,dlgs_56_2017,3,ok,0.0,0.0,0.0,0.0,10.0,90.0
dlgs_56_2017__articolo__4,dlgs_56_2017,dlgs_56_2017,4,ok,35.0,10.0,8.0,12.0,5.0,30.0
dlgs_56_2017__articolo__8,dlgs_56_2017,dlgs_56_2017,8,ok,0.0,0.0,5.0,0.0,0.0,95.0
dlgs_56_2017__articolo__12,dlgs_56_2017,dlgs_56_2017,12,ok,0.0,0.0,0.0,0.0,0.0,100.0
dlgs_56_2017__articolo__9,dlgs_56_2017,dlgs_56_2017,9,ok,18.0,12.0,10.0,44.0,6.0,10.0
dlgs_56_2017__articolo__15,dlgs_56_2017,dlgs_56_2017,15,ok,5.0,10.0,20.0,25.0,5.0,35.0
dlgs_56_2017__articolo__16,dlgs_56_2017,dlgs_56_2017,16,ok,12.0,18.0,14.0,28.0,10.0,18.0
dlgs_56_2017__articolo__19,dlgs_56_2017,dlgs_56_2017,19,ok,4.0,0.0,0.0,68.0,4.0,24.0
dlgs_56_2017__articolo__24,dlgs_56_2017,dlgs_56_2017,24,ok,0.0,0.0,0.0,10.0,0.0,90.0
dlgs_56_2017__articolo__25,dlgs_56_2017,dlgs_56_2017,25,ok,5.0,10.0,15.0,35.0,5.0,30.0
dlgs_56_2017__articolo__26,dlgs_56_2017,dlgs_56_2017,26,ok,0.0,0.0,0.0,0.0,0.0,100.0
dlgs_56_2017__articolo__31,dlgs_56_2017,dlgs_56_2017,31,ok,0.0,0.0,10.0,20.0,15.0,55.0
dlgs_56_2017__articolo__34,dlgs_56_2017,dlgs_56_2017,34,ok,0.0,0.0,0.0,0.0,0.0,100.0
dlgs_56_2017__articolo__35,dlgs_56_2017,dlgs_56_2017,35,ok,0.0,0.0,10.0,0.0,0.0,90.0
dlgs_56_2017__articolo__36,dlgs_56_2017,dlgs_56_2017,36,ok,2.0,0.0,8.0,5.0,0.0,85.0
dlgs_56_2017__articolo__39,dlgs_56_2017,dlgs_56_2017,39,ok,0.0,0.0,0.0,5.0,0.0,95.0
dlgs_56_2017__articolo__40,dlgs_56_2017,dlgs_56_2017,40,ok,0.0,10.0,20.0,20.0,5.0,45.0
dlgs_56_2017__articolo__42,dlgs_56_2017,dlgs_56_2017,42,ok,0.0,0.0,0.0,0.0,0.0,100.0
dlgs_56_2017__articolo__47,dlgs_56_2017,dlgs_56_2017,47,ok,0.0,0.0,0.0,35.0,10.0,55.0
dlgs_56_2017__articolo__48,dlgs_56_2017,dlgs_56_2017,48,ok,0.0,0.0,0.0,60.0,5.0,35.0
dlgs_56_2017__articolo__52,dlgs_56_2017,dlgs_56_2017,52,ok,0.0,5.0,10.0,10.0,0.0,75.0
dlgs_56_2017__articolo__50,dlgs_56_2017,dlgs_56_2017,50,ok,25.0,5.0,10.0,20.0,15.0,25.0
dlgs_56_2017__articolo__53,dlgs_56_2017,dlgs_56_2017,53,ok,0.0,0.0,15.0,25.0,20.0,40.0
dlgs_56_2017__articolo__57,dlgs_56_2017,dlgs_56_2017,57,ok,0.0,10.0,15.0,20.0,5.0,50.0
dlgs_56_2017__articolo__60,dlgs_56_2017,dlgs_56_2017,60,ok,0.0,0.0,0.0,0.0,0.0,100.0
dlgs_56_2017__articolo__59,dlgs_56_2017,dlgs_56_2017,59,ok,10.0,15.0,20.0,25.0,10.0,20.0
dlgs_56_2017__articolo__64,dlgs_56_2017,dlgs_56_2017,64,ok,0.0,0.0,5.0,0.0,0.0,95.0
dlgs_56_2017__articolo__62,dlgs_56_2017,dlgs_56_2017,62,ok,5.0,10.0,20.0,35.0,15.0,15.0
dlgs_56_2017__articolo__67,dlgs_56_2017,dlgs_56_2017,67,ok,0.0,0.0,0.0,12.0,0.0,88.0
dlgs_56_2017__articolo__69,dlgs_56_2017,dlgs_56_2017,69,ok,5.0,10.0,20.0,15.0,0.0,50.0
dlgs_56_2017__articolo__75,dlgs_56_2017,dlgs_56_2017,75,ok,0.0,0.0,0.0,35.0,10.0,55.0
dlgs_56_2017__articolo__73,dlgs_56_2017,dlgs_56_2017,73,ok,5.0,10.0,10.0,20.0,0.0,55.0
dlgs_56_2017__articolo__81,dlgs_56_2017,dlgs_56_2017,81,ok,5.0,0.0,5.0,20.0,0.0,70.0
dlgs_56_2017__articolo__87,dlgs_56_2017,dlgs_56_2017,87,ok,0.0,0.0,0.0,0.0,30.0,70.0
dlgs_56_2017__articolo__84,dlgs_56_2017,dlgs_56_2017,84,ok,0.0,0.0,0.0,0.0,0.0,100.0
dlgs_56_2017__articolo__88,dlgs_56_2017,dlgs_56_2017,88,ok,0.0,0.0,0.0,5.0,10.0,85.0
dlgs_56_2017__articolo__86,dlgs_56_2017,dlgs_56_2017,86,ok,10.0,5.0,10.0,15.0,15.0,45.0
dlgs_56_2017__articolo__94,dlgs_56_2017,dlgs_56_2017,94,ok,0.0,0.0,0.0,0.0,0.0,100.0
dlgs_56_2017__articolo__95,dlgs_56_2017,dlgs_56_2017,95,ok,0.0,0.0,20.0,35.0,5.0,40.0
dlgs_56_2017__articolo__97,dlgs_56_2017,dlgs_56_2017,97,ok,5.0,10.0,0.0,15.0,0.0,70.0
dlgs_56_2017__articolo__98,dlgs_56_2017,dlgs_56_2017,98,ok,0.0,0.0,0.0,0.0,0.0,100.0
dlgs_56_2017__articolo__100,dlgs_56_2017,dlgs_56_2017,100,ok,0.0,0.0,0.0,0.0,0.0,100.0
dlgs_56_2017__articolo__99,dlgs_56_2017,dlgs_56_2017,99,ok,0.0,0.0,0.0,0.0,10.0,90.0
dlgs_56_2017__articolo__101,dlgs_56_2017,dlgs_56_2017,101,ok,0.0,0.0,5.0,20.0,5.0,70.0
dlgs_56_2017__articolo__105,dlgs_56_2017,dlgs_56_2017,105,ok,8.0,7.0,10.0,20.0,20.0,35.0
dlgs_56_2017__articolo__106,dlgs_56_2017,dlgs_56_2017,106,ok,5.0,0.0,0.0,0.0,10.0,85.0
dlgs_56_2017__articolo__112,dlgs_56_2017,dlgs_56_2017,112,ok,0.0,0.0,0.0,0.0,10.0,90.0
dlgs_56_2017__articolo__109,dlgs_56_2017,dlgs_56_2017,109,ok,5.0,0.0,3.0,27.0,10.0,55.0
dlgs_56_2017__articolo__114,dlgs_56_2017,dlgs_56_2017,114,ok,0.0,0.0,0.0,0.0,0.0,100.0
dlgs_56_2017__articolo__119,dlgs_56_2017,dlgs_56_2017,119,ok,5.0,0.0,10.0,0.0,0.0,85.0
dlgs_56_2017__articolo__116,dlgs_56_2017,dlgs_56_2017,116,ok,20.0,0.0,10.0,25.0,15.0,30.0
dlgs_56_2017__articolo__120,dlgs_56_2017,dlgs_56_2017,120,ok,5.0,0.0,8.0,12.0,10.0,65.0
dlgs_56_2017__articolo__124,dlgs_56_2017,dlgs_56_2017,124,ok,5.0,0.0,0.0,30.0,15.0,50.0
dlgs_56_2017__articolo__128,dlgs_56_2017,dlgs_56_2017,128,ok,5.0,10.0,20.0,35.0,15.0,15.0
l_78_2022__articolo__1,l_78_2022,l_78_2022,1,ok,34.0,6.0,14.0,38.0,8.0,0.0
l_78_2022__articolo__2,l_78_2022,l_78_2022,2,ok,8.0,5.0,12.0,55.0,15.0,5.0
l_78_2022__articolo__3,l_78_2022,l_78_2022,3,ok,10.0,5.0,15.0,45.0,20.0,5.0
l_11_2016__articolo__1,l_11_2016,l_11_2016,1,ok,0.0,0.0,0.0,0.0,0.0,100.0
l_11_2016__articolo__2,l_11_2016,l_11_2016,2,ok,12.0,10.0,18.0,30.0,25.0,5.0
l_11_2016__articolo__3,l_11_2016,l_11_2016,3,ok,5.0,0.0,0.0,55.0,35.0,5.0
l_11_2016__articolo__4,l_11_2016,l_11_2016,4,ok,15.0,5.0,10.0,35.0,30.0,5.0
l_11_2016__articolo__6,l_11_2016,l_11_2016,6,ok,5.0,0.0,0.0,65.0,25.0,5.0
l_11_2016__articolo__5,l_11_2016,l_11_2016,5,ok,15.0,0.0,0.0,45.0,25.0,15.0
l_11_2016__articolo__7,l_11_2016,l_11_2016,7,ok,5.0,5.0,5.0,65.0,20.0,0.0
l_108_2021__articolo__1,l_108_2021,l_108_2021,1,ok,12.0,4.0,14.0,42.0,10.0,18.0
l_108_2021__articolo__2,l_108_2021,l_108_2021,2,ok,35.0,5.0,10.0,35.0,10.0,5.0
l_108_2021__articolo__3,l_108_2021,l_108_2021,3,ok,42.0,3.0,2.0,43.0,10.0,0.0
l_108_2021__articolo__6,l_108_2021,l_108_2021,6,ok,25.0,10.0,12.0,40.0,10.0,3.0
l_108_2021__articolo__11 - bis,l_108_2021,l_108_2021,11 - bis,ok,20.0,5.0,15.0,45.0,15.0,0.0
l_108_2021__articolo__12,l_108_2021,l_108_2021,12,ok,18.0,4.0,28.0,32.0,12.0,6.0
l_108_2021__articolo__15 - bis,l_108_2021,l_108_2021,15 - bis,ok,5.0,7.0,18.0,52.0,8.0,10.0
l_108_2021__articolo__17,l_108_2021,l_108_2021,17,ok,15.0,5.0,10.0,40.0,5.0,25.0
l_108_2021__articolo__18,l_108_2021,l_108_2021,18,ok,18.0,12.0,8.0,20.0,22.0,20.0
l_108_2021__articolo__20,l_108_2021,l_108_2021,20,ok,10.0,15.0,20.0,15.0,5.0,35.0
l_108_2021__articolo__18 - bis,l_108_2021,l_108_2021,18 - bis,ok,8.0,12.0,18.0,45.0,12.0,5.0
l_108_2021__articolo__23,l_108_2021,l_108_2021,23,ok,12.0,5.0,8.0,55.0,12.0,8.0
l_108_2021__articolo__24 - bis,l_108_2021,l_108_2021,24 - bis,ok,12.0,8.0,10.0,40.0,15.0,15.0
l_108_2021__articolo__25,l_108_2021,l_108_2021,25,ok,0.0,10.0,0.0,20.0,0.0,70.0
l_108_2021__articolo__27,l_108_2021,l_108_2021,27,ok,38.0,7.0,8.0,37.0,5.0,5.0
l_108_2021__articolo__31,l_108_2021,l_108_2021,31,ok,18.0,22.0,20.0,12.0,10.0,18.0
l_108_2021__articolo__31 - quinquies,l_108_2021,l_108_2021,31 - quinquies,ok,10.0,20.0,10.0,25.0,15.0,20.0
l_108_2021__articolo__32,l_108_2021,l_108_2021,32,ok,5.0,10.0,20.0,30.0,5.0,30.0
l_108_2021__articolo__32 - quater,l_108_2021,l_108_2021,32 - quater,ok,25.0,10.0,10.0,20.0,5.0,30.0
l_108_2021__articolo__33,l_108_2021,l_108_2021,33,ok,5.0,20.0,15.0,20.0,35.0,5.0
l_108_2021__articolo__33 - ter,l_108_2021,l_108_2021,33 - ter,ok,5.0,10.0,20.0,35.0,5.0,25.0
l_108_2021__articolo__36,l_108_2021,l_108_2021,36,ok,45.0,10.0,20.0,15.0,5.0,5.0
l_108_2021__articolo__36 - ter,l_108_2021,l_108_2021,36 - ter,ok,12.0,8.0,18.0,32.0,10.0,20.0
l_108_2021__articolo__39 - quater,l_108_2021,l_108_2021,39 - quater,ok,45.0,5.0,3.0,22.0,15.0,10.0
l_108_2021__articolo__39 - sexies,l_108_2021,l_108_2021,39 - sexies,ok,8.0,6.0,10.0,24.0,12.0,40.0
l_108_2021__articolo__42,l_108_2021,l_108_2021,42,ok,45.0,0.0,5.0,40.0,10.0,0.0
l_108_2021__articolo__43,l_108_2021,l_108_2021,43,ok,35.0,5.0,10.0,35.0,10.0,5.0
l_108_2021__articolo__45,l_108_2021,l_108_2021,45,ok,35.0,10.0,5.0,40.0,10.0,0.0
l_108_2021__articolo__47 - ter,l_108_2021,l_108_2021,47 - ter,ok,10.0,15.0,20.0,35.0,15.0,5.0
l_108_2021__articolo__48,l_108_2021,l_108_2021,48,ok,18.0,14.0,28.0,22.0,8.0,10.0
l_108_2021__articolo__50,l_108_2021,l_108_2021,50,ok,18.0,7.0,20.0,17.0,8.0,30.0
l_108_2021__articolo__53,l_108_2021,l_108_2021,53,ok,12.0,8.0,14.0,26.0,20.0,20.0
l_108_2021__articolo__54,l_108_2021,l_108_2021,54,ok,35.0,10.0,15.0,25.0,15.0,0.0
l_108_2021__articolo__55 - bis,l_108_2021,l_108_2021,55 - bis,ok,5.0,10.0,15.0,30.0,10.0,30.0
l_108_2021__articolo__56 - quater,l_108_2021,l_108_2021,56 - quater,ok,8.0,7.0,18.0,42.0,10.0,15.0
l_108_2021__articolo__57,l_108_2021,l_108_2021,57,ok,12.0,8.0,18.0,45.0,7.0,10.0
l_108_2021__articolo__59,l_108_2021,l_108_2021,59,ok,10.0,0.0,0.0,25.0,45.0,20.0
l_108_2021__articolo__60,l_108_2021,l_108_2021,60,ok,0.0,0.0,0.0,0.0,0.0,100.0
l_108_2021__articolo__61,l_108_2021,l_108_2021,61,ok,5.0,10.0,15.0,20.0,10.0,40.0
l_108_2021__articolo__62,l_108_2021,l_108_2021,62,ok,5.0,0.0,0.0,20.0,10.0,65.0
l_108_2021__articolo__63,l_108_2021,l_108_2021,63,ok,18.0,22.0,14.0,18.0,4.0,24.0
l_108_2021__articolo__65 - bis,l_108_2021,l_108_2021,65 - bis,ok,10.0,5.0,15.0,35.0,10.0,25.0
l_108_2021__articolo__66 - bis,l_108_2021,l_108_2021,66 - bis,ok,0.0,0.0,0.0,10.0,0.0,90.0
l_108_2021__articolo__66 - quinquies,l_108_2021,l_108_2021,66 - quinquies,ok,0.0,0.0,0.0,10.0,20.0,70.0
l_108_2021__articolo__67,l_108_2021,l_108_2021,67,ok,0.0,0.0,0.0,10.0,15.0,75.0
l_120_2020__articolo__1,l_120_2020,l_120_2020,1,ok,12.0,8.0,18.0,22.0,20.0,20.0
l_120_2020__articolo__2 - bis,l_120_2020,l_120_2020,2 - bis,ok,8.0,12.0,35.0,25.0,15.0,5.0
l_120_2020__articolo__3,l_120_2020,l_120_2020,3,ok,35.0,15.0,20.0,20.0,5.0,5.0
l_120_2020__articolo__4,l_120_2020,l_120_2020,4,ok,5.0,10.0,15.0,30.0,25.0,15.0
l_120_2020__articolo__5,l_120_2020,l_120_2020,5,ok,8.0,12.0,25.0,30.0,15.0,10.0
l_120_2020__articolo__7,l_120_2020,l_120_2020,7,ok,18.0,10.0,22.0,34.0,10.0,6.0
l_120_2020__articolo__8 - bis,l_120_2020,l_120_2020,8 - bis,ok,0.0,0.0,0.0,20.0,0.0,80.0
l_120_2020__articolo__9,l_120_2020,l_120_2020,9,ok,35.0,12.0,18.0,20.0,10.0,5.0
l_120_2020__articolo__10,l_120_2020,l_120_2020,10,ok,22.0,18.0,20.0,10.0,5.0,25.0
l_120_2020__articolo__11,l_120_2020,l_120_2020,11,ok,18.0,5.0,7.0,55.0,5.0,10.0
l_120_2020__articolo__15,l_120_2020,l_120_2020,15,ok,15.0,5.0,10.0,35.0,10.0,25.0
l_120_2020__articolo__16 - ter,l_120_2020,l_120_2020,16 - ter,ok,5.0,18.0,24.0,10.0,13.0,30.0
l_120_2020__articolo__16 - quater,l_120_2020,l_120_2020,16 - quater,ok,5.0,10.0,25.0,35.0,10.0,15.0
l_120_2020__articolo__16 - quinquies,l_120_2020,l_120_2020,16 - quinquies,ok,12.0,6.0,14.0,28.0,10.0,30.0
l_120_2020__articolo__19,l_120_2020,l_120_2020,19,ok,12.0,8.0,14.0,38.0,18.0,10.0
l_120_2020__articolo__20 - bis,l_120_2020,l_120_2020,20 - bis,ok,15.0,10.0,20.0,35.0,10.0,10.0
l_120_2020__articolo__22,l_120_2020,l_120_2020,22,ok,18.0,12.0,8.0,22.0,5.0,35.0
l_120_2020__articolo__29 - ter,l_120_2020,l_120_2020,29 - ter,ok,20.0,5.0,10.0,20.0,5.0,40.0
l_120_2020__articolo__31,l_120_2020,l_120_2020,31,ok,55.0,8.0,7.0,22.0,3.0,5.0
l_120_2020__articolo__37,l_120_2020,l_120_2020,37,ok,8.0,24.0,20.0,33.0,5.0,10.0
l_120_2020__articolo__38 - bis,l_120_2020,l_120_2020,38 - bis,ok,10.0,35.0,15.0,10.0,20.0,10.0
l_120_2020__articolo__39,l_120_2020,l_120_2020,39,ok,5.0,18.0,12.0,40.0,10.0,15.0
l_120_2020__articolo__40 - bis,l_120_2020,l_120_2020,40 - bis,ok,5.0,0.0,10.0,45.0,15.0,25.0
l_120_2020__articolo__40 - quater,l_120_2020,l_120_2020,40 - quater,ok,12.0,8.0,14.0,28.0,10.0,28.0
l_120_2020__articolo__42,l_120_2020,l_120_2020,42,ok,5.0,8.0,18.0,24.0,5.0,40.0
l_120_2020__articolo__44 - bis,l_120_2020,l_120_2020,44 - bis,ok,15.0,5.0,20.0,25.0,10.0,25.0
l_120_2020__articolo__46,l_120_2020,l_120_2020,46,ok,5.0,0.0,0.0,25.0,10.0,60.0
l_120_2020__articolo__47,l_120_2020,l_120_2020,47,ok,22.0,8.0,14.0,26.0,6.0,24.0
l_120_2020__articolo__48 - bis,l_120_2020,l_120_2020,48 - bis,ok,10.0,5.0,10.0,15.0,20.0,40.0
l_120_2020__articolo__48 - ter,l_120_2020,l_120_2020,48 - ter,ok,2.0,10.0,45.0,20.0,0.0,23.0
l_120_2020__articolo__48 - quater,l_120_2020,l_120_2020,48 - quater,ok,15.0,8.0,7.0,60.0,5.0,5.0
l_120_2020__articolo__50,l_120_2020,l_120_2020,50,ok,18.0,6.0,12.0,42.0,7.0,15.0
l_120_2020__articolo__52,l_120_2020,l_120_2020,52,ok,5.0,15.0,20.0,40.0,5.0,15.0
l_120_2020__articolo__55 - bis,l_120_2020,l_120_2020,55 - bis,ok,10.0,18.0,17.0,42.0,10.0,3.0
l_120_2020__articolo__59,l_120_2020,l_120_2020,59,ok,35.0,8.0,12.0,30.0,5.0,10.0
l_120_2020__articolo__62,l_120_2020,l_120_2020,62,ok,18.0,22.0,20.0,30.0,7.0,3.0
l_120_2020__articolo__62 - ter,l_120_2020,l_120_2020,62 - ter,ok,28.0,10.0,12.0,25.0,15.0,10.0
l_120_2020__articolo__64 - bis,l_120_2020,l_120_2020,64 - bis,ok,8.0,5.0,12.0,31.0,19.0,25.0
l_55_2019__articolo__1,l_55_2019,l_55_2019,1,ok,12.0,8.0,18.0,42.0,10.0,10.0
l_55_2019__articolo__3,l_55_2019,l_55_2019,3,ok,10.0,5.0,15.0,40.0,30.0,0.0
l_55_2019__articolo__2,l_55_2019,l_55_2019,2,ok,0.0,0.0,0.0,85.0,15.0,0.0
l_55_2019__articolo__4,l_55_2019,l_55_2019,4,ok,5.0,0.0,0.0,25.0,10.0,60.0
l_55_2019__articolo__4 -bis,l_55_2019,l_55_2019,4 -bis,ok,5.0,10.0,15.0,5.0,10.0,55.0
l_55_2019__articolo__4 -ter,l_55_2019,l_55_2019,4 -ter,ok,12.0,8.0,15.0,45.0,10.0,10.0
l_55_2019__articolo__4 -quater,l_55_2019,l_55_2019,4 -quater,ok,18.0,7.0,10.0,45.0,15.0,5.0
l_55_2019__articolo__4 -sexies,l_55_2019,l_55_2019,4 -sexies,ok,22.0,3.0,10.0,50.0,5.0,10.0
l_55_2019__articolo__5,l_55_2019,l_55_2019,5,ok,35.0,5.0,10.0,25.0,15.0,10.0
l_55_2019__articolo__5 -quinquies,l_55_2019,l_55_2019,5 -quinquies,ok,70.0,0.0,0.0,15.0,10.0,5.0
l_55_2019__articolo__5 -ter,l_55_2019,l_55_2019,5 -ter,ok,35.0,25.0,10.0,20.0,5.0,5.0
l_55_2019__articolo__10,l_55_2019,l_55_2019,10,ok,55.0,20.0,10.0,15.0,0.0,0.0
l_55_2019__articolo__12,l_55_2019,l_55_2019,12,ok,5.0,0.0,10.0,75.0,10.0,0.0
l_55_2019__articolo__13,l_55_2019,l_55_2019,13,ok,24.0,5.0,8.0,51.0,12.0,0.0
l_55_2019__articolo__14,l_55_2019,l_55_2019,14,ok,25.0,10.0,20.0,40.0,5.0,0.0
l_55_2019__articolo__19,l_55_2019,l_55_2019,19,ok,5.0,15.0,20.0,35.0,15.0,10.0
l_55_2019__articolo__20 -bis,l_55_2019,l_55_2019,20 -bis,ok,10.0,30.0,25.0,25.0,10.0,0.0
l_55_2019__articolo__21,l_55_2019,l_55_2019,21,ok,5.0,10.0,25.0,35.0,10.0,15.0
l_55_2019__articolo__22,l_55_2019,l_55_2019,22,ok,5.0,12.0,18.0,28.0,12.0,25.0
l_55_2019__articolo__23 -bis,l_55_2019,l_55_2019,23 -bis,ok,5.0,10.0,15.0,20.0,15.0,35.0
l_55_2019__articolo__26 -bis,l_55_2019,l_55_2019,26 -bis,ok,12.0,8.0,7.0,28.0,10.0,35.0
l_114_2014__articolo__1,l_114_2014,l_114_2014,1,ok,15.0,10.0,35.0,10.0,5.0,25.0
l_114_2014__articolo__4,l_114_2014,l_114_2014,4,ok,35.0,10.0,20.0,25.0,5.0,5.0
l_114_2014__articolo__6,l_114_2014,l_114_2014,6,ok,5.0,15.0,20.0,15.0,25.0,20.0
l_114_2014__articolo__11,l_114_2014,l_114_2014,11,ok,10.0,5.0,25.0,50.0,0.0,10.0
l_114_2014__articolo__17,l_114_2014,l_114_2014,17,ok,40.0,25.0,5.0,20.0,10.0,0.0
l_114_2014__articolo__16,l_114_2014,l_114_2014,16,ok,10.0,8.0,7.0,55.0,15.0,5.0
l_114_2014__articolo__21,l_114_2014,l_114_2014,21,ok,8.0,5.0,7.0,55.0,15.0,10.0
l_114_2014__articolo__21-bis,l_114_2014,l_114_2014,21-bis,ok,20.0,5.0,10.0,45.0,10.0,10.0
l_114_2014__articolo__23-ter,l_114_2014,l_114_2014,23-ter,ok,10.0,20.0,18.0,27.0,15.0,10.0
l_114_2014__articolo__24,l_114_2014,l_114_2014,24,ok,45.0,10.0,5.0,30.0,8.0,2.0
l_114_2014__articolo__24-bis,l_114_2014,l_114_2014,24-bis,ok,22.0,18.0,2.0,18.0,20.0,20.0
l_114_2014__articolo__24-quater,l_114_2014,l_114_2014,24-quater,ok,15.0,10.0,10.0,25.0,25.0,15.0
l_114_2014__articolo__26,l_114_2014,l_114_2014,26,ok,5.0,10.0,15.0,55.0,5.0,10.0
l_114_2014__articolo__27-bis,l_114_2014,l_114_2014,27-bis,ok,20.0,5.0,5.0,55.0,15.0,0.0
l_114_2014__articolo__29,l_114_2014,l_114_2014,29,ok,15.0,10.0,10.0,35.0,20.0,10.0
l_114_2014__articolo__30,l_114_2014,l_114_2014,30,ok,15.0,10.0,20.0,35.0,5.0,15.0
l_114_2014__articolo__34,l_114_2014,l_114_2014,34,ok,5.0,10.0,20.0,40.0,15.0,10.0
l_114_2014__articolo__36,l_114_2014,l_114_2014,36,ok,10.0,5.0,10.0,40.0,15.0,20.0
l_114_2014__articolo__39,l_114_2014,l_114_2014,39,ok,0.0,0.0,0.0,0.0,0.0,100.0
l_114_2014__articolo__38,l_114_2014,l_114_2014,38,ok,20.0,10.0,15.0,35.0,15.0,5.0
l_114_2014__articolo__43,l_114_2014,l_114_2014,43,ok,35.0,10.0,8.0,30.0,12.0,5.0
l_114_2014__articolo__45-bis,l_114_2014,l_114_2014,45-bis,ok,0.0,5.0,10.0,20.0,15.0,50.0
l_114_2014__articolo__46,l_114_2014,l_114_2014,46,ok,5.0,8.0,7.0,42.0,18.0,20.0
l_114_2014__articolo__53,l_114_2014,l_114_2014,53,ok,5.0,10.0,20.0,25.0,15.0,25.0
l_190_2012__articolo__1,l_190_2012,l_190_2012,1,ok,0.0,0.0,0.0,0.0,0.0,100.0
l_190_2012__articolo__2,l_190_2012,l_190_2012,2,ok,12.0,0.0,6.0,54.0,28.0,0.0
l_190_2012__articolo__5,l_190_2012,l_190_2012,5,ok,5.0,0.0,0.0,25.0,55.0,15.0
l_190_2012__articolo__8,l_190_2012,l_190_2012,8,ok,0.0,0.0,0.0,90.0,5.0,5.0
l_190_2012__articolo__9,l_190_2012,l_190_2012,9,ok,10.0,15.0,10.0,60.0,0.0,5.0
l_190_2012__articolo__10,l_190_2012,l_190_2012,10,ok,5.0,10.0,15.0,50.0,10.0,10.0
l_190_2012__articolo__13,l_190_2012,l_190_2012,13,ok,20.0,5.0,15.0,20.0,35.0,5.0
l_190_2012__articolo__4,l_190_2012,l_190_2012,4,ok,20.0,0.0,0.0,60.0,20.0,0.0
l_190_2012__articolo__7,l_190_2012,l_190_2012,7,ok,10.0,20.0,15.0,50.0,5.0,0.0
l_190_2012__articolo__14,l_190_2012,l_190_2012,14,ok,0.0,0.0,10.0,70.0,10.0,10.0
l_190_2012__articolo__11,l_190_2012,l_190_2012,11,ok,5.0,10.0,15.0,40.0,30.0,0.0
l_90_2024__articolo__1,l_90_2024,l_90_2024,1,ok,15.0,20.0,10.0,40.0,10.0,5.0
l_90_2024__articolo__5,l_90_2024,l_90_2024,5,ok,5.0,0.0,10.0,45.0,10.0,30.0
l_90_2024__articolo__6,l_90_2024,l_90_2024,6,ok,18.0,15.0,10.0,32.0,10.0,15.0
l_90_2024__articolo__9,l_90_2024,l_90_2024,9,ok,5.0,10.0,10.0,45.0,5.0,25.0
l_90_2024__articolo__12,l_90_2024,l_90_2024,12,ok,35.0,10.0,15.0,25.0,5.0,10.0
l_90_2024__articolo__13,l_90_2024,l_90_2024,13,ok,25.0,25.0,20.0,20.0,10.0,0.0
l_90_2024__articolo__14,l_90_2024,l_90_2024,14,ok,10.0,5.0,25.0,0.0,10.0,50.0
l_90_2024__articolo__18,l_90_2024,l_90_2024,18,ok,5.0,0.0,35.0,0.0,10.0,50.0
l_90_2024__articolo__19,l_90_2024,l_90_2024,19,ok,0.0,10.0,15.0,30.0,20.0,25.0
l_90_2024__articolo__21,l_90_2024,l_90_2024,21,ok,0.0,0.0,0.0,30.0,20.0,50.0
l_90_2024__articolo__23,l_90_2024,l_90_2024,23,ok,0.0,0.0,0.0,15.0,20.0,65.0
l_90_2024__articolo__24,l_90_2024,l_90_2024,24,ok,8.0,12.0,10.0,35.0,10.0,25.0
l_90_2024__articolo__4,l_90_2024,l_90_2024,4,ok,12.0,14.0,18.0,36.0,20.0,0.0
l_90_2024__articolo__10,l_90_2024,l_90_2024,10,ok,35.0,0.0,0.0,25.0,20.0,20.0
l_90_2024__articolo__2,l_90_2024,l_90_2024,2,ok,10.0,0.0,0.0,55.0,35.0,0.0
l_90_2024__articolo__3,l_90_2024,l_90_2024,3,ok,5.0,0.0,5.0,85.0,5.0,0.0
l_90_2024__articolo__8,l_90_2024,l_90_2024,8,ok,0.0,15.0,20.0,65.0,0.0,0.0
l_90_2024__articolo__7,l_90_2024,l_90_2024,7,ok,45.0,10.0,5.0,20.0,20.0,0.0
l_90_2024__articolo__15,l_90_2024,l_90_2024,15,ok,30.0,15.0,10.0,20.0,20.0,5.0
l_90_2024__articolo__11,l_90_2024,l_90_2024,11,ok,5.0,10.0,15.0,45.0,10.0,15.0
l_90_2024__articolo__17,l_90_2024,l_90_2024,17,ok,5.0,5.0,10.0,45.0,35.0,0.0
l_136_2010__articolo__1,l_136_2010,l_136_2010,1,ok,15.0,5.0,0.0,20.0,45.0,15.0
l_136_2010__articolo__2,l_136_2010,l_136_2010,2,ok,12.0,8.0,5.0,60.0,15.0,0.0
l_136_2010__articolo__3,l_136_2010,l_136_2010,3,ok,5.0,0.0,0.0,20.0,45.0,30.0
l_136_2010__articolo__4,l_136_2010,l_136_2010,4,ok,5.0,10.0,0.0,15.0,25.0,45.0
l_136_2010__articolo__5,l_136_2010,l_136_2010,5,ok,5.0,10.0,0.0,55.0,30.0,0.0
l_136_2010__articolo__6,l_136_2010,l_136_2010,6,ok,15.0,0.0,10.0,65.0,5.0,5.0
l_136_2010__articolo__7,l_136_2010,l_136_2010,7,ok,10.0,0.0,15.0,35.0,30.0,10.0
l_136_2010__articolo__8,l_136_2010,l_136_2010,8,ok,5.0,20.0,15.0,35.0,5.0,20.0
dlgs_33_2013__articolo__2,dlgs_33_2013,dlgs_33_2013,2,ok,10.0,5.0,5.0,55.0,20.0,5.0
dlgs_33_2013__articolo__1,dlgs_33_2013,dlgs_33_2013,1,ok,70.0,5.0,15.0,10.0,0.0,0.0
dlgs_33_2013__articolo__3,dlgs_33_2013,dlgs_33_2013,3,ok,35.0,20.0,15.0,20.0,5.0,5.0
dlgs_33_2013__articolo__7,dlgs_33_2013,dlgs_33_2013,7,ok,20.0,10.0,5.0,55.0,10.0,0.0
dlgs_33_2013__articolo__9,dlgs_33_2013,dlgs_33_2013,9,ok,35.0,10.0,8.0,42.0,5.0,0.0
dlgs_33_2013__articolo__15,dlgs_33_2013,dlgs_33_2013,15,ok,70.0,0.0,0.0,25.0,5.0,0.0
dlgs_33_2013__articolo__14,dlgs_33_2013,dlgs_33_2013,14,ok,18.0,0.0,8.0,52.0,12.0,10.0
dlgs_33_2013__articolo__16,dlgs_33_2013,dlgs_33_2013,16,ok,20.0,0.0,0.0,65.0,10.0,5.0
dlgs_33_2013__articolo__20,dlgs_33_2013,dlgs_33_2013,20,ok,10.0,0.0,0.0,90.0,0.0,0.0
dlgs_33_2013__articolo__17,dlgs_33_2013,dlgs_33_2013,17,ok,0.0,0.0,0.0,70.0,30.0,0.0
dlgs_33_2013__articolo__21,dlgs_33_2013,dlgs_33_2013,21,ok,15.0,0.0,5.0,50.0,20.0,10.0
dlgs_33_2013__articolo__22,dlgs_33_2013,dlgs_33_2013,22,ok,12.0,18.0,10.0,52.0,8.0,0.0
dlgs_33_2013__articolo__24,dlgs_33_2013,dlgs_33_2013,24,ok,5.0,0.0,0.0,75.0,20.0,0.0
dlgs_33_2013__articolo__25,dlgs_33_2013,dlgs_33_2013,25,ok,5.0,10.0,0.0,65.0,5.0,15.0
dlgs_33_2013__articolo__26,dlgs_33_2013,dlgs_33_2013,26,ok,0.0,0.0,0.0,100.0,0.0,0.0
dlgs_33_2013__articolo__28,dlgs_33_2013,dlgs_33_2013,28,ok,15.0,10.0,20.0,40.0,10.0,5.0
dlgs_33_2013__articolo__30,dlgs_33_2013,dlgs_33_2013,30,ok,20.0,0.0,5.0,55.0,15.0,5.0
dlgs_33_2013__articolo__35,dlgs_33_2013,dlgs_33_2013,35,ok,5.0,0.0,0.0,70.0,25.0,0.0
dlgs_33_2013__articolo__32,dlgs_33_2013,dlgs_33_2013,32,ok,5.0,0.0,5.0,60.0,30.0,0.0
dlgs_33_2013__articolo__36,dlgs_33_2013,dlgs_33_2013,36,ok,20.0,18.0,22.0,32.0,8.0,0.0
dlgs_33_2013__articolo__41,dlgs_33_2013,dlgs_33_2013,41,ok,35.0,0.0,5.0,55.0,5.0,0.0
dlgs_33_2013__articolo__46,dlgs_33_2013,dlgs_33_2013,46,ok,18.0,3.0,4.0,35.0,12.0,28.0
dlgs_33_2013__articolo__53,dlgs_33_2013,dlgs_33_2013,53,ok,8.0,0.0,2.0,45.0,35.0,10.0
dlgs_33_2013__articolo__5,dlgs_33_2013,dlgs_33_2013,5,ok,10.0,0.0,15.0,60.0,0.0,15.0
dlgs_33_2013__articolo__4,dlgs_33_2013,dlgs_33_2013,4,ok,0.0,5.0,10.0,45.0,5.0,35.0
dlgs_33_2013__articolo__8,dlgs_33_2013,dlgs_33_2013,8,ok,25.0,10.0,15.0,35.0,10.0,5.0
dlgs_33_2013__articolo__6,dlgs_33_2013,dlgs_33_2013,6,ok,100.0,0.0,0.0,0.0,0.0,0.0
dlgs_97_2016__articolo__1,dlgs_97_2016,dlgs_97_2016,1,ok,15.0,20.0,10.0,0.0,35.0,20.0
dlgs_97_2016__articolo__5,dlgs_97_2016,dlgs_97_2016,5,ok,10.0,20.0,5.0,15.0,10.0,40.0
dlgs_97_2016__articolo__6,dlgs_97_2016,dlgs_97_2016,6,ok,12.0,18.0,20.0,28.0,10.0,12.0
dlgs_97_2016__articolo__10,dlgs_97_2016,dlgs_97_2016,10,ok,10.0,10.0,5.0,35.0,15.0,25.0
dlgs_97_2016__articolo__15,dlgs_97_2016,dlgs_97_2016,15,ok,0.0,0.0,10.0,25.0,10.0,55.0
dlgs_97_2016__articolo__16,dlgs_97_2016,dlgs_97_2016,16,ok,0.0,0.0,0.0,0.0,30.0,70.0
dlgs_97_2016__articolo__17,dlgs_97_2016,dlgs_97_2016,17,ok,0.0,0.0,0.0,0.0,25.0,75.0
dlgs_97_2016__articolo__25,dlgs_97_2016,dlgs_97_2016,25,ok,0.0,0.0,0.0,0.0,15.0,85.0
dlgs_97_2016__articolo__26,dlgs_97_2016,dlgs_97_2016,26,ok,0.0,0.0,15.0,0.0,20.0,65.0
dlgs_97_2016__articolo__22,dlgs_97_2016,dlgs_97_2016,22,ok,5.0,0.0,0.0,15.0,10.0,70.0
dlgs_97_2016__articolo__28,dlgs_97_2016,dlgs_97_2016,28,ok,0.0,0.0,0.0,55.0,25.0,20.0
dlgs_97_2016__articolo__30,dlgs_97_2016,dlgs_97_2016,30,ok,0.0,0.0,0.0,10.0,20.0,70.0
dlgs_97_2016__articolo__33,dlgs_97_2016,dlgs_97_2016,33,ok,10.0,0.0,0.0,0.0,0.0,90.0
dlgs_97_2016__articolo__34,dlgs_97_2016,dlgs_97_2016,34,ok,12.0,0.0,3.0,25.0,10.0,50.0
dlgs_97_2016__articolo__37,dlgs_97_2016,dlgs_97_2016,37,ok,0.0,0.0,0.0,0.0,15.0,85.0
dlgs_97_2016__articolo__40,dlgs_97_2016,dlgs_97_2016,40,ok,22.0,3.0,4.0,36.0,15.0,20.0
dlgs_97_2016__articolo__44,dlgs_97_2016,dlgs_97_2016,44,ok,5.0,0.0,0.0,35.0,40.0,20.0
dlgs_97_2016__articolo__3,dlgs_97_2016,dlgs_97_2016,3,ok,0.0,0.0,35.0,30.0,20.0,15.0
dlgs_97_2016__articolo__2,dlgs_97_2016,dlgs_97_2016,2,ok,5.0,0.0,0.0,70.0,15.0,10.0
dlgs_97_2016__articolo__4,dlgs_97_2016,dlgs_97_2016,4,ok,20.0,10.0,0.0,15.0,45.0,10.0
dlgs_218_2012__articolo__4,dlgs_218_2012,dlgs_218_2012,4,ok,5.0,10.0,10.0,20.0,25.0,30.0
dlgs_218_2012__articolo__7,dlgs_218_2012,dlgs_218_2012,7,ok,5.0,0.0,0.0,15.0,10.0,70.0
dlgs_218_2012__articolo__10,dlgs_218_2012,dlgs_218_2012,10,ok,18.0,12.0,15.0,43.0,8.0,4.0
dlgs_218_2012__articolo__1,dlgs_218_2012,dlgs_218_2012,1,ok,30.0,25.0,15.0,20.0,0.0,10.0
dlgs_218_2012__articolo__2,dlgs_218_2012,dlgs_218_2012,2,ok,20.0,5.0,0.0,10.0,65.0,0.0
dlgs_218_2012__articolo__3,dlgs_218_2012,dlgs_218_2012,3,ok,15.0,5.0,10.0,30.0,35.0,5.0
dlgs_218_2012__articolo__6,dlgs_218_2012,dlgs_218_2012,6,ok,5.0,0.0,30.0,25.0,35.0,5.0
dlgs_228_2011__articolo__9,dlgs_228_2011,dlgs_228_2011,9,ok,5.0,0.0,0.0,55.0,35.0,5.0
dlgs_228_2011__articolo__3,dlgs_228_2011,dlgs_228_2011,3,ok,10.0,0.0,0.0,70.0,20.0,0.0
dlgs_228_2011__articolo__4,dlgs_228_2011,dlgs_228_2011,4,ok,10.0,0.0,5.0,55.0,20.0,10.0
dlgs_228_2011__articolo__5,dlgs_228_2011,dlgs_228_2011,5,ok,20.0,0.0,5.0,50.0,25.0,0.0
dlgs_228_2011__articolo__1,dlgs_228_2011,dlgs_228_2011,1,ok,20.0,10.0,0.0,25.0,45.0,0.0
dlgs_228_2011__articolo__2,dlgs_228_2011,dlgs_228_2011,2,ok,10.0,20.0,15.0,35.0,15.0,5.0
dlgs_228_2011__articolo__6,dlgs_228_2011,dlgs_228_2011,6,ok,2.0,0.0,8.0,20.0,0.0,70.0
dlgs_229_2011__articolo__9,dlgs_229_2011,dlgs_229_2011,9,ok,15.0,0.0,0.0,55.0,25.0,5.0
dlgs_229_2011__articolo__3,dlgs_229_2011,dlgs_229_2011,3,ok,0.0,0.0,0.0,70.0,30.0,0.0
dlgs_229_2011__articolo__4,dlgs_229_2011,dlgs_229_2011,4,ok,15.0,0.0,10.0,60.0,15.0,0.0
dlgs_229_2011__articolo__5,dlgs_229_2011,dlgs_229_2011,5,ok,35.0,0.0,5.0,25.0,30.0,5.0
dlgs_229_2011__articolo__1,dlgs_229_2011,dlgs_229_2011,1,ok,45.0,20.0,0.0,15.0,20.0,0.0
dlgs_229_2011__articolo__2,dlgs_229_2011,dlgs_229_2011,2,ok,15.0,10.0,5.0,55.0,10.0,5.0
dlgs_229_2011__articolo__6,dlgs_229_2011,dlgs_229_2011,6,ok,2.0,0.0,0.0,30.0,8.0,60.0
32006L0123__articolo__1,32006L0123,32006L0123,1,ok,45.0,30.0,15.0,0.0,10.0,0.0
32006L0123__articolo__2,32006L0123,32006L0123,2,ok,0.0,95.0,3.0,0.0,2.0,0.0
32006L0123__articolo__3,32006L0123,32006L0123,3,ok,25.0,15.0,10.0,0.0,50.0,0.0
32006L0123__articolo__4,32006L0123,32006L0123,4,ok,18.0,4.0,6.0,2.0,70.0,0.0
32006L0123__articolo__5,32006L0123,32006L0123,5,ok,10.0,10.0,15.0,40.0,25.0,0.0
32006L0123__articolo__6,32006L0123,32006L0123,6,ok,10.0,0.0,0.0,90.0,0.0,0.0
32006L0123__articolo__7,32006L0123,32006L0123,7,ok,10.0,0.0,5.0,75.0,0.0,10.0
32006L0123__articolo__8,32006L0123,32006L0123,8,ok,15.0,15.0,20.0,35.0,10.0,5.0
32006L0123__articolo__9,32006L0123,32006L0123,9,ok,20.0,0.0,35.0,25.0,20.0,0.0
32006L0123__articolo__10,32006L0123,32006L0123,10,ok,55.0,5.0,10.0,25.0,5.0,0.0
32006L0123__articolo__11,32006L0123,32006L0123,11,ok,25.0,0.0,35.0,20.0,10.0,10.0
32006L0123__articolo__12,32006L0123,32006L0123,12,ok,10.0,20.0,25.0,45.0,0.0,0.0
32006L0123__articolo__13,32006L0123,32006L0123,13,ok,10.0,0.0,5.0,85.0,0.0,0.0
32006L0123__articolo__14,32006L0123,32006L0123,14,ok,10.0,0.0,75.0,15.0,0.0,0.0
32006L0123__articolo__15,32006L0123,32006L0123,15,ok,35.0,0.0,10.0,45.0,10.0,0.0
32006L0123__articolo__16,32006L0123,32006L0123,16,ok,55.0,0.0,20.0,15.0,10.0,0.0
32006L0123__articolo__17,32006L0123,32006L0123,17,ok,0.0,70.0,20.0,0.0,10.0,0.0
32006L0123__articolo__18,32006L0123,32006L0123,18,ok,0.0,0.0,80.0,15.0,5.0,0.0
32006L0123__articolo__19,32006L0123,32006L0123,19,ok,10.0,15.0,75.0,0.0,0.0,0.0
32006L0123__articolo__20,32006L0123,32006L0123,20,ok,40.0,0.0,20.0,40.0,0.0,0.0
32006L0123__articolo__21,32006L0123,32006L0123,21,ok,15.0,0.0,0.0,55.0,10.0,20.0
32006L0123__articolo__22,32006L0123,32006L0123,22,ok,10.0,0.0,5.0,65.0,15.0,5.0
32006L0123__articolo__23,32006L0123,32006L0123,23,ok,15.0,0.0,20.0,25.0,15.0,25.0
32006L0123__articolo__24,32006L0123,32006L0123,24,ok,25.0,0.0,0.0,65.0,10.0,0.0
32006L0123__articolo__25,32006L0123,32006L0123,25,ok,30.0,0.0,35.0,30.0,5.0,0.0
32006L0123__articolo__26,32006L0123,32006L0123,26,ok,18.0,0.0,0.0,72.0,10.0,0.0
32006L0123__articolo__27,32006L0123,32006L0123,27,ok,10.0,0.0,5.0,70.0,15.0,0.0
32006L0123__articolo__28,32006L0123,32006L0123,28,ok,12.0,0.0,0.0,68.0,20.0,0.0
32006L0123__articolo__29,32006L0123,32006L0123,29,ok,10.0,0.0,0.0,80.0,10.0,0.0
32006L0123__articolo__30,32006L0123,32006L0123,30,ok,20.0,10.0,0.0,40.0,30.0,0.0
32006L0123__articolo__31,32006L0123,32006L0123,31,ok,10.0,0.0,0.0,75.0,15.0,0.0
32006L0123__articolo__32,32006L0123,32006L0123,32,ok,10.0,0.0,0.0,65.0,15.0,10.0
32006L0123__articolo__33,32006L0123,32006L0123,33,ok,5.0,0.0,10.0,70.0,10.0,5.0
32006L0123__articolo__34,32006L0123,32006L0123,34,ok,10.0,0.0,0.0,85.0,0.0,5.0
32006L0123__articolo__35,32006L0123,32006L0123,35,ok,10.0,0.0,20.0,60.0,10.0,0.0
32006L0123__articolo__36,32006L0123,32006L0123,36,ok,0.0,0.0,0.0,50.0,30.0,20.0
32006L0123__articolo__37,32006L0123,32006L0123,37,ok,5.0,0.0,0.0,80.0,15.0,0.0
32006L0123__articolo__38,32006L0123,32006L0123,38,ok,10.0,0.0,0.0,50.0,0.0,40.0
32006L0123__articolo__39,32006L0123,32006L0123,39,ok,5.0,0.0,0.0,85.0,10.0,0.0
32006L0123__articolo__40,32006L0123,32006L0123,40,ok,5.0,0.0,0.0,25.0,70.0,0.0
32006L0123__articolo__41,32006L0123,32006L0123,41,ok,20.0,25.0,0.0,35.0,15.0,5.0
32006L0123__articolo__42,32006L0123,32006L0123,42,ok,0.0,0.0,0.0,0.0,10.0,90.0
32006L0123__articolo__43,32006L0123,32006L0123,43,ok,0.0,0.0,0.0,25.0,75.0,0.0
32006L0123__articolo__44,32006L0123,32006L0123,44,ok,0.0,0.0,0.0,80.0,20.0,0.0
32006L0123__articolo__45,32006L0123,32006L0123,45,ok,0.0,0.0,0.0,100.0,0.0,0.0
32006L0123__articolo__46,32006L0123,32006L0123,46,ok,10.0,90.0,0.0,0.0,0.0,0.0
32014L0023__articolo__1,32014L0023,32014L0023,1,ok,29.41,41.18,11.76,0.0,17.65,0.0
32014L0023__articolo__2,32014L0023,32014L0023,2,ok,70.0,5.0,0.0,10.0,5.0,10.0
32014L0023__articolo__3,32014L0023,32014L0023,3,ok,85.0,5.0,0.0,10.0,0.0,0.0
32014L0023__articolo__4,32014L0023,32014L0023,4,ok,20.0,55.0,5.0,5.0,15.0,0.0
32014L0023__articolo__5,32014L0023,32014L0023,5,ok,75.0,0.0,0.0,0.0,25.0,0.0
32014L0023__articolo__6,32014L0023,32014L0023,6,ok,70.0,0.0,0.0,0.0,30.0,0.0
32014L0023__articolo__7,32014L0023,32014L0023,7,ok,55.0,20.0,10.0,5.0,5.0,5.0
32014L0023__articolo__8,32014L0023,32014L0023,8,ok,16.67,22.22,16.67,44.44,0.0,0.0
32014L0023__articolo__9,32014L0023,32014L0023,9,ok,5.0,0.0,5.0,55.0,30.0,5.0
32014L0023__articolo__10,32014L0023,32014L0023,10,ok,0.0,70.0,18.0,5.0,7.0,0.0
32014L0023__articolo__11,32014L0023,32014L0023,11,ok,0.0,90.0,0.0,0.0,10.0,0.0
32014L0023__articolo__12,32014L0023,32014L0023,12,ok,0.0,100.0,0.0,0.0,0.0,0.0
32014L0023__articolo__13,32014L0023,32014L0023,13,ok,20.0,10.0,25.0,35.0,10.0,0.0
32014L0023__articolo__14,32014L0023,32014L0023,14,ok,0.0,35.0,55.0,0.0,10.0,0.0
32014L0023__articolo__15,32014L0023,32014L0023,15,ok,0.0,0.0,0.0,70.0,30.0,0.0
32014L0023__articolo__16,32014L0023,32014L0023,16,ok,0.0,55.0,5.0,0.0,40.0,0.0
32014L0023__articolo__17,32014L0023,32014L0023,17,ok,15.0,45.0,25.0,15.0,0.0,0.0
32014L0023__articolo__18,32014L0023,32014L0023,18,ok,35.0,0.0,0.0,65.0,0.0,0.0
32014L0023__articolo__19,32014L0023,32014L0023,19,ok,5.0,20.0,15.0,0.0,60.0,0.0
32014L0023__articolo__20,32014L0023,32014L0023,20,ok,35.0,10.0,15.0,20.0,20.0,0.0
32014L0023__articolo__21,32014L0023,32014L0023,21,ok,10.0,25.0,30.0,5.0,30.0,0.0
32014L0023__articolo__22,32014L0023,32014L0023,22,ok,10.0,15.0,25.0,20.0,30.0,0.0
32014L0023__articolo__23,32014L0023,32014L0023,23,ok,15.0,20.0,35.0,10.0,20.0,0.0
32014L0023__articolo__24,32014L0023,32014L0023,24,ok,20.0,10.0,55.0,0.0,15.0,0.0
32014L0023__articolo__25,32014L0023,32014L0023,25,ok,0.0,80.0,20.0,0.0,0.0,0.0
32014L0023__articolo__26,32014L0023,32014L0023,26,ok,35.0,0.0,20.0,35.0,10.0,0.0
32014L0023__articolo__27,32014L0023,32014L0023,27,ok,0.0,0.0,0.0,20.0,40.0,40.0
32014L0023__articolo__28,32014L0023,32014L0023,28,ok,15.0,10.0,35.0,20.0,20.0,0.0
32014L0023__articolo__29,32014L0023,32014L0023,29,ok,10.0,0.0,20.0,70.0,0.0,0.0
32014L0023__articolo__30,32014L0023,32014L0023,30,ok,55.0,0.0,0.0,15.0,15.0,15.0
32014L0023__articolo__31,32014L0023,32014L0023,31,ok,10.0,15.0,40.0,25.0,10.0,0.0
32014L0023__articolo__32,32014L0023,32014L0023,32,ok,0.0,0.0,15.0,55.0,20.0,10.0
32014L0023__articolo__33,32014L0023,32014L0023,33,ok,8.0,0.0,6.0,72.0,14.0,0.0
32014L0023__articolo__34,32014L0023,32014L0023,34,ok,5.0,0.0,25.0,70.0,0.0,0.0
32014L0023__articolo__35,32014L0023,32014L0023,35,ok,55.0,0.0,15.0,30.0,0.0,0.0
32014L0023__articolo__36,32014L0023,32014L0023,36,ok,45.0,0.0,20.0,35.0,0.0,0.0
32014L0023__articolo__37,32014L0023,32014L0023,37,ok,12.0,0.0,8.0,45.0,30.0,5.0
32014L0023__articolo__38,32014L0023,32014L0023,38,ok,5.0,10.0,8.0,57.0,20.0,0.0
32014L0023__articolo__39,32014L0023,32014L0023,39,ok,0.0,0.0,10.0,90.0,0.0,0.0
32014L0023__articolo__40,32014L0023,32014L0023,40,ok,5.0,0.0,20.0,75.0,0.0,0.0
32014L0023__articolo__41,32014L0023,32014L0023,41,ok,10.0,0.0,20.0,50.0,20.0,0.0
32014L0023__articolo__42,32014L0023,32014L0023,42,ok,12.0,10.0,18.0,42.0,18.0,0.0
32014L0023__articolo__43,32014L0023,32014L0023,43,ok,8.0,10.0,32.0,14.0,6.0,30.0
32014L0023__articolo__44,32014L0023,32014L0023,44,ok,15.0,5.0,35.0,10.0,35.0,0.0
32014L0023__articolo__45,32014L0023,32014L0023,45,ok,25.0,0.0,0.0,55.0,20.0,0.0
32014L0023__articolo__46,32014L0023,32014L0023,46,ok,5.0,15.0,10.0,30.0,15.0,25.0
32014L0023__articolo__47,32014L0023,32014L0023,47,ok,12.0,18.0,8.0,40.0,10.0,12.0
32014L0023__articolo__48,32014L0023,32014L0023,48,ok,20.0,0.0,5.0,35.0,35.0,5.0
32014L0023__articolo__49,32014L0023,32014L0023,49,ok,10.0,0.0,35.0,40.0,15.0,0.0
32014L0023__articolo__50,32014L0023,32014L0023,50,ok,0.0,0.0,0.0,30.0,70.0,0.0
32014L0023__articolo__51,32014L0023,32014L0023,51,ok,0.0,0.0,0.0,85.0,15.0,0.0
32014L0023__articolo__52,32014L0023,32014L0023,52,ok,0.0,0.0,0.0,0.0,100.0,0.0
32014L0023__articolo__53,32014L0023,32014L0023,53,ok,10.0,15.0,5.0,50.0,15.0,5.0
32014L0023__articolo__54,32014L0023,32014L0023,54,ok,10.0,70.0,20.0,0.0,0.0,0.0
32014L0023__articolo__55,32014L0023,32014L0023,55,ok,0.0,100.0,0.0,0.0,0.0,0.0
32014L0024__articolo__1,32014L0024,32014L0024,1,ok,45.0,25.0,20.0,0.0,10.0,0.0
32014L0024__articolo__2,32014L0024,32014L0024,2,ok,0.0,0.0,0.0,65.0,25.0,10.0
32014L0024__articolo__3,32014L0024,32014L0024,3,ok,25.0,10.0,15.0,20.0,25.0,5.0
32014L0024__articolo__4,32014L0024,32014L0024,4,ok,5.0,70.0,10.0,0.0,15.0,0.0
32014L0024__articolo__5,32014L0024,32014L0024,5,ok,8.0,12.0,10.0,62.0,8.0,0.0
32014L0024__articolo__6,32014L0024,32014L0024,6,ok,10.0,0.0,0.0,45.0,25.0,20.0
32014L0024__articolo__7,32014L0024,32014L0024,7,ok,10.0,55.0,20.0,0.0,15.0,0.0
32014L0024__articolo__8,32014L0024,32014L0024,8,ok,0.0,80.0,0.0,0.0,20.0,0.0
32014L0024__articolo__9,32014L0024,32014L0024,9,ok,5.0,60.0,15.0,5.0,15.0,0.0
32014L0024__articolo__10,32014L0024,32014L0024,10,ok,0.0,90.0,5.0,0.0,5.0,0.0
32014L0024__articolo__11,32014L0024,32014L0024,11,ok,0.0,85.0,0.0,0.0,15.0,0.0
32014L0024__articolo__12,32014L0024,32014L0024,12,ok,10.0,40.0,22.5,27.5,0.0,0.0
32014L0024__articolo__13,32014L0024,32014L0024,13,ok,10.0,75.0,0.0,15.0,0.0,0.0
32014L0024__articolo__14,32014L0024,32014L0024,14,ok,0.0,80.0,20.0,0.0,0.0,0.0
32014L0024__articolo__15,32014L0024,32014L0024,15,ok,10.0,50.0,40.0,0.0,0.0,0.0
32014L0024__articolo__16,32014L0024,32014L0024,16,ok,15.0,25.0,35.0,5.0,20.0,0.0
32014L0024__articolo__17,32014L0024,32014L0024,17,ok,5.0,75.0,10.0,5.0,5.0,0.0
32014L0024__articolo__18,32014L0024,32014L0024,18,ok,55.0,10.0,15.0,15.0,5.0,0.0
32014L0024__articolo__19,32014L0024,32014L0024,19,ok,25.0,10.0,15.0,40.0,10.0,0.0
32014L0024__articolo__20,32014L0024,32014L0024,20,ok,10.0,0.0,55.0,15.0,20.0,0.0
32014L0024__articolo__21,32014L0024,32014L0024,21,ok,5.0,10.0,45.0,20.0,20.0,0.0
32014L0024__articolo__22,32014L0024,32014L0024,22,ok,8.0,7.0,28.0,42.0,10.0,5.0
32014L0024__articolo__23,32014L0024,32014L0024,23,ok,5.0,0.0,0.0,10.0,55.0,30.0
32014L0024__articolo__24,32014L0024,32014L0024,24,ok,55.0,0.0,0.0,45.0,0.0,0.0
32014L0024__articolo__25,32014L0024,32014L0024,25,ok,5.0,0.0,10.0,0.0,85.0,0.0
32014L0024__articolo__26,32014L0024,32014L0024,26,ok,5.0,0.0,20.0,55.0,20.0,0.0
32014L0024__articolo__27,32014L0024,32014L0024,27,ok,5.0,0.0,35.0,45.0,15.0,0.0
32014L0024__articolo__28,32014L0024,32014L0024,28,ok,5.0,0.0,25.0,55.0,15.0,0.0
32014L0024__articolo__29,32014L0024,32014L0024,29,ok,10.0,0.0,10.0,60.0,20.0,0.0
32014L0024__articolo__30,32014L0024,32014L0024,30,ok,15.0,5.0,10.0,65.0,5.0,0.0
32014L0024__articolo__31,32014L0024,32014L0024,31,ok,20.0,5.0,10.0,45.0,20.0,0.0
32014L0024__articolo__32,32014L0024,32014L0024,32,ok,5.0,10.0,55.0,25.0,5.0,0.0
32014L0024__articolo__33,32014L0024,32014L0024,33,ok,35.0,5.0,15.0,45.0,0.0,0.0
32014L0024__articolo__34,32014L0024,32014L0024,34,ok,18.0,5.0,7.0,55.0,15.0,0.0
32014L0024__articolo__35,32014L0024,32014L0024,35,ok,8.0,10.0,12.0,55.0,15.0,0.0
32014L0024__articolo__36,32014L0024,32014L0024,36,ok,5.0,0.0,10.0,60.0,20.0,5.0
32014L0024__articolo__37,32014L0024,32014L0024,37,ok,35.0,10.0,5.0,40.0,10.0,0.0
32014L0024__articolo__38,32014L0024,32014L0024,38,ok,5.0,0.0,0.0,90.0,0.0,5.0
32014L0024__articolo__39,32014L0024,32014L0024,39,ok,6.0,10.0,12.0,52.0,20.0,0.0
32014L0024__articolo__40,32014L0024,32014L0024,40,ok,10.0,0.0,20.0,70.0,0.0,0.0
32014L0024__articolo__41,32014L0024,32014L0024,41,ok,10.0,0.0,20.0,55.0,15.0,0.0
32014L0024__articolo__42,32014L0024,32014L0024,42,ok,10.0,0.0,15.0,45.0,25.0,5.0
32014L0024__articolo__43,32014L0024,32014L0024,43,ok,2.0,0.0,18.0,62.0,18.0,0.0
32014L0024__articolo__44,32014L0024,32014L0024,44,ok,5.0,0.0,25.0,45.0,25.0,0.0
32014L0024__articolo__45,32014L0024,32014L0024,45,ok,15.0,0.0,20.0,65.0,0.0,0.0
32014L0024__articolo__46,32014L0024,32014L0024,46,ok,10.0,0.0,20.0,45.0,15.0,10.0
32014L0024__articolo__47,32014L0024,32014L0024,47,ok,5.0,0.0,15.0,60.0,20.0,0.0
32014L0024__articolo__48,32014L0024,32014L0024,48,ok,12.0,0.0,18.0,45.0,20.0,5.0
32014L0024__articolo__49,32014L0024,32014L0024,49,ok,5.0,0.0,15.0,50.0,30.0,0.0
32014L0024__articolo__50,32014L0024,32014L0024,50,ok,0.0,0.0,15.0,70.0,15.0,0.0
32014L0024__articolo__51,32014L0024,32014L0024,51,ok,5.0,0.0,5.0,70.0,15.0,5.0
32014L0024__articolo__52,32014L0024,32014L0024,52,ok,5.0,0.0,20.0,40.0,35.0,0.0
32014L0024__articolo__53,32014L0024,32014L0024,53,ok,10.0,5.0,20.0,45.0,20.0,0.0
32014L0024__articolo__54,32014L0024,32014L0024,54,ok,5.0,10.0,15.0,60.0,10.0,0.0
32014L0024__articolo__55,32014L0024,32014L0024,55,ok,5.0,0.0,20.0,75.0,0.0,0.0
32014L0024__articolo__56,32014L0024,32014L0024,56,ok,20.0,10.0,10.0,25.0,25.0,10.0
32014L0024__articolo__57,32014L0024,32014L0024,57,ok,10.0,5.0,10.0,55.0,20.0,0.0
32014L0024__articolo__58,32014L0024,32014L0024,58,ok,20.0,0.0,10.0,50.0,10.0,10.0
32014L0024__articolo__59,32014L0024,32014L0024,59,ok,15.0,10.0,10.0,55.0,10.0,0.0
32014L0024__articolo__60,32014L0024,32014L0024,60,ok,10.0,5.0,15.0,45.0,25.0,0.0
32014L0024__articolo__61,32014L0024,32014L0024,61,ok,0.0,0.0,0.0,55.0,45.0,0.0
32014L0024__articolo__62,32014L0024,32014L0024,62,ok,15.0,0.0,25.0,40.0,20.0,0.0
32014L0024__articolo__63,32014L0024,32014L0024,63,ok,5.0,10.0,35.0,40.0,10.0,0.0
32014L0024__articolo__64,32014L0024,32014L0024,64,ok,22.0,3.0,10.0,40.0,18.0,7.0
32014L0024__articolo__65,32014L0024,32014L0024,65,ok,0.0,0.0,15.0,75.0,10.0,0.0
32014L0024__articolo__66,32014L0024,32014L0024,66,ok,10.0,0.0,15.0,45.0,30.0,0.0
32014L0024__articolo__67,32014L0024,32014L0024,67,ok,45.0,5.0,10.0,35.0,5.0,0.0
32014L0024__articolo__68,32014L0024,32014L0024,68,ok,20.0,0.0,10.0,45.0,20.0,5.0
32014L0024__articolo__69,32014L0024,32014L0024,69,ok,5.0,0.0,20.0,55.0,20.0,0.0
32014L0024__articolo__70,32014L0024,32014L0024,70,ok,0.0,0.0,20.0,50.0,30.0,0.0
32014L0024__articolo__71,32014L0024,32014L0024,71,ok,8.0,7.0,18.0,47.0,20.0,0.0
32014L0024__articolo__72,32014L0024,32014L0024,72,ok,10.0,5.0,45.0,15.0,5.0,20.0
32014L0024__articolo__73,32014L0024,32014L0024,73,ok,5.0,0.0,15.0,35.0,45.0,0.0
32014L0024__articolo__74,32014L0024,32014L0024,74,ok,0.0,20.0,0.0,30.0,50.0,0.0
32014L0024__articolo__75,32014L0024,32014L0024,75,ok,10.0,10.0,15.0,35.0,30.0,0.0
32014L0024__articolo__76,32014L0024,32014L0024,76,ok,45.0,0.0,0.0,55.0,0.0,0.0
32014L0024__articolo__77,32014L0024,32014L0024,77,ok,10.0,25.0,40.0,20.0,5.0,0.0
32014L0024__articolo__78,32014L0024,32014L0024,78,ok,0.0,45.0,10.0,15.0,30.0,0.0
32014L0024__articolo__79,32014L0024,32014L0024,79,ok,5.0,0.0,10.0,50.0,30.0,5.0
32014L0024__articolo__80,32014L0024,32014L0024,80,ok,10.0,25.0,20.0,35.0,10.0,0.0
32014L0024__articolo__81,32014L0024,32014L0024,81,ok,20.0,0.0,0.0,80.0,0.0,0.0
32014L0024__articolo__82,32014L0024,32014L0024,82,ok,5.0,0.0,0.0,90.0,5.0,0.0
32014L0024__articolo__83,32014L0024,32014L0024,83,ok,20.0,0.0,5.0,60.0,10.0,5.0
32014L0024__articolo__84,32014L0024,32014L0024,84,ok,8.0,7.0,10.0,60.0,15.0,0.0
32014L0024__articolo__85,32014L0024,32014L0024,85,ok,5.0,0.0,0.0,65.0,30.0,0.0
32014L0024__articolo__86,32014L0024,32014L0024,86,ok,15.0,0.0,0.0,45.0,35.0,5.0
32014L0024__articolo__87,32014L0024,32014L0024,87,ok,35.0,0.0,10.0,40.0,15.0,0.0
32014L0024__articolo__88,32014L0024,32014L0024,88,ok,0.0,0.0,25.0,45.0,25.0,5.0
32014L0024__articolo__89,32014L0024,32014L0024,89,ok,0.0,0.0,0.0,35.0,65.0,0.0
32014L0024__articolo__90,32014L0024,32014L0024,90,ok,5.0,0.0,35.0,45.0,10.0,5.0
32014L0024__articolo__91,32014L0024,32014L0024,91,ok,0.0,0.0,0.0,0.0,40.0,60.0
32014L0024__articolo__92,32014L0024,32014L0024,92,ok,5.0,0.0,0.0,45.0,20.0,30.0
32014L0024__articolo__93,32014L0024,32014L0024,93,ok,0.0,0.0,0.0,100.0,0.0,0.0
32014L0024__articolo__94,32014L0024,32014L0024,94,ok,0.0,100.0,0.0,0.0,0.0,0.0
32014L0025__articolo__1,32014L0025,32014L0025,1,ok,35.0,40.0,15.0,0.0,10.0,0.0
32014L0025__articolo__2,32014L0025,32014L0025,2,ok,15.0,0.0,5.0,0.0,25.0,55.0
32014L0025__articolo__3,32014L0025,32014L0025,3,ok,40.0,5.0,0.0,20.0,35.0,0.0
32014L0025__articolo__4,32014L0025,32014L0025,4,ok,35.0,20.0,15.0,0.0,25.0,5.0
32014L0025__articolo__5,32014L0025,32014L0025,5,ok,5.0,10.0,25.0,40.0,20.0,0.0
32014L0025__articolo__6,32014L0025,32014L0025,6,ok,10.0,15.0,20.0,20.0,25.0,10.0
32014L0025__articolo__7,32014L0025,32014L0025,7,ok,0.0,20.0,25.0,0.0,55.0,0.0
32014L0025__articolo__8,32014L0025,32014L0025,8,ok,5.0,35.0,55.0,5.0,0.0,0.0
32014L0025__articolo__9,32014L0025,32014L0025,9,ok,0.0,20.0,35.0,15.0,30.0,0.0
32014L0025__articolo__10,32014L0025,32014L0025,10,ok,0.0,55.0,35.0,0.0,10.0,0.0
32014L0025__articolo__11,32014L0025,32014L0025,11,ok,10.0,85.0,0.0,5.0,0.0,0.0
32014L0025__articolo__12,32014L0025,32014L0025,12,ok,0.0,100.0,0.0,0.0,0.0,0.0
32014L0025__articolo__13,32014L0025,32014L0025,13,ok,18.0,32.0,5.0,10.0,25.0,10.0
32014L0025__articolo__14,32014L0025,32014L0025,14,ok,0.0,90.0,0.0,0.0,10.0,0.0
32014L0025__articolo__15,32014L0025,32014L0025,15,ok,5.0,45.0,20.0,0.0,30.0,0.0
32014L0025__articolo__16,32014L0025,32014L0025,16,ok,18.0,8.0,14.0,54.0,6.0,0.0
32014L0025__articolo__17,32014L0025,32014L0025,17,ok,5.0,0.0,0.0,45.0,20.0,30.0
32014L0025__articolo__18,32014L0025,32014L0025,18,ok,0.0,70.0,15.0,15.0,0.0,0.0
32014L0025__articolo__19,32014L0025,32014L0025,19,ok,10.0,70.0,0.0,20.0,0.0,0.0
32014L0025__articolo__20,32014L0025,32014L0025,20,ok,5.0,55.0,15.0,10.0,15.0,0.0
32014L0025__articolo__21,32014L0025,32014L0025,21,ok,0.0,85.0,10.0,0.0,5.0,0.0
32014L0025__articolo__22,32014L0025,32014L0025,22,ok,0.0,55.0,20.0,0.0,25.0,0.0
32014L0025__articolo__23,32014L0025,32014L0025,23,ok,0.0,80.0,10.0,0.0,10.0,0.0
32014L0025__articolo__24,32014L0025,32014L0025,24,ok,0.0,40.0,60.0,0.0,0.0,0.0
32014L0025__articolo__25,32014L0025,32014L0025,25,ok,35.0,10.0,30.0,5.0,20.0,0.0
32014L0025__articolo__26,32014L0025,32014L0025,26,ok,5.0,20.0,40.0,10.0,25.0,0.0
32014L0025__articolo__27,32014L0025,32014L0025,27,ok,0.0,55.0,20.0,10.0,15.0,0.0
32014L0025__articolo__28,32014L0025,32014L0025,28,ok,5.0,55.0,10.0,20.0,10.0,0.0
32014L0025__articolo__29,32014L0025,32014L0025,29,ok,35.0,10.0,20.0,25.0,10.0,0.0
32014L0025__articolo__30,32014L0025,32014L0025,30,ok,0.0,25.0,55.0,0.0,20.0,0.0
32014L0025__articolo__31,32014L0025,32014L0025,31,ok,0.0,0.0,0.0,55.0,45.0,0.0
32014L0025__articolo__32,32014L0025,32014L0025,32,ok,0.0,70.0,30.0,0.0,0.0,0.0
32014L0025__articolo__33,32014L0025,32014L0025,33,ok,5.0,35.0,20.0,10.0,30.0,0.0
32014L0025__articolo__34,32014L0025,32014L0025,34,ok,5.0,35.0,30.0,15.0,15.0,0.0
32014L0025__articolo__35,32014L0025,32014L0025,35,ok,5.0,15.0,20.0,35.0,20.0,5.0
32014L0025__articolo__36,32014L0025,32014L0025,36,ok,70.0,10.0,5.0,15.0,0.0,0.0
32014L0025__articolo__37,32014L0025,32014L0025,37,ok,12.0,18.0,22.0,30.0,18.0,0.0
32014L0025__articolo__38,32014L0025,32014L0025,38,ok,5.0,15.0,40.0,20.0,20.0,0.0
32014L0025__articolo__39,32014L0025,32014L0025,39,ok,5.0,10.0,25.0,40.0,20.0,0.0
32014L0025__articolo__40,32014L0025,32014L0025,40,ok,12.0,4.0,18.0,48.0,8.0,10.0
32014L0025__articolo__41,32014L0025,32014L0025,41,ok,5.0,0.0,0.0,15.0,50.0,30.0
32014L0025__articolo__42,32014L0025,32014L0025,42,ok,15.0,0.0,0.0,85.0,0.0,0.0
32014L0025__articolo__43,32014L0025,32014L0025,43,ok,10.0,15.0,0.0,5.0,70.0,0.0
32014L0025__articolo__44,32014L0025,32014L0025,44,ok,12.0,0.0,18.0,30.0,25.0,15.0
32014L0025__articolo__45,32014L0025,32014L0025,45,ok,10.0,0.0,30.0,45.0,15.0,0.0
32014L0025__articolo__46,32014L0025,32014L0025,46,ok,5.0,0.0,10.0,80.0,5.0,0.0
32014L0025__articolo__47,32014L0025,32014L0025,47,ok,5.0,0.0,0.0,75.0,20.0,0.0
32014L0025__articolo__48,32014L0025,32014L0025,48,ok,18.0,4.0,10.0,58.0,10.0,0.0
32014L0025__articolo__49,32014L0025,32014L0025,49,ok,15.0,5.0,10.0,55.0,10.0,5.0
32014L0025__articolo__50,32014L0025,32014L0025,50,ok,5.0,10.0,60.0,20.0,5.0,0.0
32014L0025__articolo__51,32014L0025,32014L0025,51,ok,35.0,0.0,10.0,55.0,0.0,0.0
32014L0025__articolo__52,32014L0025,32014L0025,52,ok,15.0,5.0,15.0,55.0,10.0,0.0
32014L0025__articolo__53,32014L0025,32014L0025,53,ok,5.0,10.0,5.0,65.0,15.0,0.0
32014L0025__articolo__54,32014L0025,32014L0025,54,ok,5.0,0.0,8.0,72.0,15.0,0.0
32014L0025__articolo__55,32014L0025,32014L0025,55,ok,25.0,0.0,10.0,45.0,20.0,0.0
32014L0025__articolo__56,32014L0025,32014L0025,56,ok,25.0,0.0,5.0,70.0,0.0,0.0
32014L0025__articolo__57,32014L0025,32014L0025,57,ok,30.0,10.0,5.0,45.0,10.0,0.0
32014L0025__articolo__58,32014L0025,32014L0025,58,ok,10.0,0.0,15.0,75.0,0.0,0.0
32014L0025__articolo__59,32014L0025,32014L0025,59,ok,15.0,10.0,20.0,45.0,10.0,0.0
32014L0025__articolo__60,32014L0025,32014L0025,60,ok,5.0,0.0,15.0,45.0,25.0,10.0
32014L0025__articolo__61,32014L0025,32014L0025,61,ok,10.0,0.0,25.0,55.0,10.0,0.0
32014L0025__articolo__62,32014L0025,32014L0025,62,ok,15.0,5.0,20.0,45.0,15.0,0.0
32014L0025__articolo__63,32014L0025,32014L0025,63,ok,10.0,5.0,15.0,50.0,20.0,0.0
32014L0025__articolo__64,32014L0025,32014L0025,64,ok,0.0,10.0,25.0,65.0,0.0,0.0
32014L0025__articolo__65,32014L0025,32014L0025,65,ok,55.0,0.0,15.0,30.0,0.0,0.0
32014L0025__articolo__66,32014L0025,32014L0025,66,ok,0.0,0.0,0.0,75.0,25.0,0.0
32014L0025__articolo__67,32014L0025,32014L0025,67,ok,0.0,0.0,10.0,55.0,25.0,10.0
32014L0025__articolo__68,32014L0025,32014L0025,68,ok,10.0,0.0,0.0,70.0,20.0,0.0
32014L0025__articolo__69,32014L0025,32014L0025,69,ok,10.0,0.0,0.0,40.0,50.0,0.0
32014L0025__articolo__70,32014L0025,32014L0025,70,ok,5.0,0.0,20.0,45.0,25.0,5.0
32014L0025__articolo__71,32014L0025,32014L0025,71,ok,15.0,0.0,3.0,52.0,30.0,0.0
32014L0025__articolo__72,32014L0025,32014L0025,72,ok,0.0,0.0,15.0,35.0,50.0,0.0
32014L0025__articolo__73,32014L0025,32014L0025,73,ok,5.0,0.0,20.0,55.0,20.0,0.0
32014L0025__articolo__74,32014L0025,32014L0025,74,ok,0.0,0.0,0.0,80.0,20.0,0.0
32014L0025__articolo__75,32014L0025,32014L0025,75,ok,5.0,0.0,10.0,65.0,15.0,5.0
32014L0025__articolo__76,32014L0025,32014L0025,76,ok,18.0,8.0,14.0,34.0,18.0,8.0
32014L0025__articolo__77,32014L0025,32014L0025,77,ok,20.0,0.0,0.0,65.0,15.0,0.0
32014L0025__articolo__78,32014L0025,32014L0025,78,ok,25.0,0.0,15.0,60.0,0.0,0.0
32014L0025__articolo__79,32014L0025,32014L0025,79,ok,8.0,0.0,34.0,43.0,15.0,0.0
32014L0025__articolo__80,32014L0025,32014L0025,80,ok,5.0,10.0,15.0,15.0,55.0,0.0
32014L0025__articolo__81,32014L0025,32014L0025,81,ok,5.0,0.0,15.0,45.0,35.0,0.0
32014L0025__articolo__82,32014L0025,32014L0025,82,ok,35.0,5.0,10.0,40.0,10.0,0.0
32014L0025__articolo__83,32014L0025,32014L0025,83,ok,12.0,6.0,14.0,42.0,18.0,8.0
32014L0025__articolo__84,32014L0025,32014L0025,84,ok,5.0,0.0,20.0,45.0,25.0,5.0
32014L0025__articolo__85,32014L0025,32014L0025,85,ok,20.0,15.0,20.0,35.0,5.0,5.0
32014L0025__articolo__86,32014L0025,32014L0025,86,ok,12.0,18.0,25.0,30.0,15.0,0.0
32014L0025__articolo__87,32014L0025,32014L0025,87,ok,7.69,0.0,0.0,69.23,23.08,0.0
32014L0025__articolo__88,32014L0025,32014L0025,88,ok,10.0,12.0,22.0,43.0,13.0,0.0
32014L0025__articolo__89,32014L0025,32014L0025,89,ok,12.0,6.0,58.0,12.0,7.0,5.0
32014L0025__articolo__90,32014L0025,32014L0025,90,ok,20.0,0.0,40.0,25.0,15.0,0.0
32014L0025__articolo__91,32014L0025,32014L0025,91,ok,10.0,55.0,0.0,10.0,25.0,0.0
32014L0025__articolo__92,32014L0025,32014L0025,92,ok,10.0,15.0,15.0,40.0,20.0,0.0
32014L0025__articolo__93,32014L0025,32014L0025,93,ok,55.0,0.0,0.0,45.0,0.0,0.0
32014L0025__articolo__94,32014L0025,32014L0025,94,ok,25.0,20.0,35.0,15.0,5.0,0.0
32014L0025__articolo__95,32014L0025,32014L0025,95,ok,5.0,85.0,0.0,0.0,10.0,0.0
32014L0025__articolo__96,32014L0025,32014L0025,96,ok,5.0,0.0,10.0,60.0,25.0,0.0
32014L0025__articolo__97,32014L0025,32014L0025,97,ok,5.0,10.0,5.0,80.0,0.0,0.0
32014L0025__articolo__98,32014L0025,32014L0025,98,ok,0.0,0.0,0.0,95.0,5.0,0.0
32014L0025__articolo__99,32014L0025,32014L0025,99,ok,10.0,0.0,5.0,70.0,15.0,0.0
32014L0025__articolo__100,32014L0025,32014L0025,100,ok,5.0,0.0,5.0,80.0,10.0,0.0
32014L0025__articolo__101,32014L0025,32014L0025,101,ok,5.0,10.0,0.0,60.0,25.0,0.0
32014L0025__articolo__102,32014L0025,32014L0025,102,ok,35.0,0.0,0.0,40.0,20.0,5.0
32014L0025__articolo__103,32014L0025,32014L0025,103,ok,10.0,0.0,0.0,65.0,25.0,0.0
32014L0025__articolo__104,32014L0025,32014L0025,104,ok,0.0,0.0,20.0,40.0,20.0,20.0
32014L0025__articolo__105,32014L0025,32014L0025,105,ok,5.0,0.0,0.0,20.0,75.0,0.0
32014L0025__articolo__106,32014L0025,32014L0025,106,ok,5.0,0.0,35.0,40.0,15.0,5.0
32014L0025__articolo__107,32014L0025,32014L0025,107,ok,0.0,0.0,0.0,0.0,40.0,60.0
32014L0025__articolo__108,32014L0025,32014L0025,108,ok,10.0,0.0,0.0,45.0,30.0,15.0
32014L0025__articolo__109,32014L0025,32014L0025,109,ok,0.0,0.0,0.0,100.0,0.0,0.0
32014L0025__articolo__110,32014L0025,32014L0025,110,ok,100.0,0.0,0.0,0.0,0.0,0.0
