id,urn,giurisdizione,tipo,anno,numero,titolo,layer_atteso,eu_celex_collegati,fonte_estrazione,fonte_file,n_articoli,n_commi,quality_score,note
dlgs_36_2023,urn:nir:stato:decreto.legislativo:2023-03-31;36,IT,decreto.legislativo,2023,36,"DECRETO LEGISLATIVO



		



		 	



			31

			marzo

			2023, n. 36 Codice dei contratti pubblici in  attuazione  dell'articolo  1  della
legge 21 giugno 2022, n. 78, recante delega al Governo in materia  di
contratti pubblici. (23G00044) note: Entrata in vigore del provvedimento: 01/04/2023 (Ultim",Codice primario,"[""32014L0023"", ""32014L0024"", ""32014L0025""]",pdf_gu,gu_pdf_fresh,489,2725,80,"Codice vigente — recepisce Dir. 2014/23, 2014/24, 2014/25"
dlgs_50_2016,urn:nir:stato:decreto.legislativo:2016-04-18;50,IT,decreto.legislativo,2016,50,"DECRETO LEGISLATIVO



		



		 	



			18

			aprile

			2016, n. 50 ((Codice dei contratti pubblici)) . (16G00062) note: Entrata in vigore del provvedimento: 19/04/2016 (Ultimo aggiornamento all'atto pubblicato il 31/03/2023) (GU n.91 del 19-04-2016 - Suppl. Ordinario n. 10) visualizza atto intero",Codice primario — storico,"[""32014L0023"", ""32014L0024"", ""32014L0025""]",pdf_gu,gu_pdf_fresh,0,0,5,Vecchio codice — contratti in corso e analisi storica
dlgs_163_2006,urn:nir:stato:decreto.legislativo:2006-04-12;163,IT,decreto.legislativo,2006,163,"DECRETO LEGISLATIVO



		



		 	



			12

			aprile

			2006, n. 163 Codice  dei contratti pubblici relativi a lavori, servizi e forniture

in attuazione delle direttive 2004/17/CE e 2004/18/CE. note: Entrata in vigore del decreto: 1-7-2006 (Ultimo aggiornamento all'atto pubblicato il 18/04/2019) ",Codice primario — storico,"[""32004L0017"", ""32004L0018""]",pdf_gu,gu_pdf_fresh,257,1669,100,Primo codice organico — analisi stratificazione normativa
dlgs_209_2024,urn:nir:stato:decreto.legislativo:2024-12-31;209,IT,decreto.legislativo,2024,209,"DECRETO LEGISLATIVO



		



		 	



			31

			dicembre

			2024, n. 209 Disposizioni  integrative  e  correttive  al  codice  dei   contratti
pubblici, di cui  al  decreto  legislativo  31  marzo  2023,  n.  36.
(24G00231) note: Entrata in vigore del provvedimento: 31/12/2024 (GU n.305 del 31-12-20",Correttivo,[],pdf_gu,gu_pdf_fresh,0,0,5,Correttivo al D.Lgs. 36/2023 — dicembre 2024
dlgs_56_2017,urn:nir:stato:decreto.legislativo:2017-04-19;56,IT,decreto.legislativo,2017,56,"DECRETO LEGISLATIVO



		



		 	



			19

			aprile

			2017, n. 56 Disposizioni integrative  e  correttive  al  decreto  legislativo  18
aprile 2016, n. 50. (17G00078) note: Entrata in vigore del provvedimento: 20/05/2017 (GU n.103 del 05-05-2017 - Suppl. Ordinario n. 22) visualizza atto intero",Correttivo,[],pdf_gu,gu_pdf_fresh,131,970,90,Primo correttivo al vecchio codice
l_78_2022,urn:nir:stato:legge:2022-06-21;78,IT,legge,2022,78,"LEGGE



		



		 	



			21

			giugno

			2022, n. 78 Delega al Governo in materia di contratti pubblici. (22G00087) note: Entrata in vigore del provvedimento: 09/07/2022 (GU n.146 del 24-06-2022) visualizza atto intero",Legge delega,[],pdf_gu,gu_pdf_fresh,7,29,60,Delega che ha abilitato il D.Lgs. 36/2023
l_11_2016,urn:nir:stato:legge:2016-01-28;11,IT,legge,2016,11,"LEGGE



		



		 	



			28

			gennaio

			2016, n. 11 Deleghe al  Governo  per  l'attuazione  delle  direttive  2014/23/UE,
2014/24/UE e 2014/25/UE del Parlamento europeo e del  Consiglio,  del
26 febbraio 2014, sull'aggiudicazione dei contratti  di  concessione,
sugli  appalti  pubblici  e  sull",Legge delega,[],pdf_gu,gu_pdf_fresh,71,157,90,Delega che ha abilitato il D.Lgs. 50/2016
dpr_207_2010,urn:nir:stato:decreto.del.presidente.della.repubblica:2010-10-05;207,IT,decreto.del.presidente.della.repubblica,2010,207,"DECRETO DEL PRESIDENTE DELLA REPUBBLICA



		



		 	



			5

			ottobre

			2010, n. 207 Regolamento di esecuzione ed attuazione del  decreto  legislativo  12

aprile 2006, n. 163, recante «Codice dei contratti pubblici  relativi

a  lavori,  servizi  e  forniture  in  attuazione   delle   diretti",Regolamento attuativo,[],pdf_gu,gu_pdf_fresh,0,0,15,"Archetipo livello III: puro dettaglio operativo, zero principi"
l_108_2021,urn:nir:stato:legge:2021-07-29;108,IT,legge,2021,108,"LEGGE



		



		 	



			29

			luglio

			2021, n. 108 Conversione in legge, con modificazioni, del decreto-legge 31  maggio
2021, n. 77, recante governance del  Piano  nazionale  di  ripresa  e
resilienza  e  prime  misure   di   rafforzamento   delle   strutture
amministrative e di  accelerazion",Ibrido atteso,[],pdf_gu,gu_pdf_fresh,122,515,80,PNRR: principi e soglie numeriche operative nello stesso articolo
l_120_2020,urn:nir:stato:legge:2020-09-11;120,IT,legge,2020,120,"LEGGE



		



		 	



			11

			settembre

			2020, n. 120 Conversione in legge, con modificazioni, del decreto-legge 16  luglio
2020,  n.  76,  recante  misure  urgenti  per  la  semplificazione  e
l'innovazione digitale. (20G00139) note: Entrata in vigore del provvedimento: 15/09/2020 (Ultimo agg",Ibrido atteso,[],pdf_gu,gu_pdf_fresh,112,483,80,"Misure urgenti semplificazione appalti: mescola soglie, procedure e principi"
l_55_2019,urn:nir:stato:legge:2019-06-14;55,IT,legge,2019,55,"LEGGE



		



		 	



			14

			giugno

			2019, n. 55 Conversione in legge, con modificazioni, del decreto-legge 18  aprile
2019, n. 32, recante disposizioni urgenti per il rilancio del settore
dei  contratti  pubblici,  per   l'accelerazione   degli   interventi
infrastrutturali,  di  rigenerazio",Ibrido atteso,[],pdf_gu,gu_pdf_fresh,111,397,80,Deroghe temporanee al codice mescolate con norme di principio
l_114_2014,urn:nir:stato:legge:2014-08-11;114,IT,legge,2014,114,"LEGGE



		



		 	



			11

			agosto

			2014, n. 114 Conversione in legge, con modificazioni, del decreto-legge 24  giugno
2014, n. 90, recante misure  urgenti  per  la  semplificazione  e  la
trasparenza  amministrativa   e   per   l'efficienza   degli   uffici
giudiziari. (14G00129) note: Entr",Ibrido atteso,[],pdf_gu,gu_pdf_fresh,71,636,70,Modifica il codice appalti su più livelli nello stesso testo
l_241_1990,urn:nir:stato:legge:1990-08-07;241,IT,legge,1990,241,"LEGGE



		



		 	



			7

			agosto

			1990, n. 241 Nuove norme in materia di procedimento amministrativo e di diritto

di accesso ai documenti amministrativi. note: Entrata in vigore della legge: 2-9-1990 (Ultimo aggiornamento all'atto pubblicato il 19/02/2026) (GU n.192 del 18-08-1990) visuali",Principi generali,[],pdf_gu,gu_pdf_fresh,0,0,0,Richiamata in quasi ogni articolo dei codici appalti
l_190_2012,urn:nir:stato:legge:2012-11-06;190,IT,legge,2012,190,"LEGGE



		



		 	



			6

			novembre

			2012, n. 190 Disposizioni per la prevenzione e la repressione della  corruzione  e
dell'illegalità nella pubblica amministrazione. (12G0213) note: Entrata in vigore del provvedimento: 28/11/2012 (Ultimo aggiornamento all'atto pubblicato il 19/02/2026) (GU",Legge trasversale,[],pdf_gu,gu_pdf_fresh,52,268,90,Obblighi di trasparenza anticorruzione negli appalti
l_90_2024,urn:nir:stato:legge:2024-06-28;90,IT,legge,2024,90,"LEGGE



		



		 	



			28

			giugno

			2024, n. 90 Disposizioni  in  materia  di  rafforzamento   della   cybersicurezza
nazionale e di reati informatici. (24G00108) note: Entrata in vigore del provvedimento: 17/07/2024 (Ultimo aggiornamento all'atto pubblicato il 25/09/2025) (GU n.153 del 02-0",Legge trasversale,[],pdf_gu,gu_pdf_fresh,125,408,90,Obblighi cybersicurezza per appalti ICT e infrastrutture critiche
l_136_2010,urn:nir:stato:legge:2010-08-13;136,IT,legge,2010,136,"LEGGE



		



		 	



			13

			agosto

			2010, n. 136 Piano straordinario contro le mafie, nonchè  delega  al  Governo  in
materia di normativa antimafia. (10G0162) note: Entrata in vigore del provvedimento: 07/09/2010 (Ultimo aggiornamento all'atto pubblicato il 21/09/2011) (GU n.196 del 23-08-2",Legge trasversale,[],pdf_gu,gu_pdf_fresh,92,191,80,Introduce obbligo tracciabilità flussi finanziari negli appalti pubblici
dlgs_33_2013,urn:nir:stato:decreto.legislativo:2013-03-14;33,IT,decreto.legislativo,2013,33,"DECRETO LEGISLATIVO



		



		 	



			14

			marzo

			2013, n. 33 ((Riordino della  disciplina  riguardante  il diritto di accesso civico e gli obblighi di pubblicità,  trasparenza e   diffusione   di   informazioni   da   parte    delle    pubbliche amministrazioni.)) (13G00076) note: Entrata in",Legge trasversale,[],pdf_gu,gu_pdf_fresh,109,540,90,Disciplina la pubblicazione degli atti di gara e dei contratti pubblici
dlgs_97_2016,urn:nir:stato:decreto.legislativo:2016-05-25;97,IT,decreto.legislativo,2016,97,"DECRETO LEGISLATIVO



		



		 	



			25

			maggio

			2016, n. 97 Revisione  e  semplificazione  delle  disposizioni  in   materia   di
prevenzione della corruzione, pubblicità e  trasparenza,  correttivo
della legge 6 novembre 2012, n. 190  e  del  decreto  legislativo  14
marzo 2013, n. 33, ai",Correttivo,[],pdf_gu,gu_pdf_fresh,74,375,80,Correttivo di D.Lgs. 33/2013 e L. 190/2012 — riforma Madia
dlgs_218_2012,urn:nir:stato:decreto.legislativo:2012-11-15;218,IT,decreto.legislativo,2012,218,"DECRETO LEGISLATIVO



		



		 	



			15

			novembre

			2012, n. 218 Disposizioni  integrative  e  correttive  al  decreto  legislativo  6
settembre 2011, n. 159, recante codice delle leggi antimafia e  delle
misure di prevenzione,  nonchè  nuove  disposizioni  in  materia  di
documentazione ant",Correttivo,[],pdf_gu,gu_pdf_fresh,33,151,80,Aggiorna la disciplina della documentazione antimafia negli appalti
dlgs_228_2011,urn:nir:stato:decreto.legislativo:2011-12-29;228,IT,decreto.legislativo,2011,228,"DECRETO LEGISLATIVO



		



		 	



			29

			dicembre

			2011, n. 228 Attuazione dell'articolo 30, comma 9, lettere a), b), c) e  d)  della
legge 31 dicembre 2009, n.  196,  in  materia  di  valutazione  degli
investimenti relativi ad opere pubbliche. (12G0015) note: Entrata in vigore del provved",Regolamento attuativo,[],pdf_gu,gu_pdf_fresh,37,168,70,Introduce procedure di valutazione ex ante dei grandi appalti pubblici
dlgs_229_2011,urn:nir:stato:decreto.legislativo:2011-12-29;229,IT,decreto.legislativo,2011,229,"DECRETO LEGISLATIVO



		



		 	



			29

			dicembre

			2011, n. 229 Attuazione dell'articolo 30, comma 9, lettere  e),  f)  e  g),  della
legge  31  dicembre  2009,  n.  196,  in  materia  di  procedure   di
monitoraggio sullo stato di  attuazione  delle  opere  pubbliche,  di
verifica  dell'ut",Regolamento attuativo,[],pdf_gu,gu_pdf_fresh,37,168,70,Sistema di monitoraggio fisico-finanziario dei contratti pubblici
dlgs_59_2010,urn:nir:stato:decreto.legislativo:2010-03-26;59,IT,decreto.legislativo,2010,59,"DECRETO LEGISLATIVO



		



		 	



			26

			marzo

			2010, n. 59 Attuazione  della  direttiva  2006/123/CE  relativa  ai servizi nel
mercato interno. (10G0080) note: Entrata in vigore del provvedimento: 8/5/2010 (Ultimo aggiornamento all'atto pubblicato il 30/12/2023) (GU n.94 del 23-04-2010 - S",Codice primario — storico,"[""32006L0123""]",pdf_gu,gu_pdf_fresh,0,0,5,Recepisce la Direttiva Bolkestein — rilevante per concessioni di servizi
